student_id,study_hours,attendance_percentage,internet_access,extra_activities,math_score,science_score,english_score,overall_score,final_grade
1,3.1,84.3,yes,yes,42.7,55.4,57.0,53.1,E
2,3.7,87.8,yes,no,57.6,68.8,64.8,61.3,D
3,7.9,65.5,no,no,84.8,95.0,79.2,89.6,B
4,1.1,58.1,no,no,44.4,27.5,54.7,41.6,E
5,1.3,61.0,yes,yes,8.9,32.7,30.0,25.4,F
6,3.8,69.6,yes,yes,51.5,78.3,63.9,63.5,D
7,1.8,81.6,yes,no,41.9,29.4,39.2,39.1,F
8,5.6,59.4,yes,yes,56.7,60.1,53.4,69.6,D
9,3.2,89.6,yes,yes,54.1,59.5,38.3,55.2,D
10,6.8,62.4,yes,no,71.9,70.4,81.3,69.6,D
11,6.1,90.5,yes,no,75.4,82.7,70.8,77.5,C
12,4.0,96.2,yes,yes,62.0,54.7,58.0,65.0,D
13,6.8,58.2,yes,no,75.1,80.5,56.2,73.6,C
14,1.3,95.9,yes,yes,33.6,26.8,50.0,42.5,E
15,4.9,85.3,yes,no,88.1,66.1,70.3,69.3,D
16,5.0,94.4,yes,yes,66.4,76.9,76.1,73.7,C
17,2.3,67.3,yes,yes,63.1,46.3,57.1,53.5,E
19,4.5,73.8,yes,yes,38.7,69.9,58.3,59.2,D
20,4.4,59.5,yes,no,49.9,53.9,60.4,61.9,D
21,5.4,99.8,yes,no,84.9,77.6,77.6,81.3,C
22,2.1,97.4,yes,yes,76.7,31.9,39.3,55.0,D
23,1.8,56.2,no,yes,41.3,35.2,19.9,33.5,F
24,7.8,72.8,yes,yes,100.0,100.0,100.0,94.6,B
25,1.4,99.3,yes,no,38.9,31.2,57.3,41.4,E
26,8.0,77.4,yes,no,100.0,87.7,69.3,92.5,B
27,5.9,74.9,yes,no,94.6,92.8,86.9,82.5,C
28,5.2,59.8,yes,yes,42.9,89.9,63.4,75.4,C
29,3.0,71.0,yes,no,40.5,44.5,68.1,45.1,E
30,7.0,74.9,yes,yes,76.1,73.5,71.7,82.6,C
31,7.3,85.7,yes,yes,79.6,86.0,95.4,90.4,B
32,5.9,72.5,yes,yes,79.3,82.5,77.4,77.1,C
33,5.8,81.7,yes,yes,94.5,72.1,84.8,78.8,C
34,4.2,55.1,no,no,60.5,57.4,72.9,62.2,D
35,1.1,88.2,yes,no,39.8,39.6,36.5,46.9,E
36,8.0,50.2,yes,no,93.1,99.8,100.0,90.4,B
37,0.6,82.1,yes,no,45.9,43.5,35.0,42.0,E
38,4.2,91.3,yes,no,82.4,73.5,61.7,79.0,C
39,3.3,88.3,yes,yes,53.5,67.4,61.7,66.5,D
40,6.3,57.4,yes,yes,78.1,70.0,63.8,65.4,D
41,6.0,92.2,yes,yes,72.8,72.5,100.0,88.7,B
42,5.2,54.0,yes,yes,42.8,58.2,60.1,53.9,E
43,1.1,53.3,yes,no,31.4,36.4,29.0,23.7,F
44,2.3,91.1,yes,no,76.4,56.2,56.4,63.6,D
45,1.2,59.1,yes,no,37.5,35.0,54.0,42.3,E
46,7.8,72.4,yes,no,77.3,94.5,88.0,83.5,C
47,1.5,96.8,yes,no,42.4,29.9,53.9,48.7,E
48,7.8,60.4,yes,yes,85.1,100.0,100.0,96.3,A
49,1.3,89.0,yes,yes,31.5,26.9,32.6,37.5,F
50,7.0,79.2,no,no,86.6,91.1,100.0,95.9,A
51,4.8,70.3,yes,yes,66.9,66.7,82.8,76.2,C
52,6.7,73.0,yes,no,87.1,78.6,99.8,90.4,B
53,5.3,70.5,yes,yes,77.9,80.5,79.9,77.0,C
54,6.3,91.4,no,yes,95.8,93.3,85.2,88.4,B
55,6.0,90.7,yes,yes,91.9,85.6,100.0,92.5,B
56,2.5,68.7,yes,no,39.3,25.2,39.2,39.5,F
57,7.5,84.9,no,yes,83.4,81.5,79.5,86.2,B
58,5.3,76.6,yes,no,67.8,81.5,67.3,76.9,C
59,2.0,87.4,yes,no,39.8,40.9,59.9,41.1,E
60,2.8,52.5,yes,yes,51.3,48.7,53.4,46.2,E
61,4.5,66.8,yes,no,69.7,61.7,53.0,65.1,D
62,7.1,66.8,yes,no,78.9,63.1,83.9,85.8,B
63,6.5,79.8,yes,yes,76.1,61.2,76.7,77.4,C
64,2.8,60.4,yes,yes,62.7,65.5,47.6,54.9,E
65,5.7,76.6,yes,no,84.1,83.3,88.2,80.9,C
66,0.5,99.0,yes,no,32.1,28.5,38.0,39.2,F
67,3.0,52.2,yes,yes,33.8,45.9,47.3,46.9,E
68,6.8,75.2,no,yes,57.3,100.0,71.8,82.4,C
69,1.6,56.9,yes,yes,54.0,34.8,35.3,40.8,E
70,3.2,79.1,yes,no,80.1,57.2,47.2,57.1,D
71,0.5,62.0,no,no,32.0,30.9,51.4,24.6,F
72,0.7,95.1,yes,yes,41.4,43.6,23.8,50.0,E
73,1.6,65.9,yes,yes,33.9,62.8,30.7,37.1,F
74,1.3,97.9,yes,yes,53.1,58.0,59.5,59.5,D
75,4.2,50.2,no,yes,48.3,63.2,46.5,51.5,E
76,7.3,91.6,yes,yes,99.6,100.0,99.1,96.4,A
77,1.1,63.1,no,yes,36.6,40.0,23.7,32.0,F
78,7.0,60.1,yes,yes,71.2,87.5,84.0,80.7,C
79,5.5,94.2,yes,yes,94.7,75.8,100.0,91.5,B
80,1.8,65.2,no,no,5.9,19.0,12.8,32.7,F
81,2.7,79.2,yes,yes,74.0,75.2,54.3,59.6,D
82,2.0,86.8,yes,no,44.8,48.9,54.0,58.5,D
83,6.4,71.0,yes,no,83.6,100.0,98.5,83.0,C
84,5.9,55.1,no,no,74.1,55.2,72.0,69.1,D
85,2.8,96.1,yes,yes,63.8,57.9,53.0,61.7,D
86,0.9,82.4,yes,no,49.0,45.7,45.0,43.9,E
87,1.8,94.6,yes,yes,74.3,57.7,46.7,61.3,D
88,5.2,88.4,no,yes,67.7,81.7,89.5,73.9,C
89,1.2,88.7,no,yes,55.6,73.1,57.4,53.4,E
90,4.5,79.5,yes,no,57.0,56.1,62.6,63.4,D
91,5.1,50.3,yes,no,71.3,50.2,63.1,59.9,D
92,5.7,94.1,yes,yes,80.5,86.2,79.4,82.0,C
93,1.4,91.5,yes,yes,40.0,46.1,31.2,41.3,E
94,3.9,86.4,no,no,57.3,49.7,54.7,59.5,D
95,4.0,93.9,yes,no,80.2,93.9,87.6,76.8,C
96,6.8,59.2,yes,no,86.9,79.9,88.2,87.9,B
97,4.0,64.1,yes,yes,65.6,73.9,70.1,66.6,D
98,3.6,57.9,yes,no,42.3,46.6,57.5,46.2,E
99,1.4,82.3,yes,no,37.2,50.4,48.3,39.9,F
100,5.7,71.9,no,no,67.8,57.0,61.6,66.9,D
101,5.1,55.1,yes,yes,76.8,73.0,74.8,66.8,D
102,5.9,78.8,yes,yes,72.3,48.8,70.5,68.8,D
103,5.4,66.9,yes,yes,68.7,72.3,64.8,73.5,C
104,7.1,74.5,yes,no,77.9,75.6,89.0,81.9,C
105,7.1,63.1,yes,yes,100.0,90.8,96.0,86.4,B
106,2.8,58.1,yes,no,24.0,58.0,23.3,39.3,F
107,1.9,72.5,yes,yes,39.3,44.8,42.7,52.9,E
108,7.4,61.3,no,yes,68.3,78.7,66.9,75.9,C
109,5.8,70.3,yes,no,71.6,60.4,85.2,65.2,D
110,7.8,69.1,no,no,73.4,96.5,74.7,82.4,C
111,4.2,97.0,yes,yes,58.0,71.2,49.0,67.3,D
112,7.7,59.3,yes,yes,98.5,85.1,76.7,88.9,B
113,1.4,64.3,yes,no,21.1,43.7,43.6,35.7,F
114,4.9,89.6,yes,yes,81.1,63.6,67.7,74.2,C
115,4.2,64.8,yes,yes,73.7,64.0,52.8,61.3,D
116,0.5,74.0,yes,no,44.4,35.1,20.1,37.1,F
117,1.9,88.1,yes,no,57.0,61.8,63.6,54.8,E
118,1.7,50.2,no,yes,39.2,12.8,40.9,32.1,F
119,1.0,97.8,yes,yes,65.9,32.0,41.9,39.6,F
120,7.6,73.1,yes,no,82.3,79.1,72.6,81.9,C
121,7.7,88.0,yes,no,92.4,76.4,86.1,92.0,B
122,7.2,96.0,yes,no,100.0,71.6,83.4,89.4,B
123,7.9,93.8,yes,yes,92.7,100.0,95.8,98.4,A
124,6.7,61.0,yes,no,85.3,86.2,80.0,87.8,B
125,7.5,77.8,no,no,100.0,100.0,76.9,87.1,B
126,2.0,70.5,no,no,62.7,52.9,52.8,53.1,E
127,2.4,76.6,no,no,40.3,64.6,67.1,52.7,E
128,7.0,89.0,yes,no,83.8,71.4,71.2,82.6,C
129,4.1,67.7,yes,no,72.3,71.7,66.9,65.0,D
130,5.9,73.9,yes,yes,80.4,66.8,92.5,81.1,C
131,4.7,80.4,yes,yes,72.7,78.1,75.3,73.8,C
132,2.8,63.5,yes,no,27.5,63.3,41.9,40.6,E
133,2.6,80.3,yes,yes,49.8,39.9,35.2,43.3,E
134,6.1,57.4,yes,no,99.2,81.5,86.3,78.3,C
135,4.5,81.1,yes,no,77.4,70.7,84.0,73.4,C
136,3.2,57.2,yes,yes,59.8,53.9,63.5,50.1,E
137,5.1,88.8,no,yes,72.8,80.9,87.6,81.6,C
138,3.6,59.7,no,no,43.6,78.1,50.4,54.2,E
139,4.1,82.3,yes,no,59.7,71.3,67.0,67.6,D
140,5.6,79.1,yes,yes,88.7,76.9,76.4,85.7,B
141,3.9,71.3,yes,no,53.8,46.4,54.2,52.6,E
142,7.6,82.3,yes,yes,73.5,100.0,92.8,89.7,B
143,4.1,92.3,yes,yes,58.5,59.0,66.5,62.0,D
144,7.7,56.0,yes,no,79.1,91.3,92.0,78.7,C
145,6.9,83.8,no,no,99.1,100.0,96.2,95.6,A
146,7.2,70.5,yes,yes,90.9,86.7,82.9,90.2,B
147,6.2,83.7,no,yes,93.3,78.5,82.8,84.5,C
148,5.0,93.8,yes,yes,58.1,77.1,74.9,71.7,C
149,4.5,82.6,yes,yes,87.0,58.0,76.3,68.7,D
150,4.6,58.0,yes,no,41.0,73.1,57.3,61.2,D
151,2.0,70.8,yes,no,47.8,30.8,32.8,36.9,F
152,2.1,77.5,yes,no,52.8,37.9,45.6,39.3,F
153,0.8,56.3,yes,no,12.8,26.2,14.7,22.6,F
154,6.1,82.2,yes,yes,100.0,91.6,92.1,87.5,B
155,1.4,85.7,yes,yes,45.4,37.1,55.7,46.8,E
156,4.9,88.1,yes,no,75.8,57.7,77.6,77.5,C
157,1.5,56.0,yes,no,35.6,20.4,33.1,26.5,F
158,1.0,85.3,no,no,39.8,41.5,27.9,38.4,F
159,4.5,68.3,yes,no,53.4,67.8,55.6,58.1,D
160,7.0,60.6,yes,yes,82.7,71.7,77.0,86.0,B
161,3.2,76.2,no,no,51.0,48.2,54.2,48.9,E
162,7.4,78.6,yes,no,80.1,69.3,61.2,86.0,B
163,0.6,72.8,yes,yes,43.3,13.9,45.8,37.8,F
164,4.0,92.0,yes,yes,67.0,93.9,65.3,71.9,C
165,1.6,57.8,no,yes,39.0,38.4,35.6,43.4,E
166,2.9,70.4,yes,no,54.1,59.9,70.7,58.3,D
167,0.7,63.4,yes,no,18.0,45.5,36.2,37.8,F
168,0.8,52.4,yes,no,29.6,50.3,27.8,32.4,F
169,5.8,67.0,yes,yes,70.4,64.0,69.2,66.2,D
170,5.4,85.9,yes,no,95.2,71.2,80.1,78.4,C
171,2.1,76.2,no,no,54.8,33.5,38.2,39.6,F
172,7.3,70.9,yes,yes,86.9,84.2,97.3,86.7,B
173,5.7,73.7,yes,no,80.7,80.6,58.2,80.8,C
174,3.0,65.6,yes,yes,43.7,50.5,39.8,50.5,E
175,3.6,56.1,yes,no,55.8,42.0,37.8,48.2,E
176,2.7,79.5,yes,no,50.8,52.3,79.3,63.4,D
177,6.7,90.8,yes,no,77.3,100.0,99.8,86.1,B
178,4.2,89.5,yes,yes,48.0,62.7,64.5,63.1,D
179,1.5,61.7,yes,no,35.8,28.0,36.3,36.9,F
180,2.0,71.7,yes,yes,45.7,24.3,40.3,43.7,E
181,2.7,77.6,yes,yes,38.0,51.5,59.8,49.5,E
182,3.5,90.1,yes,yes,49.9,56.9,47.5,59.5,D
183,4.9,59.8,yes,no,78.7,64.1,81.9,73.0,C
184,7.7,56.6,yes,no,79.1,89.3,98.0,81.5,C
185,2.5,96.6,yes,no,50.3,47.4,61.8,59.7,D
186,3.0,57.3,no,yes,32.5,39.6,41.6,38.6,F
187,0.7,99.5,yes,no,51.7,49.6,46.3,44.7,E
188,3.3,79.9,yes,yes,64.3,47.5,54.3,58.4,D
189,5.6,74.9,yes,no,70.4,72.9,55.4,71.8,C
190,7.7,59.4,yes,no,65.5,73.4,77.6,76.1,C
191,6.1,93.0,yes,no,73.9,92.3,80.2,86.6,B
192,1.4,58.6,yes,no,7.6,32.8,16.7,25.5,F
193,7.2,70.1,yes,yes,71.1,55.2,78.0,80.1,C
194,6.8,52.4,yes,no,90.4,88.5,91.3,84.1,C
195,1.9,51.1,yes,yes,24.7,36.9,36.8,32.5,F
196,7.5,86.5,yes,no,82.8,100.0,96.6,93.0,B
197,5.9,60.4,yes,yes,62.6,78.9,78.5,71.9,C
198,6.4,80.0,yes,yes,86.3,92.6,94.7,90.7,B
199,3.9,86.2,yes,yes,71.3,56.8,69.7,60.9,D
200,2.0,74.6,yes,no,45.7,43.3,65.7,54.9,E
201,6.5,82.8,yes,yes,84.0,93.9,98.9,90.0,B
202,4.1,62.1,yes,no,38.3,44.0,43.1,50.1,E
203,7.8,90.9,yes,no,100.0,92.8,100.0,100.0,A
204,1.7,60.3,yes,yes,41.8,40.5,37.8,42.2,E
205,3.2,79.5,yes,yes,45.8,63.5,50.2,59.9,D
206,6.0,91.8,yes,no,72.1,93.0,76.3,82.7,C
207,4.8,89.7,yes,no,84.1,82.3,71.1,80.2,C
208,3.7,52.6,yes,yes,68.6,60.5,66.4,57.8,D
209,5.8,68.4,yes,yes,58.9,61.4,67.7,65.2,D
210,6.0,92.6,yes,yes,89.1,77.9,93.2,82.5,C
211,4.8,92.5,yes,yes,79.9,73.5,86.9,76.2,C
212,2.9,81.8,yes,yes,84.3,67.5,64.3,65.5,D
213,5.1,55.4,no,no,52.9,50.8,69.7,62.8,D
214,4.6,70.2,yes,no,79.3,51.6,47.3,61.4,D
215,6.5,98.1,yes,yes,90.9,92.9,74.5,83.2,C
216,5.4,55.3,yes,yes,58.4,68.2,52.9,67.5,D
217,4.2,90.1,yes,no,82.4,48.1,66.6,75.7,C
218,0.6,70.9,yes,no,35.3,47.9,35.1,43.0,E
219,1.8,87.2,no,no,54.4,52.6,46.8,52.1,E
220,3.0,52.7,yes,no,53.2,49.2,42.7,47.3,E
221,5.0,50.5,yes,no,55.3,61.3,54.4,61.5,D
222,6.4,65.0,yes,yes,100.0,99.3,71.5,82.4,C
223,7.7,93.5,yes,no,99.0,98.9,100.0,99.1,A
224,5.0,84.0,yes,no,69.6,45.8,67.5,69.1,D
225,6.0,80.6,yes,yes,85.5,91.5,82.8,77.4,C
226,5.2,99.9,yes,yes,93.0,95.9,78.3,85.6,B
227,3.7,67.4,yes,no,72.0,56.3,52.6,63.1,D
228,5.1,92.5,no,no,87.3,74.9,90.4,80.2,C
229,3.5,55.5,no,no,76.3,64.3,66.4,54.8,E
230,3.9,58.5,yes,yes,47.1,71.6,47.1,44.6,E
231,7.3,73.9,yes,no,99.2,100.0,96.2,97.2,A
232,4.7,98.0,yes,no,83.9,63.3,86.5,70.5,C
233,1.3,85.2,yes,yes,39.8,46.2,50.7,39.7,F
234,4.4,55.6,yes,no,41.0,45.5,50.3,52.6,E
235,7.6,97.7,yes,yes,90.5,87.7,85.7,95.5,A
236,1.3,88.3,yes,no,34.5,37.6,53.8,39.4,F
237,7.8,86.8,no,no,100.0,95.5,63.0,87.6,B
238,7.9,77.6,yes,no,92.3,100.0,99.0,100.0,A
239,4.7,69.7,yes,no,51.8,50.2,59.2,63.7,D
240,3.0,55.5,yes,yes,47.9,32.7,32.3,39.2,F
241,0.6,81.0,yes,no,56.6,19.4,28.1,36.1,F
242,0.6,56.4,yes,yes,14.4,39.3,27.5,28.6,F
243,3.4,79.5,no,no,85.1,67.8,74.7,64.0,D
244,6.4,77.0,yes,no,72.7,86.0,73.9,82.2,C
245,7.6,79.8,no,yes,77.5,95.8,100.0,95.8,A
246,1.7,91.3,yes,yes,29.1,46.6,40.8,44.0,E
247,4.2,70.6,yes,no,69.7,71.9,55.9,69.1,D
248,4.3,71.8,yes,no,66.0,73.7,62.2,70.3,C
249,3.4,53.0,yes,no,39.1,31.6,34.5,40.0,E
250,4.5,64.4,yes,no,53.7,68.1,54.1,59.2,D
251,7.4,54.1,yes,no,74.3,99.7,76.5,87.5,B
252,3.8,57.1,yes,yes,55.5,51.3,55.0,48.8,E
253,1.5,71.3,yes,yes,27.0,30.2,38.5,32.5,F
254,5.5,70.4,no,yes,74.5,82.2,61.5,63.2,D
255,0.7,96.8,yes,no,45.0,45.6,26.8,38.2,F
256,7.6,56.0,yes,no,74.0,61.4,71.1,77.6,C
257,7.5,57.5,no,no,82.6,94.5,88.1,87.9,B
258,1.2,87.5,yes,yes,13.5,46.3,21.7,34.9,F
259,4.6,51.1,yes,yes,66.7,56.7,45.3,58.4,D
260,6.5,82.5,yes,no,95.2,80.5,90.3,93.4,B
261,4.0,87.4,yes,yes,80.5,88.2,60.3,75.8,C
262,4.1,81.4,yes,no,58.2,70.5,74.0,67.4,D
263,7.8,64.4,no,no,86.2,98.5,87.4,86.1,B
264,2.2,55.2,yes,no,23.7,38.5,49.4,36.2,F
265,4.4,99.7,yes,no,65.3,58.8,63.1,75.7,C
266,1.4,93.0,yes,no,68.4,62.7,48.3,55.3,D
267,2.8,86.5,yes,no,48.2,58.7,59.4,51.8,E
268,6.9,59.4,yes,yes,71.0,63.0,80.2,72.6,C
269,5.9,71.5,no,no,54.6,94.8,53.4,69.4,D
270,5.1,85.5,yes,yes,65.1,65.8,90.1,74.9,C
271,1.4,55.1,yes,no,18.7,23.0,22.3,30.2,F
272,6.9,97.9,yes,no,96.9,100.0,100.0,100.0,A
273,2.7,97.8,yes,no,52.3,45.4,56.2,58.8,D
274,4.5,57.5,yes,yes,58.8,61.4,71.0,62.3,D
275,2.3,59.9,yes,no,54.4,42.4,28.0,49.2,E
276,4.4,68.2,yes,no,83.2,68.8,100.0,69.0,D
277,4.7,72.5,yes,no,64.8,50.3,60.1,60.3,D
278,3.1,72.0,yes,yes,47.6,78.2,71.2,58.1,D
279,4.3,84.4,yes,no,57.5,61.8,71.5,70.7,C
280,3.5,73.5,yes,yes,46.4,64.0,60.3,56.5,D
281,5.7,59.2,yes,no,77.3,61.5,85.9,75.9,C
282,4.6,63.1,yes,no,69.4,57.6,76.9,59.3,D
283,7.1,70.6,yes,no,85.8,89.6,76.3,76.3,C
284,0.9,76.0,yes,yes,48.7,29.6,44.1,28.0,F
285,0.7,96.2,yes,yes,45.7,60.1,47.1,46.8,E
286,1.9,54.8,yes,no,31.0,34.5,42.5,36.4,F
287,1.4,90.2,yes,no,52.0,59.2,54.9,52.6,E
288,4.4,65.5,yes,yes,51.0,71.4,71.4,69.3,D
289,2.0,86.4,no,yes,53.0,43.5,51.0,53.1,E
290,0.6,62.9,yes,yes,27.4,42.7,27.9,31.0,F
291,2.6,69.3,yes,no,30.1,34.0,40.5,42.2,E
292,4.3,72.2,no,yes,77.4,69.3,74.3,64.6,D
293,5.9,87.5,no,yes,74.9,80.7,94.4,82.4,C
294,3.8,58.3,yes,no,50.9,59.1,36.1,55.9,D
295,7.7,67.3,yes,no,72.7,88.8,84.2,88.3,B
296,2.0,76.4,yes,no,49.5,68.7,30.6,48.0,E
297,4.4,82.9,yes,yes,92.9,80.7,75.3,73.4,C
298,2.4,53.8,yes,yes,50.5,44.9,35.6,48.5,E
299,6.6,54.7,yes,no,86.0,73.1,62.7,75.1,C
300,1.9,85.9,yes,no,50.1,56.8,53.5,56.7,D
301,7.7,68.3,yes,yes,97.5,86.9,75.7,90.9,B
302,5.9,58.3,yes,no,60.0,54.9,73.2,67.6,D
303,4.7,63.2,yes,no,49.6,80.9,62.2,60.2,D
304,4.5,79.9,no,yes,77.5,82.6,65.9,73.2,C
305,3.2,97.7,yes,no,78.4,57.8,69.0,64.3,D
306,0.7,86.6,yes,yes,37.1,48.0,41.5,45.8,E
307,7.4,89.9,yes,no,99.7,100.0,97.4,96.6,A
308,6.5,80.4,yes,no,55.3,70.7,100.0,75.0,C
309,1.5,68.6,yes,yes,28.2,21.1,36.6,39.1,F
310,1.4,98.1,yes,no,76.3,42.1,51.3,50.3,E
311,2.8,54.1,no,yes,43.4,36.5,55.7,48.2,E
312,6.2,90.4,no,no,85.3,91.1,100.0,91.6,B
313,4.3,62.9,yes,yes,58.2,38.9,45.7,51.9,E
314,5.4,80.4,yes,no,67.0,86.2,73.8,77.7,C
315,0.5,99.1,yes,yes,53.7,49.6,53.2,47.6,E
316,7.4,92.1,yes,yes,100.0,100.0,95.4,100.0,A
317,1.7,92.5,yes,yes,47.1,56.5,53.0,50.5,E
318,2.9,91.2,yes,no,65.0,39.6,70.0,50.5,E
319,7.6,72.7,yes,no,65.5,59.2,78.9,81.4,C
320,6.0,69.7,yes,yes,70.7,82.9,69.9,74.5,C
321,4.3,75.9,yes,yes,82.4,62.1,87.3,69.2,D
322,7.0,64.3,yes,no,100.0,97.6,86.0,90.7,B
323,1.0,73.9,yes,yes,30.4,33.8,38.1,35.1,F
324,1.1,56.3,yes,no,27.3,36.1,15.1,34.1,F
325,1.7,94.6,yes,no,58.1,65.2,62.3,55.8,D
326,2.5,86.8,yes,yes,26.4,38.4,48.7,46.2,E
327,5.8,53.1,yes,yes,68.2,60.8,53.2,68.1,D
328,4.5,83.0,yes,yes,63.5,74.2,60.4,60.8,D
329,3.7,87.9,yes,yes,56.4,73.4,73.7,64.1,D
330,6.4,93.1,yes,yes,95.9,100.0,90.5,96.0,A
331,2.9,66.5,yes,no,55.8,42.3,50.6,55.8,D
332,1.1,81.5,no,yes,30.2,43.0,56.8,45.1,E
333,3.5,63.8,no,no,60.9,51.2,61.0,61.6,D
334,6.2,92.4,yes,yes,68.4,76.2,89.4,82.6,C
335,4.1,93.8,no,yes,62.8,61.3,81.9,69.4,D
336,7.8,53.8,no,yes,74.4,69.1,71.1,79.6,C
337,6.9,64.3,yes,yes,92.7,77.4,69.6,77.6,C
338,6.4,55.1,yes,yes,85.0,67.5,80.0,76.4,C
339,6.3,69.9,yes,no,97.2,77.2,73.8,81.9,C
340,4.9,50.3,no,no,45.7,43.3,51.7,51.8,E
341,7.3,89.1,yes,no,97.1,100.0,100.0,100.0,A
342,4.9,71.6,yes,yes,65.5,65.2,70.4,62.9,D
343,3.3,76.7,yes,yes,52.9,56.9,48.7,51.9,E
344,2.0,87.1,no,yes,59.1,46.6,65.7,47.9,E
345,6.6,85.6,yes,no,91.5,84.4,100.0,84.7,C
346,3.3,65.7,yes,yes,65.0,58.1,47.6,55.8,D
347,6.4,89.1,yes,no,87.8,100.0,100.0,90.6,B
348,7.9,82.0,yes,no,100.0,100.0,93.9,99.6,A
349,3.5,60.9,yes,yes,48.2,54.1,38.2,53.1,E
350,3.1,51.5,yes,no,64.0,30.7,41.0,40.1,E
351,1.8,87.8,yes,no,41.3,51.2,49.3,44.4,E
352,4.1,58.3,yes,yes,66.5,60.4,59.6,65.1,D
353,5.4,55.6,yes,yes,66.6,54.5,56.5,58.9,D
354,2.8,71.0,yes,no,73.9,48.0,57.2,49.9,E
355,4.1,96.1,no,yes,88.3,79.0,60.4,77.6,C
356,4.5,85.9,yes,no,62.3,80.5,69.6,70.8,C
357,2.6,89.9,yes,no,76.6,56.0,53.7,65.9,D
358,0.7,63.5,yes,yes,24.5,45.8,35.5,40.4,E
359,2.1,91.8,no,yes,55.1,57.3,76.4,60.3,D
360,6.5,70.8,no,yes,70.7,100.0,81.5,78.5,C
361,2.6,99.0,yes,no,63.3,66.1,91.2,67.5,D
362,0.6,78.5,yes,no,47.8,50.8,34.7,40.0,E
363,3.7,80.3,yes,no,80.4,86.9,81.8,69.4,D
364,5.6,95.8,yes,no,90.7,68.2,87.4,78.2,C
365,6.1,97.4,yes,no,74.6,79.5,62.7,79.7,C
366,3.6,50.9,yes,no,35.7,55.2,44.2,50.2,E
367,4.8,61.6,yes,yes,67.2,53.4,76.5,62.3,D
368,6.1,80.7,yes,yes,85.1,78.8,87.3,82.9,C
369,7.2,50.2,yes,yes,67.1,82.3,77.3,85.1,B
370,5.3,65.9,yes,yes,71.9,83.5,58.9,75.5,C
371,5.7,59.8,yes,no,50.7,77.3,42.1,61.0,D
372,1.2,76.2,yes,yes,11.7,31.3,41.9,33.1,F
373,3.7,79.9,no,no,66.8,55.7,53.7,65.3,D
374,7.2,59.5,yes,yes,75.7,100.0,98.7,82.2,C
375,1.7,76.8,yes,no,31.5,43.5,47.9,37.8,F
376,2.8,69.8,yes,no,41.5,48.7,14.4,40.8,E
377,5.6,99.5,yes,yes,61.0,63.7,85.1,80.5,C
378,7.3,53.3,yes,yes,63.6,58.7,67.7,74.8,C
379,0.9,92.0,no,yes,38.7,32.7,35.0,36.3,F
380,7.0,100.0,yes,no,100.0,100.0,100.0,100.0,A
381,2.2,77.1,yes,no,70.5,57.3,54.6,57.0,D
382,7.0,84.0,yes,no,85.2,77.0,86.5,83.1,C
383,7.2,56.4,yes,no,89.5,72.6,71.4,83.7,C
384,6.3,67.5,yes,no,83.8,91.4,91.5,82.9,C
385,7.4,59.1,yes,no,91.7,88.2,66.9,83.0,C
386,7.7,79.2,yes,no,81.9,87.0,90.2,93.4,B
387,7.4,97.1,yes,no,86.6,92.9,90.5,93.7,B
388,4.3,51.5,yes,no,58.1,50.9,74.3,59.2,D
389,4.0,74.7,yes,no,51.9,43.5,40.9,52.0,E
390,1.3,86.2,yes,yes,33.2,47.7,49.0,45.7,E
391,2.1,71.5,no,yes,27.5,63.8,50.8,43.5,E
392,5.4,76.9,yes,no,71.6,83.8,88.4,80.8,C
393,1.5,72.6,yes,no,40.5,53.8,45.1,47.9,E
394,7.6,79.9,yes,no,97.5,91.6,100.0,94.3,B
395,2.2,53.4,yes,no,14.0,32.5,49.1,34.9,F
396,1.2,77.3,yes,no,65.3,48.5,34.6,42.4,E
397,2.3,75.6,yes,no,41.5,52.7,46.8,50.4,E
398,0.9,59.1,yes,yes,15.7,37.5,32.7,32.1,F
399,1.7,76.7,yes,no,30.1,32.0,35.4,43.8,E
400,4.9,73.2,yes,yes,60.0,60.3,77.5,61.5,D
401,2.7,79.7,yes,no,45.4,54.9,52.5,55.0,E
402,6.5,78.2,yes,yes,78.6,86.6,78.4,80.6,C
403,3.5,70.2,yes,yes,51.9,59.7,46.0,56.1,D
404,5.9,89.1,no,yes,89.1,81.1,92.8,88.2,B
405,5.8,67.9,yes,no,74.9,87.5,83.6,76.2,C
406,1.5,73.7,yes,yes,52.6,62.2,36.5,48.6,E
407,0.9,71.3,yes,yes,48.3,26.2,38.3,31.9,F
408,6.8,74.3,no,no,77.4,71.8,89.9,81.6,C
409,5.8,90.0,yes,no,69.3,73.0,83.0,79.9,C
410,1.8,85.5,yes,yes,50.1,34.4,31.9,41.0,E
411,5.6,52.1,yes,yes,62.1,58.2,55.2,58.3,D
412,3.0,74.7,yes,yes,60.0,71.7,45.2,61.2,D
413,0.9,56.2,yes,yes,40.0,37.3,24.3,38.3,F
414,2.2,86.5,yes,yes,39.3,56.9,53.2,44.9,E
415,6.2,99.3,yes,no,94.2,97.4,95.1,80.8,C
416,3.4,80.9,yes,no,64.4,65.3,51.6,55.1,D
417,4.6,69.0,yes,no,72.9,80.2,76.2,70.4,C
418,1.5,53.6,no,yes,34.3,46.6,31.7,37.6,F
419,1.2,66.6,yes,no,28.2,46.6,45.0,45.9,E
420,2.3,76.3,yes,no,66.5,47.9,62.9,58.8,D
421,4.0,94.0,yes,yes,66.7,77.4,71.0,65.9,D
422,6.9,75.6,yes,yes,90.1,89.0,76.0,80.4,C
423,6.2,99.2,yes,yes,67.3,67.6,89.8,81.6,C
424,1.7,68.5,yes,no,39.7,39.4,29.3,41.3,E
425,1.0,50.0,yes,yes,32.0,34.4,49.2,34.5,F
426,2.2,81.4,yes,yes,36.0,50.8,46.0,54.8,E
427,6.9,61.0,yes,yes,58.8,83.5,79.5,73.9,C
428,4.4,62.2,no,no,60.8,66.3,42.9,58.1,D
429,6.6,50.9,yes,no,100.0,86.2,67.1,79.1,C
430,3.3,76.6,yes,yes,66.8,52.0,37.1,54.0,E
431,4.9,62.4,no,no,42.2,53.0,47.2,60.4,D
432,5.0,99.7,yes,yes,87.3,98.0,97.2,85.4,B
433,5.2,91.8,yes,yes,69.8,68.0,73.5,76.9,C
434,4.0,86.1,yes,yes,63.2,42.4,62.8,56.7,D
435,2.3,67.7,yes,no,53.8,50.8,58.3,52.6,E
436,3.7,53.6,no,no,52.9,57.7,65.6,59.2,D
437,7.8,83.4,yes,no,100.0,100.0,100.0,100.0,A
438,2.5,51.1,yes,yes,41.1,48.8,38.2,40.5,E
439,5.9,72.1,yes,no,84.2,91.1,77.6,81.7,C
440,7.6,52.6,yes,yes,86.6,93.4,71.9,86.6,B
441,4.7,78.0,yes,no,67.9,62.6,68.7,67.8,D
442,4.2,78.0,no,no,62.7,62.6,61.2,61.8,D
443,1.4,76.5,yes,no,64.0,50.6,40.5,50.8,E
444,6.1,85.7,yes,no,90.8,97.4,75.1,81.9,C
445,7.3,61.4,no,yes,87.5,66.0,67.6,75.7,C
446,7.9,62.1,yes,no,60.3,75.5,67.8,80.6,C
447,2.0,70.8,yes,yes,46.2,60.9,57.2,41.9,E
448,7.4,85.1,yes,yes,81.0,100.0,97.5,91.5,B
449,3.3,55.8,no,no,43.2,41.8,56.8,41.3,E
450,5.1,94.3,yes,no,89.3,75.7,86.4,77.5,C
451,2.2,62.6,yes,no,26.2,46.3,48.2,37.0,F
452,2.4,56.4,yes,no,52.3,60.7,32.5,50.0,E
453,5.1,79.9,yes,yes,69.8,75.3,68.6,75.3,C
454,4.1,63.8,yes,no,66.8,76.3,68.3,56.7,D
455,7.7,70.4,no,no,96.0,92.5,100.0,93.9,B
456,2.5,53.1,yes,yes,46.3,51.4,58.3,49.5,E
457,7.1,73.2,yes,no,74.4,92.0,67.4,76.9,C
458,4.0,65.2,no,yes,64.7,60.5,67.8,61.8,D
459,1.5,58.5,yes,yes,49.8,50.7,19.9,32.5,F
460,2.3,69.3,no,yes,51.1,56.3,47.1,48.5,E
461,6.2,88.5,yes,yes,91.9,80.9,92.0,86.9,B
462,6.7,88.2,yes,no,90.3,95.5,70.5,80.6,C
463,0.8,68.0,yes,no,35.2,32.1,38.0,36.9,F
464,3.6,98.7,yes,no,52.0,50.5,59.0,61.9,D
465,4.2,56.3,yes,yes,63.5,62.6,59.7,62.3,D
466,5.1,92.7,yes,no,81.0,65.9,67.9,71.9,C
467,5.4,98.9,yes,no,79.1,77.4,69.5,79.9,C
468,6.7,78.6,yes,no,81.0,87.0,82.8,91.4,B
469,2.6,53.0,yes,no,43.7,28.4,39.7,36.9,F
470,1.3,96.1,yes,no,68.8,34.7,38.1,51.0,E
471,1.9,71.8,yes,yes,34.9,42.4,28.9,34.3,F
472,7.5,58.6,yes,no,67.0,81.2,77.8,75.0,C
473,4.6,94.6,yes,yes,93.4,89.0,83.0,82.8,C
474,2.1,71.3,yes,yes,45.6,39.1,28.8,36.4,F
475,6.4,75.0,yes,yes,82.1,67.5,80.9,76.2,C
476,4.9,78.6,yes,yes,79.9,81.6,82.8,77.4,C
477,3.3,95.3,yes,no,67.8,60.0,73.6,66.0,D
478,0.6,75.2,no,no,45.8,23.0,28.6,30.2,F
479,6.4,94.4,yes,no,91.1,64.3,95.8,83.8,C
480,5.9,58.5,yes,no,65.4,75.9,61.7,65.9,D
481,2.5,80.8,yes,yes,52.9,41.1,35.5,48.8,E
482,2.5,76.3,no,yes,45.3,53.0,35.4,46.8,E
483,2.5,66.3,yes,yes,43.8,32.5,46.9,45.8,E
484,5.5,60.6,no,yes,63.9,58.9,54.9,66.2,D
485,2.7,53.5,yes,no,55.8,60.2,57.9,48.6,E
486,2.8,63.1,no,yes,52.4,63.1,63.5,54.4,E
487,3.3,84.0,no,yes,60.2,73.2,75.4,60.6,D
488,7.9,63.9,yes,yes,81.6,74.8,84.4,79.3,C
489,4.0,86.4,yes,yes,76.1,57.7,51.8,68.2,D
490,3.3,93.8,yes,no,73.7,65.6,60.1,61.1,D
491,4.0,84.7,yes,yes,53.8,44.3,58.7,60.0,D
492,5.9,90.3,yes,yes,88.9,77.4,87.9,83.4,C
493,7.1,78.7,yes,no,100.0,90.7,97.2,98.2,A
494,7.9,97.3,no,no,100.0,100.0,100.0,98.2,A
495,4.1,88.1,yes,no,43.1,53.7,57.5,60.2,D
496,4.0,66.1,no,no,50.4,52.4,52.4,50.7,E
497,3.0,86.2,yes,yes,56.9,41.9,56.8,54.9,E
498,6.3,83.6,yes,no,98.3,95.9,86.1,85.3,B
499,5.4,87.6,yes,yes,83.1,78.1,71.0,70.8,C
500,3.2,66.0,yes,yes,63.6,52.9,53.6,57.1,D
501,4.4,75.5,yes,no,98.3,84.3,74.7,74.2,C
502,2.0,94.0,yes,yes,69.0,77.6,57.5,63.4,D
503,5.7,98.8,yes,yes,81.4,81.7,79.5,86.1,B
504,2.4,68.0,yes,yes,48.0,49.6,30.4,38.4,F
505,3.1,74.3,yes,no,59.9,61.1,60.3,61.2,D
506,1.0,66.5,yes,yes,46.3,28.5,35.6,42.0,E
507,2.1,85.9,yes,no,37.8,50.7,30.7,46.9,E
508,2.0,51.9,no,yes,33.3,33.3,52.9,38.5,F
509,6.0,97.7,yes,yes,68.6,70.4,78.8,83.3,C
510,5.7,77.5,yes,no,80.6,82.6,74.1,80.3,C
511,4.5,63.5,yes,yes,60.1,70.5,59.9,66.6,D
512,3.4,51.9,yes,yes,67.7,64.6,37.9,44.8,E
513,7.2,78.0,yes,yes,91.6,77.8,72.7,79.2,C
514,7.1,79.3,yes,yes,82.0,74.1,80.8,86.5,B
515,5.0,84.8,yes,no,60.8,63.8,76.3,68.3,D
516,5.4,76.3,yes,yes,65.2,82.6,69.0,72.1,C
517,6.5,75.8,yes,yes,84.0,100.0,100.0,92.0,B
518,5.9,65.2,yes,yes,54.6,72.8,74.2,63.9,D
519,2.2,59.7,yes,no,37.5,42.5,17.7,38.1,F
520,4.3,62.6,yes,yes,52.9,55.1,64.4,59.4,D
521,1.6,68.7,yes,no,29.5,34.8,30.1,39.9,F
522,6.6,88.7,no,yes,95.1,87.6,93.9,82.5,C
523,5.4,55.9,no,no,65.5,73.2,66.1,71.0,C
524,7.8,82.2,yes,no,85.5,75.6,86.4,91.1,B
525,1.5,51.9,yes,yes,42.6,13.7,25.7,26.1,F
526,4.3,52.2,yes,no,81.0,60.0,68.4,62.4,D
527,5.9,63.7,yes,yes,87.8,79.3,65.5,78.7,C
528,7.0,67.9,yes,yes,86.8,78.3,86.6,84.5,C
529,6.9,59.5,yes,yes,66.4,77.0,85.7,73.5,C
530,2.0,94.3,yes,no,73.2,65.3,64.7,62.6,D
531,7.9,65.2,no,no,79.7,88.8,85.6,84.9,C
532,7.9,73.4,yes,no,77.9,100.0,82.9,92.2,B
533,7.8,99.7,yes,yes,95.8,89.1,100.0,100.0,A
534,5.1,62.7,yes,no,60.0,72.3,77.2,71.1,C
535,6.7,80.9,yes,no,77.5,87.7,87.1,85.6,B
536,1.1,87.3,yes,no,56.8,49.8,44.7,42.8,E
537,2.4,63.6,yes,no,55.1,40.4,47.3,40.5,E
538,1.2,52.9,yes,no,29.6,28.1,38.4,36.6,F
539,4.3,89.6,yes,yes,72.5,78.6,72.6,79.2,C
540,7.7,64.5,yes,yes,86.0,94.4,97.9,94.6,B
541,5.4,66.1,yes,no,86.2,69.4,60.3,68.7,D
542,4.0,70.7,yes,no,85.1,84.0,71.8,69.6,D
543,6.4,52.0,yes,yes,55.8,56.5,55.0,62.3,D
544,4.6,92.6,yes,no,81.2,72.8,95.2,70.2,C
545,3.9,93.2,yes,yes,76.9,55.8,88.4,74.3,C
546,5.2,93.6,yes,no,92.5,79.9,97.3,88.2,B
547,4.3,59.1,no,yes,73.7,62.3,71.0,67.4,D
548,5.3,98.8,yes,no,80.0,78.6,82.2,82.1,C
549,6.5,83.1,no,no,91.3,100.0,78.2,94.3,B
550,4.0,79.6,yes,yes,82.5,76.1,70.1,65.9,D
551,3.6,86.1,yes,no,68.2,48.3,58.3,68.0,D
552,4.7,87.8,yes,yes,77.8,71.5,68.7,73.7,C
553,7.3,70.8,yes,yes,100.0,92.6,71.2,82.5,C
554,3.7,79.2,yes,no,60.3,57.4,33.1,54.9,E
555,6.9,79.3,yes,no,90.9,88.5,81.2,89.8,B
556,5.1,50.4,yes,no,64.5,63.6,69.1,68.3,D
557,0.6,50.5,yes,yes,20.3,0.0,1.0,27.3,F
558,4.1,73.5,yes,no,66.7,63.9,64.0,63.8,D
559,2.1,77.9,yes,no,40.5,29.4,65.3,46.5,E
560,1.6,85.4,yes,no,41.6,42.2,39.6,44.4,E
561,2.3,87.6,yes,no,44.1,74.7,70.2,62.0,D
562,5.8,79.3,yes,yes,74.1,75.6,61.6,69.5,D
563,5.2,64.2,yes,yes,60.8,59.6,96.2,68.7,D
564,4.5,81.0,yes,yes,81.1,62.4,64.6,61.3,D
565,4.2,63.0,yes,yes,52.6,73.4,59.5,60.3,D
566,3.4,90.9,yes,yes,57.3,57.9,51.3,60.6,D
567,7.1,71.2,yes,no,76.9,81.6,75.0,77.2,C
568,7.5,94.7,yes,no,85.4,93.2,87.1,89.1,B
569,6.2,56.4,yes,no,60.5,79.5,74.9,78.1,C
570,2.7,85.3,yes,no,47.5,43.1,32.0,46.6,E
571,7.4,71.5,yes,yes,100.0,100.0,89.0,97.3,A
572,6.6,56.4,yes,yes,69.0,87.3,80.3,71.8,C
573,1.4,78.0,yes,yes,49.9,53.2,44.0,52.0,E
574,3.1,60.6,yes,yes,44.1,44.0,64.5,47.1,E
575,3.0,64.6,no,no,47.8,60.5,72.7,55.7,D
576,6.0,72.8,yes,no,64.7,90.5,59.6,70.6,C
577,4.4,68.2,yes,no,72.0,60.0,45.5,56.5,D
578,2.5,69.4,yes,no,55.0,60.8,28.2,50.1,E
579,2.2,69.9,yes,no,63.1,46.4,79.9,54.5,E
580,3.9,50.8,no,yes,54.7,64.7,58.4,59.6,D
581,5.5,68.4,no,no,86.5,92.5,73.9,76.6,C
582,4.3,69.7,yes,no,80.4,78.8,67.8,68.4,D
583,2.5,79.6,no,no,58.4,75.1,67.0,61.8,D
584,5.1,74.0,yes,yes,100.0,73.8,58.0,75.6,C
585,8.0,58.6,yes,yes,76.1,80.3,90.9,85.1,B
586,1.8,79.4,yes,yes,31.4,53.2,55.3,42.7,E
587,4.5,51.8,yes,yes,49.0,49.9,59.3,56.7,D
588,3.3,66.7,yes,no,57.5,77.0,64.1,61.8,D
589,2.1,81.0,yes,no,47.3,49.8,29.0,39.5,F
590,7.1,81.2,yes,no,91.2,100.0,100.0,97.7,A
591,7.7,59.0,no,no,74.4,89.2,98.1,93.8,B
592,3.1,67.0,yes,yes,38.7,34.7,35.4,44.1,E
593,3.1,72.9,no,no,41.5,51.6,48.9,44.5,E
594,1.2,70.6,yes,yes,44.2,43.0,51.7,40.1,E
595,5.1,84.3,yes,yes,41.0,56.6,51.7,65.9,D
596,0.7,87.0,no,yes,41.9,53.3,57.8,45.0,E
597,4.2,52.0,yes,no,51.2,69.4,51.6,51.6,E
598,1.6,87.3,yes,no,44.2,61.6,46.8,43.6,E
599,5.5,93.9,yes,yes,84.0,76.0,67.7,76.7,C
600,7.5,95.7,yes,yes,90.7,87.6,79.0,100.0,A
601,1.2,52.8,no,yes,38.2,33.3,43.2,39.5,F
602,6.3,94.2,yes,yes,80.8,70.7,68.7,79.9,C
603,6.7,58.2,yes,no,66.7,61.8,53.0,69.4,D
604,1.8,66.9,yes,no,49.9,48.2,35.1,45.7,E
605,7.4,69.1,yes,yes,85.9,87.0,100.0,95.2,A
606,5.2,64.9,yes,no,80.9,59.4,87.5,76.1,C
607,4.5,64.7,no,no,67.0,59.9,83.7,69.4,D
608,5.5,58.5,no,yes,73.1,80.2,77.8,65.3,D
609,2.7,83.0,yes,no,56.7,52.5,37.0,45.1,E
610,0.7,79.0,no,no,36.1,16.9,16.5,27.3,F
611,3.8,80.7,yes,yes,39.7,58.2,59.5,52.8,E
612,6.1,76.1,yes,no,73.0,79.6,84.3,79.4,C
613,7.4,61.0,yes,no,81.8,76.7,87.9,79.4,C
614,3.7,79.3,yes,no,67.5,67.9,78.3,70.9,C
615,2.5,82.7,no,no,49.7,69.6,56.5,56.0,D
616,1.5,52.6,yes,no,48.1,30.7,50.3,39.5,F
617,7.5,99.4,yes,no,89.3,100.0,100.0,100.0,A
618,2.2,79.0,yes,yes,30.5,42.2,59.5,46.7,E
619,7.3,81.9,yes,yes,73.8,71.0,75.8,83.5,C
620,1.9,78.5,yes,yes,40.6,47.5,21.1,37.1,F
621,0.6,84.5,yes,no,59.3,57.6,43.0,44.8,E
622,2.2,82.8,yes,yes,59.8,42.3,39.9,41.3,E
623,4.2,90.0,yes,yes,68.4,80.0,66.8,70.9,C
624,3.1,58.1,no,yes,38.9,43.6,36.5,48.5,E
625,7.3,58.2,yes,yes,81.9,89.2,79.5,81.6,C
626,4.6,61.0,yes,no,72.2,70.4,60.9,70.6,C
627,1.4,98.2,yes,yes,25.4,35.2,33.4,42.5,E
628,5.2,67.9,yes,yes,52.6,69.8,62.9,71.0,C
629,3.4,65.8,yes,yes,34.2,47.1,28.1,47.1,E
630,5.6,61.5,yes,no,73.9,66.5,59.3,61.6,D
631,6.4,74.1,no,yes,80.7,59.4,88.1,83.2,C
632,7.9,95.3,yes,no,94.4,95.8,89.0,99.9,A
633,4.8,83.7,yes,yes,68.1,75.2,75.5,63.1,D
634,3.3,59.4,yes,yes,62.7,50.9,43.6,52.0,E
635,3.8,91.9,no,yes,69.1,63.9,76.2,76.6,C
636,3.5,97.3,yes,yes,58.5,67.3,49.8,57.1,D
637,3.9,85.7,yes,yes,63.7,67.4,47.8,61.5,D
638,0.7,79.7,no,no,49.9,33.4,36.0,41.2,E
639,2.4,83.6,yes,no,59.1,45.8,52.1,59.2,D
640,7.9,86.8,yes,yes,84.6,100.0,98.0,99.2,A
641,7.5,93.0,yes,no,94.2,90.8,97.5,94.5,B
642,0.9,82.9,yes,yes,37.0,4.2,53.2,33.5,F
643,7.8,76.6,yes,yes,85.0,74.2,89.6,86.3,B
644,6.4,59.1,yes,yes,77.0,80.0,85.1,83.8,C
645,0.5,68.7,yes,no,8.4,39.6,19.3,21.6,F
646,7.4,54.2,yes,no,95.3,91.3,69.8,84.1,C
647,7.7,86.4,yes,yes,100.0,81.9,100.0,97.5,A
648,5.2,99.6,yes,no,87.1,79.6,79.9,86.8,B
649,6.4,54.8,yes,yes,55.4,80.1,65.9,65.7,D
650,3.0,72.0,yes,yes,62.0,43.6,51.2,55.1,D
651,4.8,85.0,yes,no,69.0,81.9,47.1,74.7,C
652,6.0,51.5,yes,no,57.7,66.6,72.2,75.2,C
653,4.7,72.0,yes,yes,85.4,72.5,72.5,76.4,C
654,2.8,89.7,yes,yes,41.4,43.8,68.4,61.8,D
655,5.4,64.7,yes,no,69.5,69.1,80.6,71.9,C
656,6.8,83.0,yes,yes,89.0,78.3,86.4,81.3,C
657,6.8,80.4,yes,yes,87.5,82.2,81.5,86.0,B
658,1.5,85.0,no,no,58.1,71.0,55.7,51.1,E
659,3.8,62.0,yes,no,75.0,72.7,59.9,64.3,D
660,0.8,58.4,no,no,14.3,15.3,25.0,23.9,F
661,5.2,50.8,yes,no,53.0,43.3,64.9,53.0,E
662,2.3,74.0,yes,no,52.7,61.6,56.1,53.4,E
663,7.5,59.3,yes,yes,75.8,65.8,97.6,76.8,C
664,5.1,82.6,yes,no,83.6,72.4,86.8,76.9,C
665,3.5,77.5,yes,no,60.2,64.1,45.1,53.9,E
666,6.0,91.7,yes,no,100.0,89.4,90.3,93.7,B
667,2.1,90.1,yes,yes,49.3,52.3,55.4,59.3,D
668,1.2,68.1,no,no,41.8,31.7,36.1,38.7,F
669,1.2,64.8,no,yes,16.9,18.9,30.8,27.7,F
670,4.9,54.1,yes,yes,66.8,73.2,51.8,62.7,D
671,7.2,87.8,yes,yes,99.8,85.4,79.7,83.6,C
672,2.2,74.8,yes,no,54.2,36.3,34.1,39.2,F
673,6.2,66.8,yes,yes,67.2,78.5,78.1,80.2,C
674,0.8,85.2,yes,no,22.3,40.5,49.5,33.5,F
675,3.2,63.7,no,yes,47.0,37.7,37.3,42.8,E
676,5.4,73.9,yes,no,66.0,71.6,60.5,71.7,C
677,6.7,71.8,yes,yes,100.0,82.6,100.0,92.0,B
678,7.6,63.5,yes,yes,98.7,100.0,94.7,91.2,B
679,5.2,89.5,yes,no,82.6,81.7,93.6,77.6,C
680,4.0,85.4,yes,no,49.0,46.6,51.6,59.6,D
681,1.0,76.0,yes,yes,41.1,27.4,33.3,33.2,F
682,2.6,84.6,yes,yes,66.6,54.3,62.7,60.8,D
683,7.4,54.5,yes,no,71.6,70.2,78.5,72.2,C
684,4.9,71.5,yes,yes,54.4,87.4,80.7,69.1,D
685,3.1,80.0,yes,yes,79.8,60.2,58.4,64.9,D
686,2.4,69.7,yes,no,34.7,44.2,43.3,46.1,E
687,1.4,85.7,yes,yes,39.2,46.7,41.2,54.1,E
688,6.1,76.1,yes,yes,88.8,85.2,79.8,84.0,C
689,3.6,69.1,yes,yes,70.7,53.4,96.7,60.5,D
690,7.5,70.8,yes,yes,79.3,79.0,81.6,86.7,B
691,3.9,85.8,yes,no,49.5,53.9,54.8,59.0,D
692,6.6,53.3,yes,yes,72.1,69.5,81.2,68.9,D
693,1.5,91.9,no,yes,60.8,39.9,50.2,41.9,E
694,1.6,52.9,no,yes,55.6,37.7,31.5,38.4,F
695,2.5,56.6,yes,yes,53.6,52.7,47.9,44.4,E
696,1.9,90.5,yes,yes,56.3,40.6,69.9,53.3,E
697,7.8,68.7,yes,no,84.2,87.8,100.0,86.4,B
698,6.6,73.0,yes,yes,74.3,88.3,85.7,76.9,C
699,3.1,68.6,no,no,54.4,68.4,48.9,57.5,D
700,4.4,54.7,no,yes,53.5,53.2,51.4,51.7,E
701,4.5,80.4,yes,no,55.7,66.6,57.7,60.4,D
702,5.1,84.5,yes,no,71.4,86.3,90.6,74.1,C
703,1.3,59.5,yes,yes,32.4,30.7,29.1,38.6,F
704,3.1,87.6,yes,yes,48.4,46.2,39.5,50.2,E
705,1.1,55.0,yes,no,25.0,19.9,14.2,26.0,F
706,7.4,88.7,yes,no,100.0,95.6,83.6,98.0,A
707,3.5,85.1,yes,yes,65.6,51.6,60.0,60.2,D
708,6.0,95.6,yes,no,100.0,71.7,70.0,76.3,C
709,7.4,90.7,yes,no,100.0,100.0,82.9,99.6,A
710,2.8,92.2,yes,yes,64.8,49.3,45.0,53.4,E
711,1.2,97.9,no,no,57.4,45.5,46.0,44.2,E
712,3.0,92.2,no,no,65.8,53.0,65.3,60.8,D
713,5.5,89.8,yes,no,72.2,95.9,78.6,88.1,B
714,4.2,59.8,yes,no,61.5,40.7,42.9,56.2,D
715,1.1,87.8,yes,no,32.1,32.9,47.0,35.3,F
716,1.0,81.6,yes,no,34.0,48.9,33.0,39.5,F
717,5.7,98.1,yes,yes,67.2,78.8,100.0,82.2,C
718,6.0,86.0,no,yes,60.8,66.1,76.3,74.7,C
719,1.3,63.0,yes,no,26.7,39.7,8.6,28.7,F
720,6.5,58.2,yes,no,80.1,69.8,69.2,77.3,C
721,3.1,64.1,yes,yes,60.3,57.0,59.1,60.1,D
722,1.0,74.0,yes,yes,41.0,41.8,51.8,45.3,E
723,3.0,82.6,yes,no,68.7,58.8,51.2,63.7,D
724,6.0,60.8,yes,no,74.3,78.4,65.1,67.2,D
725,5.4,61.6,yes,yes,74.9,54.4,60.4,69.5,D
726,4.1,65.1,yes,yes,57.5,44.8,58.2,51.7,E
727,2.6,90.4,yes,no,63.3,54.4,42.1,55.6,D
728,3.6,68.3,no,yes,42.8,65.9,60.4,60.8,D
729,3.4,53.9,yes,no,46.8,31.6,38.4,43.1,E
730,3.4,77.3,yes,no,59.6,71.5,66.7,65.3,D
731,4.2,50.3,yes,yes,76.8,62.5,54.4,58.4,D
732,3.9,83.7,yes,yes,79.3,54.5,55.8,68.0,D
733,1.3,92.1,yes,yes,57.8,48.9,51.3,54.9,E
734,2.7,58.3,yes,yes,38.4,37.8,26.3,40.4,E
735,1.5,92.2,yes,yes,36.1,69.0,46.2,57.8,D
736,5.0,84.0,yes,yes,59.9,84.1,69.3,71.4,C
737,3.7,54.9,yes,no,44.8,57.2,29.8,49.6,E
738,5.5,61.4,no,yes,78.7,69.5,83.0,75.0,C
739,1.2,61.4,no,no,37.4,43.8,43.2,41.3,E
740,3.1,60.3,no,yes,68.0,56.1,71.6,53.2,E
741,1.9,66.7,yes,no,33.8,28.0,59.9,39.7,F
742,1.2,95.4,yes,yes,78.7,53.8,43.3,55.6,D
743,6.3,61.2,yes,yes,68.2,95.7,86.7,80.6,C
744,1.5,96.3,yes,yes,56.4,38.1,50.1,49.3,E
745,1.8,77.5,yes,no,42.0,46.3,53.0,43.1,E
746,3.3,75.9,yes,no,53.9,57.3,52.7,57.1,D
747,2.7,83.7,yes,no,62.1,53.7,58.7,62.7,D
748,7.4,90.3,yes,yes,92.0,100.0,98.1,100.0,A
749,7.9,97.9,yes,no,95.9,87.8,94.5,93.2,B
750,3.7,50.1,yes,no,45.8,65.4,51.5,53.4,E
751,2.0,69.9,yes,yes,46.1,67.0,48.5,43.9,E
752,4.2,59.0,yes,no,54.0,50.6,43.5,50.1,E
753,4.2,57.6,yes,no,48.3,65.0,30.5,46.8,E
754,4.0,57.4,yes,no,48.3,54.7,47.9,53.4,E
755,0.7,85.5,yes,no,48.4,12.9,28.5,34.5,F
756,1.5,52.6,yes,no,10.6,25.0,49.6,28.0,F
757,1.6,91.8,yes,yes,56.6,51.3,50.9,51.9,E
758,3.1,87.6,yes,no,77.0,77.4,67.1,59.8,D
759,4.9,70.5,yes,no,72.6,62.7,59.3,61.6,D
760,7.1,71.3,yes,no,82.2,71.4,80.9,93.3,B
761,2.2,83.9,no,no,44.1,55.5,40.4,51.2,E
762,6.3,50.5,no,yes,61.7,63.8,65.4,62.8,D
763,2.2,69.4,yes,no,27.8,37.5,47.1,39.3,F
764,0.7,59.0,yes,yes,31.6,38.6,44.7,38.6,F
765,5.4,59.0,yes,yes,51.5,77.9,68.6,66.3,D
766,2.1,77.5,no,yes,59.3,54.2,57.9,52.6,E
767,7.4,62.3,yes,no,100.0,96.0,98.4,94.1,B
768,7.5,68.8,yes,yes,77.2,79.1,87.4,84.1,C
769,1.3,85.9,yes,yes,31.9,22.7,40.2,35.4,F
770,2.0,81.0,no,yes,40.6,52.2,52.8,50.3,E
771,2.1,66.5,yes,no,39.5,28.3,28.5,33.9,F
772,7.3,52.5,yes,yes,70.0,78.7,77.2,77.3,C
773,1.1,51.3,no,yes,13.7,3.0,44.4,23.2,F
774,6.1,74.4,yes,no,93.1,86.9,90.1,85.9,B
775,2.7,71.1,yes,no,53.6,41.1,53.1,41.7,E
776,4.9,89.8,yes,yes,83.8,83.3,77.7,82.6,C
777,1.8,54.1,yes,yes,17.7,36.8,32.8,34.5,F
778,6.5,92.5,yes,no,99.6,93.2,78.4,88.4,B
779,5.5,60.6,yes,no,42.6,64.3,52.1,58.7,D
780,0.7,67.5,no,no,24.4,35.1,43.4,37.0,F
781,2.3,93.0,yes,yes,55.7,69.1,48.2,59.7,D
782,4.0,91.9,yes,yes,74.7,71.2,89.9,72.0,C
783,4.5,75.7,yes,no,55.3,46.3,61.3,59.8,D
784,6.7,54.1,yes,yes,87.0,81.1,91.2,74.0,C
785,3.4,79.5,yes,no,68.0,63.5,77.8,65.5,D
786,7.5,88.1,yes,yes,85.8,81.6,87.3,85.3,B
787,2.0,63.1,yes,yes,33.0,61.2,37.3,46.4,E
788,6.9,59.2,yes,yes,97.2,81.7,79.5,83.9,C
789,7.3,74.9,yes,yes,95.6,100.0,96.8,97.1,A
790,5.2,87.5,yes,no,67.8,88.4,76.7,78.0,C
791,7.8,75.2,yes,no,82.4,83.7,91.0,88.9,B
792,3.6,62.0,yes,no,58.7,52.3,64.1,44.9,E
793,5.7,93.4,yes,no,92.7,91.9,85.0,90.2,B
794,0.6,93.6,yes,yes,41.0,56.2,33.3,43.2,E
795,2.6,82.9,no,yes,44.7,44.5,54.8,50.2,E
796,4.7,53.7,yes,no,71.0,59.7,69.2,66.1,D
797,7.1,61.6,yes,yes,71.4,88.4,75.6,85.6,B
798,7.6,80.9,yes,no,86.4,75.2,95.7,84.9,C
799,4.8,89.1,yes,no,72.1,89.5,59.5,77.0,C
800,6.9,73.7,yes,yes,77.4,88.6,100.0,91.5,B
801,6.5,65.2,yes,no,69.7,90.4,84.8,73.2,C
802,6.3,94.2,yes,yes,67.8,72.5,100.0,82.5,C
803,1.3,69.1,yes,no,41.1,57.5,43.7,47.0,E
804,4.1,95.8,yes,yes,53.4,72.9,76.4,75.4,C
805,4.1,76.6,yes,no,64.5,65.2,72.7,71.2,C
806,6.4,80.7,yes,yes,68.5,85.1,74.6,80.7,C
807,4.9,56.2,yes,yes,69.3,71.5,72.0,70.1,C
808,6.6,63.4,yes,yes,78.1,85.6,83.7,80.0,C
809,7.7,98.7,yes,yes,100.0,93.0,100.0,100.0,A
810,4.7,85.9,yes,yes,79.1,51.7,76.0,67.2,D
811,6.4,73.9,yes,yes,83.5,77.8,78.3,71.3,C
812,4.7,76.1,yes,yes,64.8,61.9,67.8,68.6,D
813,5.2,54.4,yes,no,72.9,73.5,57.7,73.0,C
814,4.1,89.2,no,no,56.2,72.5,82.3,66.3,D
815,7.7,53.6,yes,no,90.0,93.4,80.1,91.8,B
816,6.6,69.3,yes,yes,85.4,69.9,75.1,71.8,C
817,6.1,70.5,yes,yes,62.3,65.9,57.0,71.5,C
818,3.0,80.2,yes,yes,71.3,62.7,46.9,51.8,E
819,4.1,70.8,yes,no,38.6,66.2,60.0,58.5,D
820,7.0,98.0,yes,no,98.0,100.0,98.9,96.3,A
821,7.5,89.9,yes,yes,91.5,88.9,89.1,100.0,A
822,8.0,98.0,yes,no,76.8,93.5,100.0,100.0,A
823,6.0,75.9,yes,no,80.2,67.0,66.2,70.9,C
824,6.0,65.1,yes,yes,65.5,68.2,75.8,64.7,D
825,1.2,99.1,yes,yes,57.4,69.9,48.7,53.1,E
826,6.1,54.1,yes,no,67.1,75.3,71.6,74.7,C
827,3.1,96.4,yes,yes,61.2,49.2,74.7,53.5,E
828,7.0,54.8,yes,yes,65.1,72.1,71.2,69.7,D
829,0.6,90.3,no,yes,58.1,34.9,30.0,48.6,E
830,7.5,89.0,no,yes,92.4,76.3,98.3,97.4,A
831,4.1,83.0,yes,yes,74.8,53.4,64.6,65.3,D
832,1.5,89.1,yes,no,43.5,35.3,35.0,39.5,F
833,5.0,54.4,yes,no,72.6,61.7,44.8,57.4,D
834,5.7,68.7,yes,no,81.6,88.6,70.6,77.5,C
835,6.3,66.8,yes,no,89.8,91.8,95.5,78.5,C
836,5.8,99.1,yes,yes,90.2,95.9,80.9,86.9,B
837,4.7,73.6,yes,no,81.9,59.9,75.6,73.0,C
838,1.1,52.5,yes,yes,35.3,32.2,28.6,34.4,F
839,7.0,63.0,yes,no,77.8,91.1,65.0,76.9,C
840,7.9,92.2,yes,yes,100.0,86.0,94.5,100.0,A
841,6.3,94.6,yes,no,91.2,90.4,98.4,90.3,B
842,0.8,96.4,yes,no,21.9,37.8,48.1,37.5,F
843,6.2,57.2,no,no,76.6,80.7,68.3,72.7,C
844,2.5,84.4,yes,no,65.7,24.1,47.6,52.2,E
845,7.7,70.1,yes,yes,96.4,100.0,100.0,95.7,A
846,1.0,86.8,yes,no,51.1,39.1,56.3,51.3,E
847,1.2,91.2,yes,yes,35.3,49.1,50.9,40.4,E
848,1.9,63.1,yes,no,39.1,32.3,51.5,44.9,E
849,6.1,75.0,yes,yes,71.1,80.7,94.7,79.6,C
850,5.4,66.4,yes,yes,75.7,58.2,77.3,77.8,C
851,6.0,72.8,yes,no,54.9,58.3,71.3,68.6,D
852,3.2,64.5,yes,no,35.9,60.3,52.4,55.6,D
853,7.1,67.0,yes,yes,92.2,86.2,80.9,93.0,B
854,3.8,63.6,yes,no,65.3,63.3,53.4,57.4,D
855,1.5,64.9,yes,no,18.4,37.1,13.4,34.1,F
856,6.3,78.9,yes,no,100.0,83.6,76.8,85.2,B
857,4.5,80.0,yes,no,67.4,36.8,62.7,58.5,D
858,5.0,96.0,yes,yes,81.7,81.0,92.7,79.5,C
859,3.4,69.5,yes,no,68.6,59.8,41.2,52.8,E
860,5.8,82.9,yes,no,67.8,76.9,79.7,71.9,C
861,0.8,98.3,no,no,54.3,45.4,51.5,53.9,E
862,4.2,73.3,yes,yes,46.6,64.7,61.1,62.4,D
863,3.7,89.0,yes,no,73.9,70.7,82.9,72.8,C
864,6.1,98.5,yes,yes,89.3,84.7,88.8,83.4,C
865,2.5,89.5,yes,yes,49.4,64.1,39.4,52.1,E
866,2.3,54.0,no,yes,47.4,52.4,47.4,49.7,E
867,2.9,59.7,no,no,36.5,42.8,44.2,48.1,E
868,4.1,64.7,yes,yes,71.4,61.4,64.3,56.2,D
869,2.1,84.3,yes,yes,37.4,56.4,65.8,55.5,D
870,5.6,83.6,yes,no,86.5,79.3,75.8,69.4,D
871,3.0,56.9,yes,no,44.2,40.9,51.1,52.1,E
872,3.7,72.5,yes,yes,34.8,39.8,42.2,51.6,E
873,4.7,71.1,yes,no,54.3,53.9,50.2,56.4,D
874,3.3,84.5,yes,no,68.2,52.6,69.9,70.1,C
875,5.8,63.0,yes,no,66.7,61.3,68.7,65.6,D
876,5.4,61.9,yes,yes,69.3,77.7,73.3,75.9,C
877,6.2,79.8,yes,yes,97.2,92.4,94.6,81.6,C
878,4.4,54.1,yes,yes,56.7,46.3,58.6,50.1,E
879,3.3,83.4,yes,no,60.9,68.7,78.0,60.2,D
880,2.0,72.0,no,yes,35.7,40.7,27.0,38.7,F
881,3.8,76.8,yes,no,78.2,51.1,61.0,52.6,E
882,7.0,90.1,yes,yes,85.2,78.2,100.0,88.2,B
883,1.4,59.0,yes,no,33.5,28.5,25.8,34.5,F
884,2.1,60.5,no,no,40.3,38.7,47.6,44.3,E
885,5.5,95.1,yes,yes,90.7,75.6,79.3,78.9,C
886,4.8,87.0,yes,yes,69.9,63.6,67.6,69.1,D
887,7.4,63.1,yes,no,74.3,91.6,73.0,83.3,C
888,0.7,86.0,no,yes,44.0,37.4,35.3,38.9,F
889,7.1,72.9,yes,yes,99.1,100.0,85.9,92.5,B
890,5.9,80.9,yes,no,65.2,62.4,81.1,71.7,C
891,6.3,89.3,yes,yes,83.5,85.7,92.8,77.9,C
892,3.3,52.2,yes,no,69.1,36.1,38.5,47.6,E
893,2.8,80.6,yes,yes,72.0,53.7,64.3,56.4,D
894,0.6,66.9,yes,no,39.3,24.9,28.8,27.5,F
895,6.4,75.8,yes,yes,77.4,73.5,79.4,75.8,C
896,1.7,68.2,yes,no,49.1,58.6,44.4,48.1,E
897,2.2,97.1,yes,no,62.1,51.4,43.4,50.6,E
898,2.6,79.9,yes,yes,38.1,72.2,70.5,55.7,D
899,7.0,92.3,yes,yes,95.4,100.0,92.3,97.0,A
900,2.7,62.8,yes,no,41.1,47.4,56.9,48.4,E
901,3.7,68.2,yes,yes,48.6,64.5,62.4,54.9,E
902,6.1,89.4,yes,yes,94.7,78.8,89.7,91.0,B
903,7.2,61.7,yes,yes,86.6,80.1,87.3,81.0,C
904,6.4,100.0,no,yes,74.9,81.1,79.2,83.0,C
905,4.5,83.0,yes,yes,42.6,63.4,64.0,59.4,D
906,0.5,94.8,yes,yes,61.2,56.1,33.2,50.3,E
907,1.7,55.2,yes,yes,45.1,33.6,36.9,42.2,E
908,2.4,70.7,yes,yes,53.1,58.8,55.9,55.1,D
909,3.6,66.8,yes,no,40.9,62.7,35.3,50.6,E
910,3.2,98.5,yes,no,63.7,67.0,49.0,60.3,D
911,4.4,57.2,yes,no,51.7,63.4,44.6,59.9,D
912,3.6,87.4,yes,no,66.5,80.0,77.6,71.7,C
913,5.9,81.5,yes,no,96.4,65.1,74.7,87.6,B
914,0.9,92.6,no,no,46.4,22.7,30.0,40.7,E
915,8.0,98.9,yes,yes,100.0,100.0,95.0,100.0,A
916,6.8,90.3,yes,no,98.5,94.0,96.4,88.3,B
917,3.0,62.6,yes,no,31.5,45.2,14.3,42.6,E
918,3.5,91.7,yes,no,66.9,58.7,53.2,57.8,D
919,7.7,76.3,no,yes,100.0,93.2,100.0,93.8,B
920,7.5,82.7,yes,yes,96.5,88.4,75.6,84.6,C
921,3.4,64.0,yes,yes,57.8,56.5,57.0,54.0,E
922,0.9,90.8,yes,no,34.8,30.0,39.2,33.9,F
923,7.9,72.2,yes,yes,92.6,88.7,71.1,86.6,B
924,5.4,90.4,yes,yes,98.4,88.9,83.8,87.1,B
925,5.7,71.4,yes,yes,82.7,76.3,75.9,82.3,C
926,2.6,80.8,yes,no,66.0,67.2,58.5,56.9,D
927,6.6,55.1,yes,no,34.4,60.8,72.0,66.7,D
928,4.7,54.6,yes,no,50.4,60.6,70.6,67.6,D
929,4.0,97.6,yes,yes,76.4,61.9,72.1,66.3,D
930,6.1,86.3,yes,no,78.4,61.1,66.3,74.9,C
931,3.3,58.6,yes,no,51.2,45.4,43.9,46.8,E
932,3.7,79.9,yes,yes,50.3,50.7,61.7,54.8,E
933,5.4,89.1,yes,no,65.8,88.6,87.8,83.0,C
934,5.3,79.9,yes,no,82.9,69.8,54.1,70.9,C
935,7.8,72.4,yes,no,100.0,77.7,96.1,93.3,B
936,4.7,91.8,yes,yes,96.2,79.3,70.0,83.6,C
937,2.9,52.5,yes,yes,22.4,29.6,30.8,43.0,E
938,2.7,81.7,yes,no,61.0,59.8,60.8,50.6,E
939,4.5,73.7,yes,yes,76.9,77.1,75.2,67.3,D
940,1.4,82.4,yes,yes,52.1,49.9,39.3,46.4,E
941,4.9,64.5,yes,no,67.2,72.8,67.4,66.3,D
942,3.4,58.1,yes,yes,36.1,43.3,47.0,42.5,E
943,3.1,98.7,yes,yes,60.3,57.1,45.9,54.7,E
944,1.9,93.2,yes,yes,55.5,53.8,37.0,59.8,D
945,4.2,95.4,yes,no,72.8,62.1,68.4,65.6,D
946,0.8,88.4,yes,yes,28.0,39.5,47.2,32.5,F
947,5.1,53.2,no,no,61.1,55.0,57.0,63.6,D
948,2.6,81.4,yes,yes,37.9,47.7,45.8,46.4,E
949,7.3,69.1,yes,yes,95.0,89.3,100.0,95.2,A
950,4.4,66.7,yes,yes,66.0,59.3,79.6,65.6,D
951,6.4,62.5,yes,no,98.7,96.3,90.0,86.1,B
952,6.9,59.0,yes,yes,86.4,90.0,80.2,85.1,B
953,7.1,57.0,no,no,47.9,78.4,77.2,76.0,C
954,7.0,56.1,yes,yes,100.0,72.9,78.6,82.2,C
955,2.2,85.6,yes,yes,44.6,50.4,46.6,50.4,E
956,2.8,96.5,yes,yes,39.2,52.8,61.5,55.7,D
957,5.8,69.0,yes,yes,85.8,63.4,78.8,74.9,C
958,4.5,55.3,yes,yes,75.5,71.8,71.0,66.8,D
959,5.1,61.1,yes,yes,52.2,59.7,52.6,55.4,D
960,5.6,87.3,yes,no,76.0,69.4,100.0,88.2,B
961,1.4,67.4,yes,yes,35.9,31.4,25.2,33.2,F
962,1.8,83.1,yes,no,35.4,54.9,21.6,39.3,F
963,5.3,60.3,yes,yes,76.9,78.5,70.0,76.4,C
964,5.2,87.8,yes,yes,69.6,84.4,72.6,68.9,D
965,6.6,82.8,yes,yes,76.2,98.5,93.2,95.3,A
966,5.7,61.1,yes,yes,66.4,77.1,61.6,72.1,C
967,2.1,96.6,yes,yes,57.9,60.6,75.5,62.5,D
968,1.0,76.1,yes,no,40.3,33.1,21.1,41.1,E
969,3.4,61.0,yes,yes,42.5,33.6,40.6,42.3,E
970,3.3,78.3,yes,no,46.5,72.9,62.0,62.9,D
971,6.3,70.8,no,yes,77.2,81.3,100.0,83.4,C
972,5.5,95.9,yes,no,73.1,71.1,84.9,75.8,C
973,7.0,65.5,no,yes,71.5,90.9,79.1,74.0,C
974,4.3,94.3,no,yes,80.2,88.9,91.8,69.7,D
975,2.7,87.1,yes,no,54.0,48.8,53.8,46.9,E
976,4.3,84.0,yes,yes,85.8,42.6,67.0,58.1,D
977,2.1,59.2,yes,yes,36.4,46.2,42.2,47.1,E
978,1.0,54.3,no,no,45.3,26.7,49.3,36.1,F
979,4.2,93.2,yes,no,73.6,59.2,60.4,70.2,C
980,3.6,78.5,yes,no,56.1,71.7,53.0,59.2,D
981,0.7,98.3,yes,yes,45.9,31.0,58.8,42.4,E
982,5.9,75.8,no,no,82.3,64.2,70.1,70.5,C
983,5.3,79.6,yes,yes,74.2,75.3,79.0,77.1,C
984,1.1,99.9,no,yes,55.7,34.9,63.7,45.4,E
985,5.8,85.8,yes,no,79.6,71.1,69.9,76.6,C
986,1.1,68.0,no,yes,28.4,17.4,28.2,27.6,F
987,4.4,91.4,yes,no,96.3,60.9,58.2,72.6,C
988,5.2,64.8,no,yes,68.1,76.0,85.3,77.1,C
989,4.2,76.3,yes,no,79.5,72.1,80.7,72.5,C
990,6.1,61.9,yes,yes,78.5,54.6,70.8,67.3,D
991,3.4,99.7,yes,yes,71.0,54.3,58.6,66.4,D
992,2.1,96.7,yes,yes,52.1,42.9,59.6,54.9,E
993,4.1,93.7,yes,no,70.1,55.6,60.2,67.6,D
994,3.1,70.1,yes,no,34.2,46.4,33.8,47.8,E
995,1.6,86.4,yes,no,43.6,54.6,62.2,52.2,E
996,4.0,63.0,yes,no,63.3,50.2,56.5,54.7,E
997,2.0,69.5,yes,yes,43.9,61.3,45.8,49.5,E
998,4.0,90.2,yes,yes,48.7,72.1,65.8,59.6,D
999,4.9,52.8,yes,no,72.1,51.2,55.8,68.3,D
1000,6.4,52.5,no,no,72.5,78.2,86.8,77.4,C
1001,6.9,83.1,yes,no,90.1,68.1,91.2,85.1,B
1002,5.5,88.7,no,yes,100.0,84.8,69.0,84.0,C
1003,7.2,69.2,yes,no,85.8,96.3,99.1,86.9,B
1004,4.7,83.7,yes,yes,62.3,69.7,90.4,66.5,D
1005,5.8,95.1,no,no,71.1,73.4,95.9,81.5,C
1006,6.3,55.0,yes,yes,65.9,84.5,86.9,73.8,C
1007,6.7,91.5,yes,no,86.2,82.8,89.4,90.3,B
1008,6.1,79.1,yes,no,60.0,76.8,56.2,74.9,C
1009,7.3,71.1,yes,no,100.0,84.7,92.7,93.9,B
1010,4.0,52.6,yes,no,58.8,64.7,60.3,61.9,D
1011,7.7,69.2,yes,no,98.3,89.9,90.6,92.8,B
1012,3.5,89.7,no,yes,70.2,48.9,61.2,66.0,D
1013,1.0,77.1,yes,yes,48.2,39.3,46.6,43.2,E
1014,1.9,58.8,yes,yes,30.9,39.8,27.0,33.2,F
1015,4.7,61.6,no,yes,66.5,69.4,49.6,57.7,D
1016,0.6,92.4,yes,yes,41.9,28.3,30.1,32.2,F
1017,1.7,71.6,yes,no,35.9,43.6,32.4,33.4,F
1018,3.3,54.8,yes,yes,31.9,38.6,38.8,43.9,E
1019,5.2,98.7,no,yes,86.3,94.2,87.0,73.6,C
1020,1.7,62.7,no,no,30.9,29.3,41.2,36.4,F
1021,4.8,89.8,no,no,80.2,70.8,77.6,70.3,C
1022,5.5,50.6,yes,no,75.8,59.2,80.7,71.2,C
1023,6.2,62.8,yes,yes,75.6,82.4,80.3,84.5,C
1024,5.5,66.9,no,no,69.7,71.9,83.6,66.0,D
1025,2.4,93.0,no,no,45.2,78.2,57.7,50.1,E
1026,8.0,87.4,yes,yes,88.6,87.2,99.2,93.9,B
1027,7.2,65.4,yes,yes,89.0,53.6,63.5,75.3,C
1028,3.3,89.4,yes,yes,50.6,74.5,53.6,62.8,D
1029,0.7,90.5,yes,no,49.7,49.1,54.0,48.6,E
1030,4.5,75.6,yes,yes,72.4,76.0,52.2,62.6,D
1031,7.0,75.4,yes,yes,92.3,80.1,86.6,91.3,B
1032,6.7,75.5,yes,yes,83.7,100.0,93.8,92.2,B
1033,7.2,58.4,yes,yes,77.1,65.4,67.9,71.3,C
1034,7.8,90.6,yes,no,95.0,98.0,100.0,100.0,A
1035,5.8,85.7,yes,yes,72.8,77.2,85.7,76.1,C
1036,1.7,92.5,no,yes,32.3,41.5,42.4,52.8,E
1037,0.8,90.8,yes,yes,43.5,30.1,29.4,33.6,F
1038,1.6,89.3,no,no,45.2,21.7,35.9,38.7,F
1039,2.0,89.0,no,yes,50.0,49.5,41.1,43.3,E
1040,1.0,97.2,yes,yes,43.2,47.8,55.8,52.3,E
1041,3.9,80.3,yes,no,49.6,34.1,35.3,60.7,D
1042,6.4,91.4,yes,no,99.9,91.1,94.7,95.0,B
1043,0.5,90.1,yes,yes,36.7,37.7,10.4,34.8,F
1044,6.5,63.5,yes,no,91.7,75.5,77.8,72.4,C
1045,7.4,78.3,yes,no,89.9,100.0,78.8,83.5,C
1046,1.6,86.5,yes,yes,46.3,57.0,56.8,55.2,D
1047,0.7,55.2,yes,yes,23.2,30.3,30.2,32.8,F
1048,4.1,76.5,yes,yes,57.2,53.0,63.7,54.4,E
1049,7.0,50.1,yes,yes,88.5,98.0,74.4,81.6,C
1050,6.0,62.0,yes,yes,89.9,69.3,75.9,78.6,C
1051,0.8,74.3,yes,yes,31.6,23.4,33.7,27.7,F
1052,5.5,65.3,no,yes,56.1,69.7,83.2,62.4,D
1053,6.6,88.6,yes,yes,87.3,93.7,84.1,91.6,B
1054,2.5,81.9,yes,yes,34.7,35.9,58.0,46.8,E
1055,5.4,63.4,yes,yes,71.2,61.4,46.7,59.0,D
1056,4.2,50.9,no,no,58.9,76.1,50.7,58.3,D
1057,2.0,62.7,no,no,14.0,44.3,61.4,45.1,E
1058,7.3,76.0,yes,yes,86.3,76.2,82.3,80.5,C
1059,2.2,88.1,yes,no,45.8,46.1,46.4,46.2,E
1060,6.8,80.2,yes,yes,75.1,78.4,76.5,80.4,C
1061,5.8,52.8,yes,no,73.5,92.9,65.4,71.0,C
1062,2.2,73.3,yes,no,45.2,51.5,37.8,42.8,E
1063,5.8,98.0,yes,yes,88.4,60.5,93.3,81.4,C
1064,0.7,95.2,no,yes,47.3,56.4,33.1,43.1,E
1065,2.3,87.1,yes,no,52.1,44.2,37.4,48.9,E
1066,2.6,64.2,yes,no,45.3,51.6,40.5,49.2,E
1067,7.2,51.1,yes,yes,78.3,78.4,65.2,68.7,D
1068,7.4,72.8,yes,yes,70.0,100.0,70.3,90.2,B
1069,2.5,68.7,yes,yes,43.2,44.6,29.8,40.4,E
1070,4.1,83.8,yes,yes,45.5,57.3,60.0,56.9,D
1071,7.9,53.5,yes,yes,79.2,77.9,85.2,81.6,C
1072,5.5,96.2,yes,no,94.9,89.4,100.0,89.3,B
1073,1.0,86.8,yes,no,33.5,55.5,39.6,37.1,F
1074,3.4,98.5,yes,no,58.1,45.7,66.5,60.3,D
1075,3.7,93.3,yes,no,75.8,65.8,80.1,67.5,D
1076,2.8,71.5,yes,yes,39.7,59.8,48.6,52.4,E
1077,4.4,83.1,yes,yes,77.8,92.0,80.7,70.3,C
1078,6.0,92.3,yes,no,85.4,100.0,92.8,87.4,B
1079,5.7,60.2,yes,no,84.9,74.7,69.3,71.3,C
1080,3.1,50.5,no,no,30.0,46.0,46.0,38.0,F
1081,6.0,65.4,yes,yes,79.8,84.4,59.9,74.3,C
1082,4.5,71.9,yes,yes,63.5,56.4,58.1,59.0,D
1083,6.3,81.2,yes,yes,64.6,91.8,81.6,82.8,C
1084,1.4,63.2,yes,yes,32.1,24.6,38.5,29.1,F
1085,3.5,72.1,yes,no,64.5,45.7,58.7,58.2,D
1086,3.5,82.4,yes,no,61.4,73.7,70.8,66.6,D
1087,3.1,91.2,yes,no,82.7,69.7,78.6,69.3,D
1088,5.7,61.3,yes,no,64.7,87.2,77.0,77.3,C
1089,4.7,90.0,yes,no,55.3,71.1,50.1,67.2,D
1090,3.4,97.0,yes,no,58.9,57.8,66.0,65.0,D
1091,4.5,70.5,yes,yes,45.9,68.4,43.3,54.3,E
1092,5.8,77.6,yes,yes,78.2,82.7,76.4,75.0,C
1093,5.6,50.5,yes,no,73.1,74.3,67.4,65.7,D
1094,6.2,85.5,yes,no,76.3,78.1,100.0,88.5,B
1095,6.9,93.6,yes,yes,82.9,82.1,88.4,88.2,B
1096,6.0,51.0,yes,yes,63.1,62.3,64.5,66.5,D
1097,1.9,92.2,yes,no,63.6,60.0,53.3,59.4,D
1098,6.8,57.5,yes,no,68.3,100.0,82.5,80.5,C
1099,3.0,92.1,no,yes,48.9,49.4,73.5,62.1,D
1100,5.5,77.1,yes,yes,74.5,76.1,63.7,74.8,C
1101,7.9,68.5,yes,no,93.3,81.8,96.3,90.8,B
1102,2.7,97.1,yes,no,64.8,48.2,52.3,56.5,D
1103,2.5,80.6,yes,no,68.1,40.8,41.4,43.5,E
1104,1.9,51.9,no,yes,31.2,42.8,29.7,37.5,F
1105,7.9,88.3,yes,yes,92.2,76.0,89.7,100.0,A
1106,3.7,59.1,yes,no,67.7,48.8,65.2,63.2,D
1107,6.4,96.2,yes,no,83.2,76.6,83.0,81.6,C
1108,0.9,58.3,yes,no,34.9,22.6,23.0,24.6,F
1109,1.9,74.4,no,no,45.1,39.9,53.1,49.1,E
1110,1.0,76.1,yes,yes,31.3,36.2,26.3,39.6,F
1111,6.6,78.2,yes,no,99.3,87.7,93.8,91.5,B
1112,1.3,76.7,yes,yes,39.0,44.1,43.7,38.3,F
1113,7.4,72.0,yes,yes,100.0,92.5,82.3,89.5,B
1114,5.5,85.6,yes,no,86.9,85.9,87.8,86.4,B
1115,7.3,57.8,yes,yes,86.3,96.9,93.0,84.9,C
1116,3.6,89.4,yes,yes,42.6,67.7,51.0,59.0,D
1117,4.4,51.9,yes,yes,53.8,59.0,67.4,61.5,D
1118,0.7,92.1,yes,no,43.7,22.4,34.1,35.4,F
1119,4.0,87.5,no,yes,80.3,57.3,64.4,59.1,D
1120,4.9,89.8,yes,yes,86.6,57.6,72.0,71.9,C
1121,1.3,64.8,yes,yes,53.6,42.1,24.5,36.1,F
1122,7.9,92.5,yes,yes,98.3,100.0,96.0,100.0,A
1123,0.5,84.6,yes,no,48.3,47.7,43.0,43.6,E
1124,2.5,98.4,yes,yes,65.6,71.4,46.9,62.2,D
1125,5.1,51.0,no,yes,61.2,56.8,88.3,66.2,D
1126,4.2,89.5,yes,yes,79.8,81.3,76.5,79.4,C
1127,2.3,81.2,yes,no,44.0,39.8,41.7,41.4,E
1128,7.9,99.5,yes,no,91.5,91.4,96.9,100.0,A
1129,1.9,72.2,yes,no,49.5,43.7,36.3,45.2,E
1130,4.8,64.0,yes,no,66.8,50.5,64.3,61.8,D
1131,1.4,94.0,no,no,34.0,51.0,43.6,42.2,E
1132,0.9,66.3,yes,yes,35.0,38.9,20.3,43.5,E
1133,4.2,85.1,yes,no,69.5,61.3,67.3,69.8,D
1134,6.5,66.6,no,yes,83.0,83.1,83.2,81.1,C
1135,4.5,97.3,yes,yes,61.9,75.2,59.5,68.0,D
1136,2.7,76.3,yes,yes,72.7,68.7,43.6,58.6,D
1137,0.6,66.0,yes,yes,58.7,24.1,41.2,31.0,F
1138,7.6,91.1,yes,no,100.0,89.6,87.8,89.5,B
1139,2.1,53.1,yes,yes,25.4,40.1,11.5,29.4,F
1140,4.8,54.7,yes,yes,65.1,59.6,74.1,69.9,D
1141,0.6,91.8,yes,yes,23.9,32.6,20.3,31.8,F
1142,1.2,66.2,yes,no,52.5,44.3,59.1,43.5,E
1143,1.8,58.8,no,no,22.0,20.6,25.4,30.4,F
1144,1.3,79.4,yes,no,52.0,57.3,26.1,46.0,E
1145,4.5,62.7,yes,yes,61.2,52.4,67.9,55.4,D
1146,3.5,99.4,no,no,80.3,81.6,68.3,68.5,D
1147,6.5,91.0,yes,yes,88.1,68.5,72.6,79.0,C
1148,1.4,94.5,yes,yes,59.6,31.5,57.3,55.9,D
1149,3.7,91.7,yes,no,58.4,55.9,66.4,61.4,D
1150,3.7,94.3,yes,no,81.7,77.1,91.9,72.9,C
1151,2.2,66.9,yes,yes,67.1,46.9,45.8,51.9,E
1152,1.2,83.7,yes,no,44.9,43.6,33.6,42.5,E
1153,0.6,95.3,no,yes,55.3,51.9,80.2,52.2,E
1154,0.6,84.3,yes,yes,27.8,32.5,29.1,41.4,E
1155,3.5,99.9,yes,no,54.8,90.0,60.4,62.0,D
1156,0.9,93.3,yes,no,36.6,42.2,37.0,43.2,E
1157,3.5,53.5,yes,yes,40.2,38.7,36.0,45.2,E
1158,3.8,75.1,yes,yes,82.3,91.9,60.7,65.2,D
1159,3.8,63.8,yes,yes,58.2,53.1,53.4,62.2,D
1160,1.9,93.8,yes,yes,47.3,46.3,48.7,45.0,E
1161,4.2,96.9,yes,no,66.0,61.0,66.3,66.6,D
1162,3.4,78.3,yes,yes,55.6,37.4,45.9,49.3,E
1163,7.9,52.9,no,no,83.3,97.9,92.4,88.2,B
1164,0.8,67.3,yes,yes,21.5,36.5,17.0,36.0,F
1165,0.9,59.4,yes,yes,36.3,13.3,25.5,25.7,F
1166,6.7,76.5,yes,no,90.5,100.0,83.3,87.0,B
1167,2.5,99.2,yes,yes,68.3,59.1,57.4,58.4,D
1168,1.9,67.2,yes,no,57.3,59.5,50.7,46.0,E
1169,7.1,86.7,no,yes,90.0,100.0,100.0,97.8,A
1170,4.5,91.6,yes,yes,69.1,51.2,77.4,66.3,D
1171,5.1,91.5,yes,yes,73.1,88.4,77.6,80.4,C
1172,0.6,57.5,yes,yes,7.2,40.8,28.9,29.7,F
1173,2.5,61.9,yes,yes,37.3,44.8,45.9,42.8,E
1174,2.4,61.2,yes,yes,33.7,51.9,24.6,40.9,E
1175,6.2,64.9,no,no,92.6,80.8,98.4,84.9,C
1176,3.4,52.3,yes,no,36.9,55.7,44.3,39.1,F
1177,4.8,77.0,yes,no,79.0,68.0,67.1,72.4,C
1178,7.5,87.0,no,yes,100.0,100.0,97.0,100.0,A
1179,7.9,63.0,yes,yes,85.0,100.0,100.0,96.8,A
1180,1.5,82.0,yes,yes,38.5,53.8,42.5,49.1,E
1181,4.7,77.3,yes,no,71.0,54.2,76.2,66.5,D
1182,5.7,55.0,no,no,45.9,74.4,69.8,58.7,D
1183,6.4,62.0,yes,yes,71.6,70.8,74.0,79.2,C
1184,7.4,62.1,yes,no,100.0,100.0,80.3,89.4,B
1185,6.0,74.4,no,yes,72.5,78.4,84.6,74.0,C
1186,5.7,81.4,yes,no,57.4,82.4,83.8,77.3,C
1187,0.9,65.1,yes,yes,12.3,22.0,27.0,26.4,F
1188,4.6,56.4,yes,no,65.1,49.7,55.0,53.0,E
1189,5.0,63.5,yes,no,77.5,54.8,67.8,70.9,C
1190,5.7,52.0,yes,no,56.1,70.5,62.8,61.5,D
1191,4.9,87.4,yes,no,78.8,81.1,86.0,76.6,C
1192,3.6,85.0,yes,yes,68.7,76.5,69.9,59.5,D
1193,4.2,83.5,yes,yes,57.5,64.7,76.0,66.7,D
1194,7.8,80.9,no,no,100.0,100.0,95.0,96.7,A
1195,3.0,64.9,yes,no,47.1,46.2,44.1,55.7,D
1196,6.4,55.8,yes,no,74.1,73.5,92.2,69.7,D
1197,5.1,80.0,yes,yes,76.7,73.8,54.4,66.0,D
1198,3.8,86.6,yes,yes,75.1,69.0,65.5,63.0,D
1199,3.6,90.5,yes,yes,67.9,66.9,70.2,69.9,D
1200,4.5,86.3,yes,no,70.9,50.8,82.0,63.6,D
1201,6.5,82.9,yes,yes,80.8,77.1,89.8,75.9,C
1202,1.4,91.2,yes,yes,36.0,37.0,19.4,41.6,E
1203,7.3,88.1,yes,yes,87.1,100.0,82.7,100.0,A
1204,6.3,97.2,yes,yes,97.4,90.8,98.2,84.5,C
1205,3.1,50.3,yes,yes,49.2,51.6,57.6,49.4,E
1206,0.6,57.3,yes,yes,35.4,53.1,30.4,37.7,F
1207,1.3,79.0,yes,yes,45.7,49.0,43.4,40.5,E
1208,1.6,70.1,yes,yes,58.1,18.7,34.0,36.8,F
1209,1.3,67.0,yes,no,17.3,48.9,35.4,38.0,F
1210,1.3,87.3,yes,yes,72.5,59.0,58.4,53.5,E
1211,7.7,76.8,yes,yes,86.7,92.9,93.0,87.9,B
1212,5.4,76.3,no,no,79.7,79.4,76.0,78.7,C
1213,6.7,52.5,yes,yes,62.8,68.2,68.2,72.5,C
1214,4.7,73.1,yes,yes,48.9,55.0,59.7,64.7,D
1215,5.1,80.4,yes,no,70.4,74.8,60.4,65.8,D
1216,7.1,64.0,yes,yes,80.2,79.6,71.9,83.6,C
1217,2.5,61.9,yes,yes,30.1,30.0,46.2,36.0,F
1218,5.7,77.5,yes,no,70.9,100.0,100.0,79.6,C
1219,7.2,95.6,no,no,81.7,96.0,98.9,100.0,A
1220,7.5,55.8,no,yes,76.6,72.3,77.1,78.0,C
1221,3.8,65.5,yes,no,57.2,62.7,85.1,55.9,D
1222,6.9,52.9,no,no,81.5,71.9,58.9,74.5,C
1223,4.3,66.3,yes,no,67.7,80.8,59.1,65.5,D
1224,2.4,84.7,yes,no,59.8,65.3,63.0,59.5,D
1225,2.4,65.9,yes,no,32.0,45.0,41.2,42.9,E
1226,3.9,69.9,no,yes,72.1,71.2,55.9,62.8,D
1227,2.4,96.8,yes,yes,45.6,53.8,69.7,49.2,E
1228,0.7,67.4,yes,no,36.1,27.0,43.7,34.2,F
1229,1.3,77.0,yes,no,33.8,45.2,45.8,41.1,E
1230,6.9,96.7,yes,yes,93.5,73.3,94.8,84.8,C
1231,7.1,75.4,yes,no,100.0,82.2,97.7,94.2,B
1232,7.0,58.5,yes,no,72.3,72.4,86.9,78.1,C
1233,4.7,57.2,yes,no,83.0,64.8,74.8,66.9,D
1234,7.5,94.9,yes,yes,100.0,98.0,78.1,96.7,A
1235,4.2,94.3,yes,no,88.4,40.3,67.7,67.8,D
1236,4.0,62.6,yes,yes,69.8,52.1,56.1,56.2,D
1237,4.1,81.2,yes,no,62.0,46.4,51.9,61.6,D
1238,2.4,58.3,yes,yes,23.3,41.6,29.2,35.5,F
1239,5.1,61.6,yes,yes,71.1,62.2,64.3,66.6,D
1240,3.9,96.0,no,yes,44.6,58.4,59.5,60.5,D
1241,7.8,70.1,yes,no,91.1,70.2,96.6,80.7,C
1242,1.8,60.4,yes,no,40.9,44.2,47.9,38.2,F
1243,1.1,76.2,no,yes,37.7,28.5,40.3,42.9,E
1244,3.1,92.6,yes,yes,67.6,66.6,81.2,69.6,D
1245,2.1,91.6,yes,no,62.5,43.6,45.8,48.9,E
1246,7.9,83.1,yes,yes,100.0,100.0,76.1,97.3,A
1247,4.7,90.7,yes,no,82.1,63.2,80.0,82.3,C
1248,3.2,89.0,no,yes,49.6,68.7,65.0,53.0,E
1249,5.3,98.2,yes,yes,79.9,74.8,96.1,78.0,C
1250,3.9,82.8,yes,no,66.2,55.5,59.4,57.8,D
1251,2.1,79.9,yes,yes,56.7,63.6,49.3,51.3,E
1252,3.5,95.3,yes,no,65.9,85.0,75.3,75.8,C
1253,2.6,68.1,yes,no,56.5,53.2,46.3,51.1,E
1254,5.3,74.6,yes,no,71.2,85.7,78.5,79.9,C
1255,6.6,93.0,yes,no,94.8,76.5,84.3,94.0,B
1256,2.5,98.9,yes,no,42.7,51.1,49.6,62.1,D
1257,5.2,71.1,yes,yes,63.7,72.2,64.7,66.7,D
1258,5.8,79.5,no,yes,76.8,72.2,80.2,82.5,C
1259,3.3,91.9,yes,no,44.1,55.8,43.5,55.3,D
1260,4.2,75.9,yes,no,51.2,50.7,55.1,54.5,E
1261,3.2,70.2,yes,no,66.9,44.2,59.9,57.3,D
1262,3.3,53.2,yes,no,49.0,66.6,62.6,55.8,D
1263,3.8,60.6,yes,yes,45.0,66.3,35.1,58.9,D
1264,2.7,66.6,no,no,58.6,41.4,45.9,42.7,E
1265,4.2,70.1,yes,yes,65.0,85.1,78.1,68.4,D
1266,6.1,88.8,yes,no,97.8,70.0,91.1,84.8,C
1267,3.5,58.3,no,yes,35.1,36.0,50.1,44.7,E
1268,7.6,53.6,yes,no,95.7,77.4,82.6,84.7,C
1269,2.1,79.4,yes,no,49.8,38.2,33.8,41.0,E
1270,3.9,50.4,yes,no,54.8,44.4,46.8,46.1,E
1271,5.0,96.5,yes,no,89.4,92.2,88.4,83.3,C
1272,4.6,62.8,yes,no,82.1,94.0,76.5,71.2,C
1273,7.6,91.7,yes,no,93.6,100.0,100.0,94.5,B
1274,2.9,69.0,yes,yes,43.0,45.4,39.0,44.7,E
1275,3.3,99.9,yes,no,67.3,74.5,59.2,59.4,D
1276,5.0,75.1,yes,no,88.9,73.4,71.8,71.3,C
1277,5.0,98.1,no,no,99.3,70.3,58.6,69.5,D
1278,6.4,73.4,yes,yes,87.3,88.5,79.0,85.0,B
1279,6.5,85.7,yes,yes,81.3,91.9,85.6,88.3,B
1280,0.6,53.2,no,yes,29.2,39.5,27.9,29.9,F
1281,6.2,72.2,yes,no,68.8,54.7,69.6,75.7,C
1282,5.9,63.5,no,yes,64.8,70.3,76.0,64.7,D
1283,4.9,89.7,yes,yes,84.6,86.7,86.8,84.4,C
1284,2.9,76.6,yes,yes,63.9,58.7,67.2,60.5,D
1285,7.3,82.0,no,yes,96.4,100.0,88.0,92.1,B
1286,6.0,62.7,yes,no,70.4,75.0,56.2,66.7,D
1287,2.4,55.8,yes,no,37.0,45.4,55.8,50.8,E
1288,2.8,84.0,yes,yes,45.2,53.2,22.3,52.3,E
1289,5.8,72.1,yes,no,73.1,89.2,85.7,83.0,C
1290,7.4,70.9,no,yes,88.9,80.6,58.8,81.9,C
1291,4.2,98.2,yes,no,49.8,60.1,77.3,68.6,D
1292,7.1,55.9,yes,yes,89.1,77.4,57.0,75.9,C
1293,3.4,82.2,yes,no,65.0,73.0,48.9,58.3,D
1294,3.5,53.0,yes,yes,60.0,55.4,64.9,57.3,D
1295,5.6,84.2,yes,yes,76.6,92.7,73.6,87.2,B
1296,0.9,78.0,yes,no,29.9,54.1,30.0,29.9,F
1297,1.5,86.3,no,yes,38.7,31.6,68.4,53.3,E
1298,6.0,87.5,no,yes,89.9,89.6,94.1,80.9,C
1299,2.3,56.6,yes,no,43.6,35.2,46.7,43.1,E
1300,1.8,63.7,yes,no,49.2,26.7,47.1,33.0,F
1301,1.2,62.6,no,no,42.3,24.2,30.6,27.0,F
1302,2.2,80.4,yes,yes,52.1,41.8,41.2,49.2,E
1303,2.4,62.9,yes,no,57.0,54.5,32.6,48.3,E
1304,3.1,75.8,yes,yes,80.4,51.1,63.6,63.4,D
1305,7.5,72.1,no,yes,84.1,100.0,98.9,98.6,A
1306,5.3,79.3,yes,no,78.5,91.5,96.2,80.7,C
1307,5.7,67.6,yes,no,78.3,63.1,81.0,79.1,C
1308,1.5,96.2,yes,yes,51.4,28.0,52.3,42.9,E
1309,1.9,98.3,yes,yes,55.9,47.6,58.0,53.0,E
1310,7.2,67.5,yes,no,91.0,99.6,89.5,88.8,B
1311,5.3,95.7,yes,yes,68.0,73.9,67.3,81.1,C
1312,6.6,89.7,yes,no,76.3,85.1,71.6,83.1,C
1313,3.2,61.3,yes,yes,51.0,29.5,48.3,44.2,E
1314,4.8,78.1,yes,no,70.7,62.4,72.7,70.5,C
1315,4.3,68.9,no,no,66.0,58.9,53.5,69.4,D
1316,2.0,90.0,yes,no,45.5,39.6,41.2,47.6,E
1317,6.7,94.7,yes,yes,96.5,85.9,71.1,87.0,B
1318,3.0,81.1,yes,yes,70.6,67.1,76.5,65.4,D
1319,4.0,81.5,no,yes,54.4,63.3,60.8,60.1,D
1320,1.5,86.1,yes,no,58.1,26.0,45.8,38.2,F
1321,5.3,74.8,yes,yes,70.9,84.4,57.6,70.4,C
1322,6.4,73.5,no,no,78.3,82.1,81.2,84.9,C
1323,3.6,78.2,yes,yes,62.7,81.8,64.0,69.9,D
1324,7.8,90.9,yes,yes,100.0,100.0,91.2,95.9,A
1325,2.4,82.4,yes,yes,52.4,48.7,57.9,42.4,E
1326,7.0,57.2,yes,yes,89.9,90.2,82.5,76.3,C
1327,5.9,57.0,yes,no,79.8,63.7,76.4,71.1,C
1328,7.5,70.8,yes,yes,87.3,88.4,79.2,82.9,C
1329,6.1,83.0,yes,yes,74.6,59.4,80.0,84.6,C
1330,4.2,69.6,yes,yes,65.1,58.1,59.9,55.1,D
1331,3.6,69.1,no,no,69.1,70.9,86.8,65.9,D
1332,6.7,94.8,yes,no,93.0,76.7,82.2,84.6,C
1333,6.8,93.4,yes,no,99.2,97.6,81.4,96.3,A
1334,4.9,73.8,yes,no,72.6,56.2,70.5,73.7,C
1335,5.8,85.9,yes,no,81.3,70.8,83.8,81.7,C
1336,4.0,72.6,yes,yes,59.8,56.2,67.5,56.3,D
1337,2.1,80.2,yes,yes,46.2,34.3,52.9,47.1,E
1338,0.9,63.7,yes,yes,23.6,57.5,40.2,37.7,F
1339,5.4,74.9,yes,yes,91.3,76.7,64.3,71.1,C
1340,5.5,82.1,yes,yes,66.8,74.3,78.2,75.1,C
1341,5.5,72.1,yes,yes,55.5,75.8,57.2,73.5,C
1342,4.7,88.0,no,yes,70.8,79.6,82.2,75.5,C
1343,3.1,63.4,yes,yes,45.4,44.9,42.6,56.4,D
1344,2.3,50.6,yes,yes,76.0,51.8,47.0,46.6,E
1345,1.0,95.7,yes,no,35.2,40.9,34.2,36.8,F
1346,1.6,68.1,yes,no,55.4,39.9,56.2,45.8,E
1347,5.2,62.6,no,no,71.6,75.0,62.3,70.1,C
1348,6.3,73.8,yes,yes,67.0,86.4,69.9,88.8,B
1349,7.3,62.5,yes,no,91.0,85.8,80.6,80.6,C
1350,1.1,86.7,yes,no,40.1,63.9,58.9,51.8,E
1351,6.6,65.3,yes,no,75.9,71.0,85.0,71.1,C
1352,5.0,99.6,yes,yes,63.2,96.6,74.6,77.9,C
1353,2.8,63.8,yes,no,48.4,42.2,56.5,46.4,E
1354,5.9,68.1,no,yes,64.3,55.2,67.5,65.6,D
1355,7.9,76.9,yes,yes,89.3,93.7,96.4,91.4,B
1356,3.3,50.2,yes,yes,42.4,32.3,46.4,42.6,E
1357,5.2,50.2,yes,yes,62.6,72.8,51.9,68.5,D
1358,2.5,61.7,yes,yes,22.2,34.0,32.9,45.5,E
1359,2.0,54.1,yes,yes,36.5,36.2,19.1,29.0,F
1360,1.6,88.0,yes,no,58.0,44.4,40.7,46.6,E
1361,0.7,93.6,yes,no,41.6,56.4,31.9,38.6,F
1362,5.9,70.7,yes,no,54.6,85.3,67.4,69.4,D
1363,1.6,75.8,yes,no,38.2,53.4,41.0,42.5,E
1364,5.6,80.6,yes,yes,75.7,63.5,70.1,73.5,C
1365,7.0,54.7,yes,yes,67.1,69.1,91.1,77.4,C
1366,6.8,73.5,yes,no,88.8,84.1,92.2,82.9,C
1367,2.7,98.0,yes,no,65.1,61.9,52.1,55.9,D
1368,1.4,60.4,yes,yes,21.9,29.1,40.6,29.1,F
1369,3.8,54.2,no,yes,66.7,52.7,80.3,54.6,E
1370,1.9,64.0,yes,no,38.0,49.2,45.2,43.5,E
1371,3.3,77.4,yes,no,50.0,66.3,42.3,51.8,E
1372,4.8,93.4,yes,yes,67.9,86.6,63.5,68.0,D
1373,5.3,67.7,yes,yes,86.7,92.5,81.9,74.9,C
1374,2.1,67.2,yes,no,47.1,31.6,42.0,49.3,E
1375,2.2,67.2,yes,no,58.8,15.4,37.8,45.3,E
1376,7.0,92.0,yes,no,85.1,100.0,91.9,93.6,B
1377,7.6,73.5,yes,no,100.0,93.6,92.5,83.0,C
1378,5.3,66.6,yes,no,62.2,86.0,81.3,76.0,C
1379,4.7,58.8,no,yes,64.2,68.2,72.1,58.5,D
1380,5.4,56.3,yes,no,56.2,71.0,47.1,60.3,D
1381,1.5,98.7,yes,yes,26.8,50.2,45.4,50.0,E
1382,7.2,74.3,yes,yes,84.5,84.2,71.6,80.2,C
1383,2.1,53.6,yes,no,39.5,40.5,24.9,33.5,F
1384,5.5,95.3,yes,no,90.5,87.8,78.7,80.3,C
1385,2.2,97.7,yes,yes,46.3,48.5,55.3,51.2,E
1386,5.8,61.9,no,yes,67.6,56.1,60.5,66.3,D
1387,6.2,65.8,yes,no,83.8,60.5,82.2,75.8,C
1388,6.1,98.0,yes,yes,90.4,88.4,78.8,92.2,B
1389,3.7,50.8,yes,yes,44.0,37.1,58.4,49.3,E
1390,5.1,66.2,yes,yes,78.9,76.9,71.0,77.1,C
1391,5.0,71.5,yes,yes,76.2,68.7,71.8,60.4,D
1392,5.9,88.5,no,yes,77.5,86.2,94.3,82.8,C
1393,4.2,68.4,yes,no,56.9,58.6,47.6,59.0,D
1394,4.3,66.9,yes,no,45.0,60.7,54.0,55.1,D
1395,5.6,86.5,yes,yes,71.2,60.4,66.2,69.9,D
1396,1.8,92.5,yes,no,52.1,49.8,36.8,41.7,E
1397,5.4,54.7,yes,no,53.3,71.6,74.4,69.1,D
1398,1.6,57.1,yes,yes,34.9,31.9,39.3,37.5,F
1399,5.9,83.0,yes,yes,93.0,91.3,77.2,82.9,C
1400,3.4,65.7,yes,no,43.8,17.9,43.4,48.7,E
1401,6.8,83.4,no,yes,83.3,90.0,100.0,89.7,B
1402,1.2,58.7,yes,yes,23.9,25.4,14.2,29.7,F
1403,4.0,90.2,yes,no,83.3,69.6,72.8,76.8,C
1404,1.8,66.1,yes,no,32.8,26.3,40.3,31.4,F
1405,7.0,66.8,yes,no,100.0,97.5,84.9,92.1,B
1406,1.4,58.9,yes,no,40.1,40.9,44.9,44.4,E
1407,4.1,60.6,yes,yes,67.3,78.9,66.6,66.3,D
1408,1.3,79.9,yes,yes,48.7,36.2,48.1,49.5,E
1409,6.5,79.1,yes,yes,85.1,82.2,79.5,80.8,C
1410,2.6,91.2,yes,no,49.3,54.8,49.9,65.0,D
1411,5.0,81.5,yes,yes,68.0,82.0,62.2,67.6,D
1412,1.8,71.4,yes,yes,44.4,45.6,36.6,39.8,F
1413,3.1,90.2,yes,yes,38.6,60.4,88.8,70.8,C
1414,1.4,50.8,yes,yes,20.9,32.9,17.7,26.3,F
1415,4.6,85.1,yes,yes,66.8,79.3,39.4,67.0,D
1416,0.5,77.2,yes,no,45.3,38.6,56.4,40.3,E
1417,7.9,61.0,no,yes,100.0,93.4,98.2,93.6,B
1418,3.6,81.9,yes,yes,81.1,62.1,58.5,58.4,D
1419,5.2,99.3,no,no,89.6,87.7,84.4,87.8,B
1420,2.7,67.3,no,no,56.0,61.6,35.6,49.4,E
1421,2.4,81.9,yes,yes,53.1,57.4,69.6,54.9,E
1422,6.8,72.0,yes,no,98.4,95.4,87.9,90.7,B
1423,6.2,69.6,yes,no,74.9,82.1,68.3,75.9,C
1424,5.3,65.4,yes,no,81.3,64.5,82.9,61.3,D
1425,6.1,61.4,yes,no,95.4,81.5,80.3,80.6,C
1426,1.8,61.8,yes,yes,42.5,37.5,48.0,40.6,E
1427,7.5,88.7,yes,yes,96.7,100.0,100.0,100.0,A
1428,3.9,66.2,yes,no,61.9,63.9,61.1,59.7,D
1429,7.0,76.5,yes,no,74.5,82.7,77.4,78.6,C
1430,6.0,60.7,yes,yes,70.7,51.2,62.7,68.5,D
1431,2.6,60.6,yes,yes,39.4,56.3,49.8,50.8,E
1432,4.8,79.4,no,no,80.5,69.4,76.7,66.0,D
1433,7.7,79.1,yes,no,94.3,100.0,95.8,99.9,A
1434,0.8,75.3,yes,yes,51.7,32.3,52.7,44.9,E
1435,3.7,84.7,yes,yes,39.9,61.6,58.6,62.3,D
1436,5.2,81.9,yes,no,72.8,84.6,86.6,80.7,C
1437,3.0,60.0,yes,no,61.0,44.6,53.7,42.8,E
1438,2.9,52.8,yes,yes,47.0,50.1,39.8,42.7,E
1439,6.1,63.5,yes,yes,96.2,78.8,97.6,79.4,C
1440,7.4,71.6,yes,no,81.3,67.0,93.6,81.4,C
1441,4.5,60.4,yes,yes,53.9,30.2,55.3,56.9,D
1442,7.6,74.1,yes,no,96.8,76.6,80.7,86.8,B
1443,1.3,51.8,yes,yes,42.1,31.0,16.8,40.2,E
1444,2.2,73.9,yes,yes,46.0,57.8,56.4,47.1,E
1445,1.2,67.6,no,no,50.7,44.4,39.6,33.0,F
1446,3.8,98.0,yes,yes,83.1,75.3,63.9,65.9,D
1447,5.2,93.8,yes,yes,91.4,76.1,54.0,76.7,C
1448,2.0,97.6,yes,no,46.7,34.6,34.1,50.7,E
1449,3.9,82.9,yes,no,28.3,55.4,45.4,60.4,D
1450,5.6,98.6,yes,yes,76.3,99.9,86.4,82.8,C
1451,5.3,59.5,yes,yes,68.3,60.1,67.0,70.0,D
1452,5.2,76.6,yes,yes,58.9,72.6,73.3,67.1,D
1453,5.0,87.2,yes,no,71.7,76.3,64.6,76.5,C
1454,7.9,74.1,yes,no,100.0,94.3,96.3,97.7,A
1455,5.9,60.7,yes,yes,53.4,63.3,68.4,65.4,D
1456,7.3,82.7,yes,yes,85.8,100.0,100.0,95.7,A
1457,7.6,98.6,yes,yes,96.2,83.8,98.0,100.0,A
1458,6.9,76.2,yes,no,81.6,83.9,84.5,81.9,C
1459,1.2,62.4,yes,no,55.5,15.5,21.8,36.4,F
1460,4.5,52.0,yes,yes,62.4,63.8,56.4,66.7,D
1461,3.4,55.2,yes,no,63.7,55.7,51.0,49.6,E
1462,1.2,88.9,yes,no,51.7,59.1,63.2,51.7,E
1463,4.7,74.3,no,yes,76.8,75.4,64.2,71.3,C
1464,2.1,60.4,yes,yes,56.0,44.5,38.8,46.3,E
1465,4.9,93.0,yes,yes,92.5,73.7,50.5,68.2,D
1466,6.6,71.8,no,no,82.0,100.0,70.1,89.6,B
1467,3.5,89.8,no,yes,61.8,62.5,32.7,57.3,D
1468,7.6,90.6,yes,no,100.0,70.3,100.0,93.3,B
1469,6.2,85.9,yes,no,75.0,91.1,83.9,87.6,B
1470,6.5,98.6,yes,yes,72.3,99.1,90.5,88.1,B
1471,1.3,94.8,yes,yes,29.9,49.1,42.2,47.3,E
1472,7.6,56.3,yes,yes,60.8,74.0,87.2,81.1,C
1473,0.8,67.2,yes,yes,34.4,53.8,47.2,41.3,E
1474,6.8,97.7,yes,no,97.2,88.8,88.2,89.9,B
1475,0.7,82.8,yes,no,26.5,19.7,18.8,32.2,F
1476,1.7,72.2,yes,yes,32.8,35.2,49.0,35.2,F
1477,2.9,93.1,yes,no,48.1,61.2,38.7,52.1,E
1478,6.0,81.9,yes,yes,97.9,89.3,81.7,89.0,B
1479,7.2,68.5,yes,no,96.7,83.6,88.9,89.8,B
1480,5.5,63.6,yes,yes,75.1,77.6,60.9,71.6,C
1481,6.0,92.6,yes,no,100.0,97.1,97.6,90.5,B
1482,2.7,92.3,no,yes,57.9,50.9,59.5,60.3,D
1483,7.8,95.9,yes,no,100.0,96.5,100.0,100.0,A
1484,3.6,89.2,yes,yes,55.6,51.6,46.8,59.7,D
1485,7.3,59.2,yes,no,73.6,86.7,95.5,84.8,C
1486,6.3,69.4,yes,no,89.8,100.0,85.4,84.5,C
1487,3.3,66.4,yes,yes,44.2,58.4,51.4,43.9,E
1488,3.1,62.9,yes,no,41.0,43.5,49.4,43.0,E
1489,5.6,89.7,yes,yes,89.6,71.1,80.5,86.8,B
1490,7.6,56.2,yes,yes,75.8,74.3,86.5,73.9,C
1491,5.5,74.0,yes,yes,78.4,77.6,75.1,79.9,C
1492,6.9,93.3,yes,no,74.7,84.2,94.8,94.1,B
1493,7.7,89.4,yes,no,91.3,100.0,100.0,99.1,A
1494,3.0,63.4,yes,yes,49.3,60.1,26.6,50.6,E
1495,4.5,51.8,yes,no,64.6,62.8,67.3,62.3,D
1496,5.1,70.7,yes,yes,75.4,71.1,80.8,73.0,C
1497,2.1,79.7,yes,no,33.5,34.1,37.6,43.5,E
1498,6.5,92.7,yes,no,91.5,98.1,98.9,94.7,B
1499,2.5,76.4,yes,no,23.0,61.5,73.6,54.4,E
1500,5.8,63.3,no,yes,82.3,84.6,75.3,78.7,C
1501,4.4,84.5,yes,yes,85.0,77.7,79.4,75.8,C
1502,6.8,70.1,yes,no,91.8,96.8,66.0,79.0,C
1503,4.3,91.3,yes,yes,60.8,76.2,79.1,72.1,C
1504,4.9,51.2,yes,no,54.0,62.0,70.7,64.8,D
1505,1.9,71.0,yes,yes,51.1,35.0,51.8,40.8,E
1506,6.6,71.1,yes,no,100.0,80.1,74.3,90.9,B
1507,3.5,79.4,no,yes,59.0,83.5,67.6,61.9,D
1508,4.8,67.9,yes,yes,74.6,81.2,85.4,73.0,C
1509,6.8,70.1,yes,no,91.1,98.4,90.8,85.4,B
1510,4.1,86.7,yes,no,45.8,60.3,58.9,58.7,D
1511,2.6,58.6,no,no,55.1,52.1,29.6,49.4,E
1512,2.5,61.9,no,no,49.4,30.7,30.1,39.5,F
1513,4.7,55.1,no,no,63.0,62.4,56.9,65.3,D
1514,2.7,62.9,yes,no,59.1,38.6,53.4,41.7,E
1515,3.0,75.3,yes,yes,43.2,36.4,29.7,46.4,E
1516,2.3,59.5,yes,no,29.3,51.3,69.2,46.2,E
1517,3.8,53.7,yes,yes,49.0,86.4,44.6,50.0,E
1518,4.0,99.8,no,yes,48.7,49.4,65.5,62.3,D
1519,4.4,72.8,no,no,77.0,77.9,76.3,72.5,C
1520,4.9,91.6,yes,no,87.7,71.8,68.6,77.0,C
1521,4.9,86.9,yes,yes,64.3,78.7,72.3,75.9,C
1522,3.3,58.3,yes,yes,55.1,64.1,29.0,47.3,E
1523,7.3,75.6,yes,yes,92.0,68.7,96.3,85.8,B
1524,4.3,78.4,yes,no,51.5,47.5,65.8,58.8,D
1525,6.7,57.9,no,yes,66.6,65.3,61.8,68.4,D
1526,4.7,55.6,yes,no,61.6,60.5,69.0,60.2,D
1527,3.3,63.2,yes,no,56.3,48.4,54.8,54.9,E
1528,6.0,63.1,yes,yes,70.8,71.9,55.0,74.6,C
1529,1.8,63.9,yes,no,42.9,58.8,60.8,49.6,E
1530,7.8,62.6,yes,no,79.8,80.4,94.1,92.0,B
1531,4.8,77.3,yes,yes,67.1,70.4,85.2,76.5,C
1532,1.3,64.7,no,no,20.9,19.6,28.0,26.8,F
1533,3.7,88.6,no,no,64.8,68.2,53.0,56.4,D
1534,5.8,52.6,yes,no,42.0,56.2,58.1,59.8,D
1535,1.0,81.1,yes,yes,42.5,37.9,31.5,43.5,E
1536,2.5,88.6,no,no,77.9,61.1,68.5,63.7,D
1537,7.4,71.9,yes,no,58.1,82.4,84.4,82.0,C
1538,3.2,66.0,yes,no,62.6,72.2,58.3,59.4,D
1539,1.7,65.2,yes,no,30.0,38.4,26.6,33.9,F
1540,1.2,66.4,yes,no,39.9,59.0,26.8,39.7,F
1541,5.1,55.9,yes,no,53.4,49.0,62.8,54.2,E
1542,4.7,79.1,yes,no,78.1,74.7,48.6,65.8,D
1543,5.4,81.2,yes,yes,71.6,90.2,84.3,76.0,C
1544,7.7,69.5,yes,no,88.2,78.5,70.3,91.0,B
1545,1.0,97.8,yes,no,39.7,29.6,37.9,43.6,E
1546,2.0,95.6,yes,no,58.0,49.0,59.0,53.3,E
1547,2.3,64.9,yes,yes,32.7,54.2,45.1,36.1,F
1548,3.7,86.6,yes,no,64.5,63.8,58.6,62.0,D
1549,1.4,55.8,yes,no,38.8,33.8,37.8,30.8,F
1550,3.6,87.9,yes,no,53.3,52.2,42.5,54.6,E
1551,6.6,86.8,yes,yes,80.1,93.3,80.2,88.5,B
1552,1.7,67.8,yes,no,26.0,51.4,54.4,50.0,E
1553,7.4,69.3,no,yes,100.0,74.0,83.5,87.6,B
1554,7.3,79.3,yes,yes,87.6,58.3,74.1,81.0,C
1555,4.3,64.0,yes,no,41.7,64.1,48.8,51.4,E
1556,7.0,78.6,yes,no,90.6,69.0,89.2,93.0,B
1557,5.8,94.4,yes,yes,100.0,81.5,84.0,86.5,B
1558,3.2,72.2,yes,no,48.3,51.3,72.3,57.1,D
1559,4.7,60.2,yes,yes,78.7,66.1,79.8,68.4,D
1560,1.4,77.9,yes,no,51.9,34.6,44.3,35.3,F
1561,4.2,82.6,yes,no,73.2,90.1,76.6,76.5,C
1562,6.7,76.3,yes,no,75.8,90.1,89.8,86.8,B
1563,4.9,51.2,yes,yes,71.6,82.4,59.5,69.3,D
1564,3.4,83.5,yes,no,59.4,57.7,81.0,62.0,D
1565,5.5,51.8,yes,no,73.7,69.5,63.7,71.2,C
1566,7.8,70.9,no,no,85.8,79.9,100.0,91.7,B
1567,1.0,70.7,yes,yes,25.1,26.8,29.4,31.1,F
1568,3.0,92.3,yes,no,75.0,73.6,82.2,69.2,D
1569,1.7,93.1,yes,yes,30.7,30.2,45.7,50.6,E
1570,7.7,88.8,yes,no,96.0,96.6,100.0,93.3,B
1571,4.6,91.0,yes,yes,74.4,67.6,94.7,80.6,C
1572,1.5,60.9,yes,no,35.7,27.8,49.1,35.1,F
1573,5.1,85.8,yes,yes,54.7,81.7,73.8,71.4,C
1574,4.3,87.5,yes,no,93.9,64.7,74.8,74.8,C
1575,0.9,88.9,yes,yes,41.8,31.7,45.3,40.0,F
1576,7.0,89.7,yes,no,99.1,96.8,100.0,89.2,B
1577,5.8,58.2,no,no,66.2,78.2,85.2,77.0,C
1578,0.5,62.8,yes,no,27.4,17.5,37.4,33.9,F
1579,7.7,89.2,yes,no,92.5,88.3,100.0,91.7,B
1580,1.7,57.4,yes,no,28.5,24.4,15.5,28.5,F
1581,0.5,56.2,yes,no,28.7,24.9,30.9,25.1,F
1582,3.7,98.9,yes,no,68.2,70.2,62.2,69.0,D
1583,1.6,98.4,yes,yes,45.5,40.1,64.6,46.5,E
1584,4.8,66.8,yes,yes,76.0,100.0,84.1,75.1,C
1585,2.8,50.4,yes,yes,37.0,34.7,23.9,38.3,F
1586,1.9,69.9,no,yes,32.5,40.0,23.0,36.1,F
1587,7.9,51.3,yes,no,70.4,56.5,62.3,76.1,C
1588,3.0,57.2,yes,yes,48.3,32.9,44.4,39.2,F
1589,3.6,61.2,no,yes,40.3,49.8,57.8,49.5,E
1590,2.7,92.0,yes,no,39.3,39.0,32.6,51.8,E
1591,6.8,68.8,no,yes,85.1,81.0,79.2,85.2,B
1592,2.0,50.4,yes,yes,44.2,41.2,34.5,39.1,F
1593,1.5,81.8,yes,yes,72.0,23.0,40.1,36.9,F
1594,7.1,53.5,yes,no,78.1,78.1,81.6,84.8,C
1595,1.9,94.7,yes,no,59.4,58.4,60.6,58.3,D
1596,6.9,62.3,yes,yes,74.3,84.7,67.1,78.3,C
1597,4.8,61.9,yes,no,60.7,66.6,46.1,60.3,D
1598,6.7,69.9,yes,no,81.5,75.4,67.6,75.4,C
1599,1.0,55.4,yes,no,21.1,27.4,28.3,29.0,F
1600,7.7,51.2,yes,no,84.9,95.2,82.1,81.3,C
1601,2.7,95.7,yes,no,49.7,75.2,40.9,57.9,D
1602,0.9,93.2,yes,no,33.2,55.0,29.0,37.5,F
1603,6.2,95.8,yes,yes,88.6,82.5,84.1,80.4,C
1604,1.8,83.8,yes,yes,51.2,52.5,68.8,54.9,E
1605,3.1,50.7,yes,yes,36.7,38.9,28.3,38.1,F
1606,5.0,98.7,yes,yes,97.4,75.8,95.6,86.7,B
1607,1.0,85.4,yes,no,66.3,38.6,32.8,44.9,E
1608,2.0,70.8,yes,no,58.3,44.9,64.0,47.8,E
1609,4.2,86.6,yes,no,66.1,69.2,50.6,65.8,D
1610,3.7,78.4,no,no,45.7,61.6,35.0,53.9,E
1611,4.7,83.6,yes,yes,62.1,84.0,67.7,69.6,D
1612,6.0,91.2,yes,no,76.3,100.0,72.3,86.8,B
1613,3.1,96.8,yes,no,56.6,59.8,64.7,63.5,D
1614,3.5,89.8,yes,yes,71.2,73.3,62.2,71.6,C
1615,2.5,94.8,yes,no,48.1,63.0,57.1,50.3,E
1616,3.0,78.4,yes,yes,57.4,61.7,57.9,59.9,D
1617,0.9,66.9,yes,yes,39.2,23.7,25.9,34.7,F
1618,4.9,83.5,no,yes,79.6,84.6,77.6,74.6,C
1619,1.8,77.8,yes,yes,41.2,33.8,30.0,39.1,F
1620,5.9,52.8,yes,no,76.8,57.4,70.4,71.3,C
1621,0.8,78.8,no,yes,67.4,30.4,32.0,38.4,F
1622,0.9,70.9,yes,no,50.7,49.9,52.2,45.0,E
1623,2.6,68.5,yes,yes,61.2,52.9,37.9,50.6,E
1624,3.8,86.2,no,yes,73.4,60.5,49.2,65.4,D
1625,5.7,94.3,no,no,74.3,100.0,83.1,77.3,C
1626,5.7,59.9,yes,no,72.1,51.1,48.9,62.7,D
1627,7.8,89.7,yes,yes,90.8,91.6,98.8,97.6,A
1628,3.1,58.5,yes,no,40.5,49.4,62.7,52.2,E
1629,0.9,78.8,yes,no,42.2,17.6,38.2,31.1,F
1630,7.0,92.4,yes,yes,100.0,96.3,97.6,100.0,A
1631,6.0,95.3,yes,yes,88.9,77.3,100.0,93.1,B
1632,1.0,65.4,yes,yes,30.6,30.8,24.2,24.4,F
1633,1.1,90.9,yes,yes,37.1,53.1,39.4,50.9,E
1634,4.1,93.9,yes,no,97.8,81.0,98.4,79.0,C
1635,3.1,58.6,yes,no,47.9,63.4,43.8,50.6,E
1636,5.0,69.2,yes,yes,73.9,70.9,74.0,71.3,C
1637,2.1,88.8,yes,no,43.5,29.6,46.5,46.0,E
1638,7.7,50.7,yes,yes,81.5,78.5,68.8,82.5,C
1639,4.3,81.3,yes,no,50.6,73.6,74.9,65.9,D
1640,6.1,70.7,yes,no,64.7,65.1,69.7,73.2,C
1641,1.4,75.9,yes,yes,41.4,42.6,50.0,41.2,E
1642,5.1,70.9,no,yes,63.4,51.8,49.3,59.6,D
1643,7.0,59.8,yes,no,85.3,66.3,66.6,74.8,C
1644,0.7,67.4,yes,no,30.1,29.9,33.1,29.4,F
1645,4.5,93.1,yes,no,90.6,77.4,77.7,66.9,D
1646,2.4,80.5,yes,yes,50.0,38.8,50.6,44.5,E
1647,4.1,73.9,yes,yes,70.1,76.1,45.4,63.2,D
1648,6.6,85.3,yes,yes,88.8,94.4,100.0,95.9,A
1649,5.7,59.2,no,yes,80.9,65.3,64.9,70.0,C
1650,6.2,54.2,yes,no,81.8,67.2,63.2,76.2,C
1651,2.1,77.4,yes,yes,59.9,45.4,55.5,44.7,E
1652,6.7,50.6,yes,no,69.8,83.8,77.6,83.4,C
1653,5.1,57.4,yes,yes,36.9,56.9,70.8,60.9,D
1654,1.0,85.9,yes,yes,52.1,41.1,53.5,51.2,E
1655,7.0,95.1,yes,no,100.0,78.0,100.0,100.0,A
1656,0.9,64.3,no,yes,49.2,36.4,49.9,39.7,F
1657,0.7,69.1,yes,no,43.2,42.1,33.0,42.4,E
1658,6.8,84.1,yes,no,100.0,100.0,100.0,95.4,A
1659,0.6,90.2,yes,no,48.2,49.7,33.3,49.5,E
1660,1.2,63.0,yes,no,34.4,45.4,36.6,34.7,F
1661,0.6,91.3,yes,yes,39.5,29.6,52.0,35.9,F
1662,7.1,98.6,yes,yes,89.5,89.9,100.0,99.4,A
1663,0.8,54.4,yes,yes,27.5,0.0,27.5,27.3,F
1664,3.3,61.2,yes,no,36.7,39.3,58.2,42.6,E
1665,2.1,86.3,yes,no,64.9,69.1,51.6,58.8,D
1666,3.1,51.8,yes,yes,33.5,14.1,38.8,35.5,F
1667,2.7,64.2,yes,no,42.4,42.5,41.4,43.5,E
1668,7.2,92.2,yes,yes,81.9,91.9,85.9,85.1,B
1669,6.3,84.1,yes,yes,85.7,69.6,90.0,81.7,C
1670,7.1,82.0,yes,yes,95.4,86.9,83.3,81.6,C
1671,5.9,80.6,yes,yes,76.5,76.9,76.3,84.4,C
1672,3.0,75.1,no,no,58.2,74.2,32.4,57.8,D
1673,1.9,88.3,yes,yes,48.9,29.0,53.2,41.0,E
1674,4.5,93.3,yes,no,70.5,75.7,74.1,66.4,D
1675,3.2,89.8,yes,no,69.2,32.8,59.9,54.3,E
1676,5.3,74.1,yes,yes,58.2,86.7,81.9,77.9,C
1677,0.8,88.9,yes,yes,37.7,41.6,42.3,43.8,E
1678,5.8,87.8,yes,no,80.6,85.5,69.7,81.4,C
1679,2.7,72.8,yes,no,63.9,42.4,61.2,58.5,D
1680,4.0,66.7,yes,no,51.7,49.2,53.9,53.9,E
1681,7.8,70.5,yes,no,83.3,93.7,99.0,86.3,B
1682,2.1,74.7,yes,yes,51.5,51.6,51.5,52.6,E
1683,1.4,57.3,yes,yes,21.8,17.7,33.1,24.9,F
1684,2.1,60.9,no,yes,58.1,59.3,43.2,45.1,E
1685,3.1,55.1,yes,no,51.6,48.1,50.9,47.7,E
1686,4.5,53.6,yes,no,55.3,65.0,45.5,56.8,D
1687,7.9,78.3,yes,yes,88.7,70.0,68.8,85.3,B
1688,7.0,84.9,yes,yes,70.8,80.7,80.5,83.4,C
1689,5.9,80.7,yes,no,70.7,67.9,84.2,76.3,C
1690,5.9,86.3,yes,yes,79.2,79.0,86.1,84.5,C
1691,2.6,70.3,no,yes,54.4,66.1,39.1,43.1,E
1692,7.5,90.0,yes,yes,100.0,100.0,92.9,100.0,A
1693,4.5,87.4,no,no,73.1,78.5,62.7,79.6,C
1694,1.7,85.6,no,no,65.6,49.8,58.4,53.2,E
1695,7.6,88.3,yes,no,100.0,85.7,93.7,99.9,A
1696,4.3,61.6,yes,yes,62.3,53.0,40.2,64.4,D
1697,1.7,78.5,yes,yes,44.3,55.9,48.3,49.4,E
1698,6.0,88.7,yes,no,80.6,80.8,90.1,83.0,C
1699,2.3,54.9,yes,no,31.0,27.7,57.3,32.4,F
1700,1.9,62.4,yes,no,19.7,9.5,46.6,33.6,F
1701,2.5,74.5,yes,no,54.8,54.7,60.5,56.9,D
1702,4.8,70.7,yes,yes,75.4,100.0,73.3,74.9,C
1703,2.7,95.7,yes,yes,46.3,65.0,63.1,58.8,D
1704,0.8,87.5,yes,yes,41.0,40.9,42.8,45.7,E
1705,3.4,52.0,yes,yes,49.3,55.2,45.1,53.5,E
1706,2.3,73.3,yes,no,36.1,42.8,38.2,49.5,E
1707,4.3,88.1,yes,yes,73.4,79.8,39.6,61.3,D
1708,3.9,83.5,yes,no,55.5,64.5,57.2,55.3,D
1709,1.1,76.9,yes,yes,17.0,36.4,36.0,33.7,F
1710,2.3,54.3,yes,no,41.9,28.9,48.2,35.6,F
1711,2.6,95.8,no,no,45.7,59.8,28.8,52.8,E
1712,4.1,70.8,no,yes,46.8,64.4,70.5,60.1,D
1713,6.7,57.3,yes,no,77.1,83.5,80.6,78.1,C
1714,2.1,54.2,yes,yes,49.1,37.2,44.0,31.6,F
1715,1.7,89.2,yes,no,52.3,51.6,67.8,52.5,E
1716,0.5,80.6,yes,no,35.8,25.6,23.7,42.0,E
1717,5.0,62.6,yes,no,81.5,75.8,79.3,74.5,C
1718,2.9,76.7,yes,yes,51.7,54.4,62.0,59.6,D
1719,5.5,97.3,yes,yes,100.0,73.7,94.7,87.2,B
1720,5.7,74.7,yes,no,66.8,49.9,83.8,67.7,D
1721,0.8,69.5,yes,no,45.4,36.5,37.1,38.8,F
1722,3.6,65.4,yes,no,41.6,46.0,52.3,58.7,D
1723,7.8,59.1,yes,yes,84.7,67.0,80.6,84.4,C
1724,2.6,95.5,yes,no,57.5,77.4,52.0,68.5,D
1725,4.5,58.6,yes,no,51.3,65.5,76.2,54.3,E
1726,4.5,52.7,yes,yes,65.3,71.0,79.8,63.2,D
1727,2.5,57.1,yes,no,40.9,57.0,43.0,45.4,E
1728,6.3,59.1,no,yes,65.7,57.8,72.7,70.5,C
1729,0.5,71.2,yes,no,54.5,38.8,30.1,40.6,E
1730,2.2,95.5,yes,no,28.8,51.4,44.8,51.4,E
1731,4.9,56.7,yes,yes,61.9,57.8,63.0,54.3,E
1732,7.4,57.3,yes,yes,88.4,91.3,94.5,90.7,B
1733,0.6,71.9,yes,yes,24.3,14.5,34.5,31.0,F
1734,5.0,95.2,yes,no,67.6,66.8,71.8,73.1,C
1735,0.5,96.4,yes,no,40.6,38.9,45.3,38.1,F
1736,5.2,97.5,yes,no,78.3,69.0,53.8,73.3,C
1737,3.6,56.3,yes,no,50.3,63.2,59.7,56.6,D
1738,3.8,85.3,yes,yes,62.7,64.5,78.8,60.1,D
1739,7.8,82.4,yes,yes,65.4,100.0,94.0,85.6,B
1740,5.6,51.5,yes,yes,85.0,80.8,60.4,75.3,C
1741,2.0,83.6,yes,yes,55.7,65.4,56.9,53.6,E
1742,8.0,84.8,yes,no,74.0,80.8,84.4,88.6,B
1743,2.4,82.8,yes,yes,72.8,76.4,76.7,61.6,D
1744,5.6,60.8,yes,no,80.6,89.9,77.6,77.0,C
1745,5.6,66.6,yes,yes,75.1,70.6,94.7,73.0,C
1746,6.9,77.7,yes,yes,78.4,82.7,100.0,86.9,B
1747,3.5,56.9,yes,no,37.3,46.3,54.0,49.3,E
1748,5.7,57.9,yes,yes,63.6,56.1,73.5,71.7,C
1749,5.2,84.9,yes,no,95.1,57.9,80.6,67.0,D
1750,3.8,58.3,yes,yes,58.3,67.1,55.2,62.2,D
1751,7.4,50.8,yes,no,76.5,82.0,73.7,69.8,D
1752,2.4,59.3,no,no,41.5,42.4,31.4,34.0,F
1753,2.2,53.8,yes,yes,63.9,36.2,40.8,46.1,E
1754,5.2,64.1,yes,yes,75.6,82.8,79.8,70.7,C
1755,1.9,88.0,yes,no,36.7,59.0,50.0,49.1,E
1756,6.7,89.3,yes,yes,79.8,86.5,100.0,83.8,C
1757,3.0,53.6,yes,yes,38.7,59.1,40.3,46.4,E
1758,3.7,78.5,yes,no,69.3,88.9,54.7,64.9,D
1759,5.6,54.4,yes,yes,67.7,57.6,59.3,59.6,D
1760,7.1,59.4,yes,yes,95.4,83.5,92.5,87.2,B
1761,5.7,89.2,yes,no,81.2,67.3,71.0,72.7,C
1762,1.2,98.6,yes,yes,77.5,51.6,61.9,55.4,D
1763,3.0,63.6,yes,yes,62.4,60.7,43.6,52.2,E
1764,6.1,88.8,yes,no,64.4,64.0,86.9,78.9,C
1765,7.3,67.1,yes,yes,76.1,67.8,73.0,82.8,C
1766,5.3,89.2,yes,no,97.5,84.3,65.1,80.2,C
1767,5.0,78.5,yes,yes,62.1,64.8,48.8,66.4,D
1768,3.3,77.3,no,yes,56.6,64.8,68.5,54.0,E
1769,4.1,90.4,yes,no,68.5,60.3,80.2,74.0,C
1770,3.7,84.8,yes,no,41.5,50.1,60.5,54.5,E
1771,0.9,98.5,yes,yes,53.6,48.1,47.0,50.3,E
1772,0.7,68.1,no,no,41.9,37.0,37.9,29.9,F
1773,5.1,97.8,yes,yes,72.9,73.5,67.2,74.9,C
1774,4.3,91.4,yes,yes,44.9,58.3,58.5,66.9,D
1775,2.3,74.7,yes,no,54.5,60.2,57.6,56.2,D
1776,7.2,75.0,yes,no,92.4,94.9,99.0,94.8,B
1777,2.0,95.1,yes,yes,54.1,49.0,46.2,54.2,E
1778,5.8,79.4,yes,yes,67.1,60.1,83.1,72.7,C
1779,6.4,66.9,no,yes,70.2,95.1,75.0,85.7,B
1780,6.8,52.1,yes,yes,62.1,66.9,70.3,70.1,C
1781,6.8,65.0,yes,yes,70.5,80.0,86.6,80.1,C
1782,6.5,60.9,no,yes,84.1,81.8,57.4,76.1,C
1783,3.9,56.5,yes,no,56.3,46.2,53.9,55.9,D
1784,5.2,83.6,yes,no,85.3,84.2,84.3,77.9,C
1785,6.9,69.8,yes,yes,83.4,94.1,89.7,86.8,B
1786,3.7,54.7,yes,no,50.9,49.4,60.1,56.6,D
1787,5.5,66.3,yes,yes,63.0,62.2,57.0,66.6,D
1788,1.7,57.0,yes,no,35.0,34.8,38.6,43.2,E
1789,4.7,79.9,yes,no,77.4,68.7,80.7,71.6,C
1790,1.6,71.3,yes,no,32.6,56.5,67.2,50.9,E
1791,5.5,96.7,no,no,80.7,70.7,72.1,83.8,C
1792,3.3,80.4,yes,yes,61.0,64.8,62.0,64.8,D
1793,2.2,88.3,yes,no,42.2,47.3,28.0,45.0,E
1794,3.2,66.8,yes,no,47.3,47.9,44.1,43.1,E
1795,5.8,87.7,yes,no,57.8,62.9,77.9,75.3,C
1796,7.3,86.7,yes,yes,92.0,82.2,87.3,88.0,B
1797,0.6,99.5,yes,yes,53.2,50.7,58.9,51.6,E
1798,1.8,83.1,yes,no,47.2,34.9,22.9,42.9,E
1799,5.8,95.8,yes,no,82.2,61.3,76.1,77.3,C
1800,4.8,93.3,no,no,65.2,79.1,73.9,67.5,D
1801,2.9,95.9,yes,yes,55.2,50.3,72.4,53.7,E
1802,5.4,78.7,yes,yes,91.5,75.1,79.4,77.9,C
1803,7.0,61.2,yes,yes,60.4,78.2,82.8,77.9,C
1804,2.4,79.3,no,yes,59.2,57.3,28.5,44.7,E
1805,4.1,96.1,yes,yes,84.1,70.9,49.9,61.9,D
1806,0.7,98.7,yes,yes,62.8,57.2,70.6,54.0,E
1807,7.6,97.3,yes,no,90.4,74.4,95.3,92.5,B
1808,6.5,72.1,yes,yes,81.8,98.7,81.8,81.7,C
1809,4.3,90.2,yes,yes,81.5,71.1,68.2,71.2,C
1810,7.9,74.4,no,no,99.1,71.2,93.9,91.1,B
1811,2.2,84.6,yes,no,57.7,62.8,39.7,53.9,E
1812,6.1,71.6,yes,yes,64.2,64.3,86.1,74.3,C
1813,6.3,65.1,yes,no,83.7,61.5,70.7,68.9,D
1814,6.7,72.1,yes,yes,85.1,70.1,61.5,78.4,C
1815,5.6,65.3,yes,no,85.1,55.1,83.0,80.5,C
1816,1.9,71.2,no,yes,58.1,43.6,39.1,47.4,E
1817,1.2,83.9,yes,yes,38.5,49.1,53.4,39.4,F
1818,1.9,60.0,yes,yes,36.3,31.9,25.1,32.4,F
1819,6.9,83.8,yes,yes,86.6,86.2,90.2,91.6,B
1820,3.5,53.7,yes,yes,44.8,40.1,46.8,46.7,E
1821,4.6,50.1,yes,yes,57.8,47.6,58.9,51.6,E
1822,0.7,61.7,yes,no,30.0,16.7,45.9,29.1,F
1823,4.2,60.1,yes,yes,54.9,57.3,54.4,53.1,E
1824,3.6,91.7,no,no,59.6,69.8,68.2,61.6,D
1825,4.5,87.8,yes,yes,48.2,75.1,58.6,66.4,D
1826,3.3,83.3,yes,yes,75.3,69.1,60.7,62.3,D
1827,1.1,85.3,yes,no,41.7,54.4,53.0,49.8,E
1828,0.8,83.1,yes,no,49.9,37.7,39.3,40.9,E
1829,7.6,91.3,yes,no,100.0,100.0,100.0,100.0,A
1830,5.0,76.7,yes,no,78.2,76.6,66.9,73.7,C
1831,5.3,50.9,yes,yes,62.4,48.7,63.3,64.4,D
1832,7.4,93.2,yes,yes,96.3,94.5,90.7,100.0,A
1833,4.6,73.5,yes,yes,62.2,76.0,80.1,71.8,C
1834,5.1,96.4,yes,no,86.3,76.0,76.5,73.1,C
1835,4.4,94.7,yes,no,82.5,68.5,86.0,74.9,C
1836,1.8,70.0,yes,no,39.6,31.9,30.0,34.8,F
1837,2.8,96.7,yes,no,58.9,47.6,78.0,51.1,E
1838,7.1,52.9,yes,no,80.8,76.7,79.5,76.4,C
1839,3.8,83.1,yes,yes,47.7,68.8,65.6,59.0,D
1840,2.0,84.1,yes,yes,64.2,74.8,67.7,58.1,D
1841,6.7,92.0,no,no,94.0,100.0,98.1,98.1,A
1842,1.2,73.6,yes,no,47.6,20.5,42.6,42.2,E
1843,5.3,62.0,yes,yes,51.5,47.8,56.9,57.8,D
1844,5.8,52.2,yes,yes,38.8,58.7,67.6,59.4,D
1845,2.8,73.4,yes,yes,42.5,59.7,43.2,46.9,E
1846,1.8,72.7,no,no,41.8,60.9,49.2,46.5,E
1847,3.9,67.8,yes,no,73.4,71.7,67.6,59.2,D
1848,6.2,81.8,yes,no,81.7,68.5,80.5,74.0,C
1849,7.2,76.6,yes,no,100.0,90.2,68.7,92.7,B
1850,6.6,55.8,yes,no,67.1,75.8,66.7,66.0,D
1851,1.3,52.4,yes,no,34.9,12.6,27.8,35.8,F
1852,2.2,94.5,yes,no,63.1,57.8,62.1,64.3,D
1853,5.1,87.1,yes,no,73.4,88.6,83.0,73.1,C
1854,5.8,73.2,yes,yes,83.6,86.1,100.0,82.2,C
1855,0.6,74.8,yes,no,38.0,43.4,35.5,44.4,E
1856,1.6,55.7,yes,no,25.3,29.4,20.1,27.1,F
1857,1.2,63.2,yes,yes,21.1,47.3,28.4,26.7,F
1858,3.1,91.2,yes,yes,61.7,65.2,63.5,61.3,D
1859,5.6,56.3,yes,no,94.2,86.3,67.1,76.7,C
1860,7.6,55.2,yes,no,98.4,97.0,93.5,86.1,B
1861,1.2,77.9,yes,no,66.4,62.5,26.6,35.2,F
1862,4.3,92.0,yes,yes,69.6,67.5,52.3,67.6,D
1863,3.3,69.0,yes,no,58.4,49.5,34.0,44.9,E
1864,3.5,82.3,yes,yes,52.6,62.0,62.7,54.7,E
1865,1.0,95.1,no,no,57.7,42.2,49.8,51.7,E
1866,2.7,94.6,yes,yes,67.4,87.1,47.6,69.2,D
1867,2.4,73.4,yes,yes,79.5,54.3,61.6,57.0,D
1868,5.9,64.8,yes,yes,68.7,59.8,69.9,68.7,D
1869,5.3,78.7,yes,no,76.9,85.1,94.1,82.4,C
1870,5.3,96.2,yes,no,78.5,62.0,76.4,75.1,C
1871,4.4,84.0,yes,yes,59.1,59.7,65.6,63.3,D
1872,3.1,97.8,yes,yes,77.9,60.5,53.3,56.5,D
1873,2.3,79.0,yes,yes,58.3,37.4,49.2,54.2,E
1874,0.6,51.1,no,no,41.8,22.4,10.5,20.3,F
1875,1.6,72.4,no,no,44.4,29.4,29.6,41.3,E
1876,2.1,95.2,yes,no,54.5,52.8,55.0,51.4,E
1877,7.8,51.7,yes,yes,79.0,77.5,65.5,75.5,C
1878,7.8,80.9,yes,no,91.9,88.2,86.1,88.5,B
1879,6.3,68.9,no,no,78.5,70.7,87.4,71.1,C
1880,5.1,70.2,yes,no,69.1,75.5,71.4,63.4,D
1881,5.5,78.4,yes,yes,65.5,52.6,75.9,72.3,C
1882,5.0,70.6,yes,yes,69.6,67.0,72.5,68.4,D
1883,5.4,96.0,yes,yes,74.0,81.5,69.6,75.9,C
1884,2.1,65.2,yes,yes,41.9,63.9,37.7,46.0,E
1885,7.8,88.0,yes,no,77.8,87.0,100.0,92.8,B
1886,6.2,54.6,yes,yes,52.7,65.5,73.1,65.4,D
1887,2.3,66.6,yes,no,50.1,67.2,35.0,52.9,E
1888,4.4,57.9,no,no,50.7,51.2,52.8,53.1,E
1889,6.4,61.0,yes,no,86.6,82.5,64.3,71.7,C
1890,7.3,78.2,yes,no,84.1,97.8,84.1,89.2,B
1891,3.4,67.1,yes,no,47.6,75.6,51.9,62.0,D
1892,4.1,52.4,yes,no,48.3,54.4,69.8,60.4,D
1893,2.8,93.2,yes,no,53.7,48.9,41.3,54.2,E
1894,3.3,83.8,yes,no,58.6,32.6,31.8,50.1,E
1895,2.2,97.8,yes,yes,64.7,48.8,49.0,54.4,E
1896,0.7,90.0,no,yes,37.8,42.0,58.4,39.1,F
1897,3.6,78.0,yes,no,74.3,66.0,64.8,54.1,E
1898,4.0,73.0,yes,yes,57.6,64.9,77.2,62.3,D
1899,6.3,97.3,yes,no,86.1,100.0,100.0,97.6,A
1900,4.4,71.2,yes,no,50.9,44.7,52.1,54.7,E
1901,2.9,77.2,no,no,48.1,39.1,58.6,59.3,D
1902,4.0,66.7,yes,no,47.5,63.9,48.3,51.2,E
1903,6.5,64.0,yes,yes,82.3,91.4,71.5,84.6,C
1904,4.1,92.3,yes,yes,91.5,83.9,64.0,75.0,C
1905,4.7,62.4,yes,yes,54.9,49.1,71.7,64.7,D
1906,1.8,57.2,yes,no,65.3,37.6,37.6,44.6,E
1907,0.6,86.4,no,yes,47.4,34.3,44.4,43.6,E
1908,7.5,92.1,yes,yes,100.0,96.3,89.4,100.0,A
1909,2.5,96.4,yes,no,69.6,67.0,56.8,60.5,D
1910,3.1,83.4,yes,yes,46.7,60.9,57.3,51.9,E
1911,1.4,67.4,yes,yes,34.9,43.9,21.2,37.9,F
1912,4.3,75.5,yes,yes,58.6,53.1,59.5,59.8,D
1913,6.0,59.3,yes,yes,77.0,79.5,86.2,80.2,C
1914,5.6,60.6,yes,yes,81.5,69.5,64.9,65.2,D
1915,6.9,94.8,yes,no,91.6,82.2,85.4,95.0,B
1916,2.6,92.4,yes,yes,37.5,51.7,56.4,56.0,D
1917,2.9,63.9,yes,yes,38.4,39.4,26.9,40.5,E
1918,7.7,69.0,yes,no,81.5,86.2,81.9,83.6,C
1919,3.9,97.9,yes,yes,61.3,67.4,54.0,63.5,D
1920,6.8,69.6,yes,no,81.3,64.3,73.2,80.4,C
1921,5.1,66.4,yes,yes,69.7,53.9,85.6,66.8,D
1922,1.9,60.0,yes,no,50.0,22.3,46.2,34.6,F
1923,7.7,70.4,yes,no,100.0,100.0,100.0,97.5,A
1924,2.9,68.2,yes,yes,21.1,32.9,46.0,42.2,E
1925,5.3,86.7,no,no,64.6,69.3,80.1,75.7,C
1926,2.4,67.3,yes,yes,33.9,20.0,37.0,37.3,F
1927,4.8,72.9,yes,yes,78.1,78.0,68.9,71.1,C
1928,4.6,66.1,yes,no,63.8,59.6,54.3,60.3,D
1929,2.5,66.0,no,yes,42.9,72.1,54.0,53.3,E
1930,7.9,62.6,yes,no,99.5,64.2,80.9,93.0,B
1931,1.6,74.9,yes,no,46.0,26.4,41.2,39.9,F
1932,3.8,71.5,yes,no,79.0,71.9,80.2,68.0,D
1933,0.7,52.9,yes,yes,23.6,46.1,34.5,28.3,F
1934,5.6,96.5,yes,yes,87.6,67.6,81.8,80.4,C
1935,4.0,67.4,yes,no,59.5,36.3,40.9,56.8,D
1936,4.7,87.9,yes,yes,61.4,75.6,71.7,76.6,C
1937,5.7,95.3,yes,no,91.1,75.3,100.0,82.6,C
1938,6.2,50.6,yes,no,73.5,75.3,74.7,72.8,C
1939,7.7,56.2,yes,no,85.8,96.5,70.3,79.4,C
1940,7.0,59.5,yes,no,52.1,68.7,75.1,74.1,C
1941,2.9,94.3,yes,yes,61.4,60.2,66.0,62.9,D
1942,6.0,77.3,yes,yes,69.2,72.2,75.4,75.4,C
1943,1.1,65.5,yes,no,53.8,47.3,44.2,41.9,E
1944,1.5,52.2,yes,no,37.4,38.7,32.2,40.0,F
1945,3.9,51.8,yes,no,49.1,39.0,66.1,48.5,E
1946,3.9,78.9,no,no,52.4,65.0,52.3,54.4,E
1947,4.3,85.2,yes,yes,70.0,52.5,65.8,66.1,D
1948,4.1,69.3,yes,yes,53.8,48.7,49.9,53.5,E
1949,5.3,64.4,yes,yes,71.1,73.6,92.0,76.4,C
1950,7.7,90.3,yes,no,100.0,85.9,96.6,100.0,A
1951,1.8,93.3,yes,no,46.3,57.3,38.3,46.4,E
1952,3.2,69.2,yes,yes,50.3,47.8,61.7,54.5,E
1953,1.1,87.4,no,yes,35.9,29.6,30.2,39.8,F
1954,2.0,93.5,yes,no,68.3,74.9,45.8,59.9,D
1955,7.9,69.0,yes,yes,100.0,100.0,97.0,100.0,A
1956,0.8,58.0,yes,yes,19.0,25.2,30.3,32.4,F
1957,2.1,68.4,yes,no,37.3,36.2,51.2,37.7,F
1958,3.7,53.1,yes,no,59.8,45.6,32.1,44.4,E
1959,2.7,51.8,yes,no,37.2,44.5,41.5,43.6,E
1960,4.6,91.2,yes,no,78.1,80.2,71.6,76.6,C
1961,7.9,92.6,yes,no,90.6,100.0,87.8,100.0,A
1962,5.8,82.4,yes,yes,71.4,92.1,66.5,75.3,C
1963,3.5,92.8,yes,no,58.0,63.6,64.8,59.8,D
1964,5.6,96.8,yes,no,92.4,90.3,100.0,86.3,B
1965,7.0,84.3,no,no,86.6,80.8,98.8,91.8,B
1966,2.2,95.6,yes,no,72.4,56.8,71.1,57.0,D
1967,5.9,96.0,yes,yes,79.7,75.0,60.6,89.7,B
1968,5.1,63.7,yes,no,70.2,74.2,64.8,67.1,D
1969,6.0,97.5,yes,yes,62.8,79.9,76.8,77.7,C
1970,1.1,99.2,no,yes,45.4,45.7,54.6,44.0,E
1971,6.0,64.0,yes,yes,92.2,90.5,100.0,81.4,C
1972,6.4,81.4,yes,no,90.8,99.6,91.7,87.4,B
1973,5.7,61.0,yes,no,62.1,57.3,71.6,74.1,C
1974,2.0,69.7,yes,no,64.0,38.7,37.4,43.7,E
1975,1.7,81.2,yes,no,55.3,45.7,42.7,44.8,E
1976,6.0,51.9,yes,yes,71.6,63.5,61.3,74.9,C
1977,5.4,82.3,yes,no,85.9,89.5,70.3,84.8,C
1978,7.9,74.3,yes,yes,87.4,91.9,88.4,85.7,B
1979,3.9,56.2,no,yes,30.9,42.5,43.7,46.4,E
1980,2.2,84.2,yes,no,35.0,48.9,36.8,42.3,E
1981,6.3,97.1,yes,no,83.5,83.1,95.8,83.3,C
1982,6.1,50.1,yes,no,89.1,64.7,100.0,75.1,C
1983,4.4,71.9,yes,no,58.5,63.5,60.0,65.1,D
1984,6.1,56.3,yes,yes,67.8,54.0,60.3,69.8,D
1985,2.8,60.4,yes,yes,55.8,46.3,58.8,46.5,E
1986,2.1,74.6,yes,no,60.8,60.6,43.0,54.1,E
1987,1.4,64.6,yes,yes,57.5,49.8,33.9,43.4,E
1988,2.7,82.5,yes,yes,67.4,57.5,65.7,60.0,D
1989,5.4,63.2,yes,yes,65.7,59.6,69.2,62.4,D
1990,2.4,88.8,yes,no,61.5,66.8,57.7,58.1,D
1991,7.1,59.2,no,no,90.0,70.3,76.2,76.9,C
1992,2.4,95.4,yes,yes,50.5,47.2,75.1,56.8,D
1993,5.6,70.0,yes,no,73.3,81.9,63.6,65.7,D
1994,4.5,52.8,yes,yes,52.6,50.4,69.2,56.9,D
1995,2.1,55.0,yes,yes,44.0,35.8,51.3,47.6,E
1996,4.7,76.6,yes,yes,74.0,75.8,87.7,71.7,C
1997,7.7,95.6,yes,yes,90.5,80.3,81.3,90.4,B
1998,7.6,75.8,yes,yes,92.5,100.0,96.6,98.1,A
1999,2.7,72.5,yes,no,52.4,49.1,46.4,53.9,E
2000,4.5,88.6,yes,no,69.6,66.0,58.7,70.0,C
2001,1.6,61.3,yes,yes,41.6,40.6,51.1,36.0,F
2002,4.0,83.8,no,no,71.0,87.2,71.0,70.9,C
2003,2.9,60.9,yes,no,47.1,46.2,33.2,42.9,E
2004,7.5,92.3,yes,yes,98.4,97.6,92.9,94.7,B
2005,5.2,94.1,yes,no,79.1,84.6,66.6,84.8,C
2006,1.9,59.7,yes,no,50.3,66.0,45.3,46.7,E
2007,7.9,57.2,yes,no,68.2,98.1,99.9,92.9,B
2008,5.7,86.2,yes,no,100.0,71.9,97.7,81.9,C
2009,1.5,82.6,no,yes,73.8,40.1,22.9,52.0,E
2010,6.5,81.1,yes,yes,90.7,94.0,82.7,88.7,B
2011,4.7,75.5,no,yes,68.2,78.0,79.6,74.4,C
2012,3.5,56.5,yes,yes,51.0,43.5,50.5,46.1,E
2013,2.0,86.0,yes,no,28.6,27.2,35.4,41.7,E
2014,2.6,58.1,yes,yes,67.1,56.5,54.6,53.4,E
2015,1.8,77.1,yes,yes,55.2,43.7,45.9,49.9,E
2016,6.5,67.3,yes,yes,79.2,77.8,86.6,86.2,B
2017,2.5,66.6,yes,no,37.7,59.8,63.5,49.5,E
2018,4.0,91.6,no,yes,41.9,62.3,74.7,65.9,D
2019,7.8,72.8,yes,yes,95.7,84.1,80.2,91.2,B
2020,8.0,74.7,yes,no,82.2,97.0,88.7,97.9,A
2021,6.4,94.8,yes,yes,87.6,89.1,98.1,91.5,B
2022,6.5,77.9,yes,no,73.3,80.0,59.4,73.7,C
2023,7.6,90.1,yes,yes,94.7,98.6,100.0,100.0,A
2024,6.5,93.1,no,no,74.1,84.5,95.1,87.8,B
2025,3.9,84.8,yes,yes,71.6,84.4,66.0,71.2,C
2026,1.0,57.2,yes,no,38.0,42.3,36.7,37.7,F
2027,2.1,56.0,yes,no,41.3,50.9,51.8,42.6,E
2028,3.8,71.7,yes,no,74.2,65.2,82.5,57.0,D
2029,2.5,53.2,yes,no,65.8,43.3,53.3,46.8,E
2030,3.0,65.0,yes,no,57.2,58.2,60.5,58.9,D
2031,0.9,60.4,no,no,33.9,25.8,12.6,25.4,F
2032,4.6,51.9,yes,yes,59.4,81.5,42.7,64.0,D
2033,3.1,70.0,no,no,28.8,26.2,40.0,43.7,E
2034,2.4,62.5,yes,yes,42.9,37.6,49.6,39.1,F
2035,5.1,55.1,yes,yes,56.8,72.3,74.8,70.8,C
2036,2.6,86.5,yes,yes,57.6,33.6,54.6,46.7,E
2037,4.1,95.6,yes,yes,62.5,45.5,66.2,63.0,D
2038,2.3,81.0,no,no,42.2,39.3,50.8,45.3,E
2039,5.6,96.5,yes,no,74.4,87.6,81.4,84.4,C
2040,6.9,58.3,yes,yes,79.5,87.1,88.9,79.7,C
2041,1.1,88.4,yes,no,39.4,55.5,54.6,43.3,E
2042,6.6,70.4,yes,no,73.9,93.3,93.3,89.8,B
2043,6.9,74.5,yes,no,74.1,71.5,77.5,76.4,C
2044,7.7,83.2,yes,yes,99.9,99.9,79.3,100.0,A
2045,6.7,89.2,yes,yes,84.4,74.6,78.6,79.7,C
2046,4.6,53.0,yes,yes,43.9,52.7,48.0,49.2,E
2047,1.0,69.4,yes,yes,26.3,23.7,29.5,27.4,F
2048,1.1,88.2,yes,no,45.9,49.0,64.9,50.4,E
2049,2.0,76.7,yes,no,42.8,53.4,46.6,47.5,E
2050,3.9,67.1,yes,yes,55.5,51.2,86.8,59.3,D
2051,7.7,52.0,yes,no,84.5,92.4,81.9,82.0,C
2052,1.8,50.4,yes,no,31.7,22.8,43.6,35.2,F
2053,4.5,71.3,yes,no,53.3,59.1,56.5,56.5,D
2054,8.0,74.2,yes,no,100.0,91.9,85.2,100.0,A
2055,0.6,61.5,yes,yes,31.4,43.4,31.6,31.0,F
2056,0.9,90.0,no,no,50.4,39.8,33.8,41.7,E
2057,2.5,86.2,yes,yes,38.4,54.5,65.2,54.1,E
2058,2.2,59.4,yes,no,67.2,48.8,48.9,51.0,E
2059,4.2,59.4,yes,no,64.6,65.5,51.1,61.5,D
2060,3.7,93.2,yes,yes,70.4,70.0,82.9,71.8,C
2061,4.9,96.0,no,yes,92.5,69.9,93.3,85.0,B
2062,1.6,99.2,yes,yes,77.2,58.7,77.2,61.2,D
2063,5.6,84.3,yes,no,63.4,81.2,81.0,72.0,C
2064,2.1,96.4,yes,yes,43.6,64.2,66.9,63.4,D
2065,3.9,57.4,yes,yes,64.2,43.5,64.7,62.0,D
2066,0.8,57.8,yes,no,21.4,38.5,41.8,37.2,F
2067,6.5,52.1,yes,no,64.3,74.3,57.6,74.4,C
2068,5.2,76.9,no,no,85.6,71.3,54.5,65.0,D
2069,2.1,61.1,yes,yes,33.6,53.2,43.4,44.7,E
2070,5.0,78.4,no,no,63.1,68.6,74.5,76.4,C
2071,3.8,50.4,yes,yes,48.5,39.2,30.5,41.5,E
2072,6.7,76.4,yes,no,98.4,81.9,62.4,90.9,B
2073,7.9,94.4,no,no,100.0,98.8,100.0,100.0,A
2074,1.4,86.3,no,no,23.8,33.7,36.0,38.5,F
2075,4.2,68.4,yes,yes,54.0,55.2,45.7,57.2,D
2076,2.4,53.4,yes,yes,50.6,40.1,33.9,44.0,E
2077,6.1,62.3,yes,yes,59.4,69.4,58.3,63.8,D
2078,0.8,75.2,yes,no,53.7,57.9,22.9,40.0,E
2079,4.6,62.9,yes,no,56.7,58.2,84.1,61.4,D
2080,6.9,88.8,yes,yes,91.9,100.0,95.8,95.1,A
2081,3.4,96.8,yes,yes,71.0,68.9,65.8,74.5,C
2082,6.8,58.8,yes,yes,98.6,52.9,100.0,87.0,B
2083,1.6,50.3,no,yes,39.3,37.2,36.6,35.5,F
2084,7.4,54.2,yes,yes,86.8,92.4,76.6,90.6,B
2085,6.4,90.1,no,yes,75.7,100.0,67.7,83.8,C
2086,3.4,52.7,no,no,58.2,62.7,69.5,57.0,D
2087,1.5,87.3,yes,yes,49.8,42.4,41.6,46.0,E
2088,4.4,70.3,yes,no,73.3,53.5,57.9,70.9,C
2089,5.5,71.3,no,no,75.5,78.0,65.9,75.4,C
2090,1.5,86.5,yes,no,55.0,61.1,40.6,52.0,E
2091,7.5,66.0,yes,yes,82.9,100.0,98.2,89.3,B
2092,6.2,90.5,yes,no,95.4,94.7,91.8,93.7,B
2093,7.6,54.7,yes,yes,88.8,97.9,87.2,90.2,B
2094,2.7,85.9,no,no,38.9,49.9,58.9,49.3,E
2095,3.8,95.2,yes,no,69.4,75.6,60.1,69.0,D
2096,2.3,58.2,yes,yes,41.4,44.3,40.3,41.2,E
2097,2.6,77.7,no,yes,33.4,33.1,57.9,46.2,E
2098,1.6,82.0,yes,no,49.6,40.8,36.6,40.4,E
2099,1.4,56.6,yes,yes,39.1,41.0,33.7,43.6,E
2100,5.5,77.2,yes,yes,81.7,83.0,66.0,81.3,C
2101,1.7,62.6,yes,yes,29.0,45.1,32.9,36.5,F
2102,1.5,87.7,yes,no,39.5,49.2,54.9,41.2,E
2103,4.5,78.4,no,yes,85.6,60.2,50.2,64.2,D
2104,5.8,70.5,yes,yes,75.8,72.8,70.2,71.0,C
2105,6.3,87.1,no,no,89.8,85.3,70.6,92.2,B
2106,4.9,86.6,yes,no,58.4,58.1,76.6,70.2,C
2107,2.0,60.5,yes,yes,38.3,35.8,33.5,42.0,E
2108,4.8,51.3,yes,yes,62.0,64.5,74.4,66.8,D
2109,5.2,62.4,yes,no,72.9,73.0,74.5,69.0,D
2110,2.4,94.1,no,no,59.3,94.5,58.6,66.0,D
2111,1.6,69.8,yes,yes,38.8,35.5,24.6,31.4,F
2112,7.4,60.1,no,yes,90.2,81.3,94.8,92.4,B
2113,1.2,68.4,yes,no,31.6,47.9,39.0,46.0,E
2114,2.6,69.2,no,yes,59.3,46.8,46.5,48.7,E
2115,2.2,72.7,no,yes,50.3,66.7,76.6,54.2,E
2116,7.2,72.5,no,yes,87.3,89.2,82.9,95.2,A
2117,4.3,64.9,yes,no,68.4,72.5,90.4,68.9,D
2118,7.7,65.0,yes,yes,95.0,100.0,100.0,91.2,B
2119,6.7,90.0,yes,yes,92.5,97.1,94.6,97.8,A
2120,6.2,83.2,yes,no,83.0,70.4,69.9,76.7,C
2121,1.8,84.0,yes,yes,39.8,58.0,43.0,49.0,E
2122,3.1,59.5,yes,no,68.3,54.5,79.4,56.8,D
2123,6.7,99.6,yes,no,83.9,100.0,91.3,100.0,A
2124,7.9,54.3,yes,yes,86.8,91.0,81.4,92.2,B
2125,7.1,84.1,yes,yes,91.7,80.0,76.0,81.2,C
2126,7.6,87.2,yes,yes,94.3,100.0,89.8,100.0,A
2127,5.3,63.4,yes,no,69.5,75.8,72.7,73.5,C
2128,4.1,53.9,yes,yes,48.1,52.1,60.9,63.6,D
2129,4.4,86.9,no,no,83.9,68.1,67.7,74.4,C
2130,3.9,78.3,yes,no,54.3,49.1,49.5,55.1,D
2131,1.7,98.3,yes,no,66.5,45.9,59.7,59.3,D
2132,2.8,86.4,yes,no,60.7,49.5,68.9,57.3,D
2133,1.2,96.5,yes,no,27.0,46.9,33.6,44.6,E
2134,1.2,81.7,yes,no,14.7,39.8,43.3,33.2,F
2135,2.8,74.9,yes,no,40.2,45.1,59.3,46.3,E
2136,5.5,97.2,yes,yes,94.1,85.0,82.6,76.3,C
2137,5.1,90.9,yes,yes,64.2,59.1,83.3,67.4,D
2138,4.7,51.8,yes,yes,75.2,76.6,69.4,58.1,D
2139,6.1,79.2,yes,yes,60.3,87.2,59.8,74.3,C
2140,3.7,57.5,yes,yes,55.7,56.9,31.6,49.6,E
2141,3.8,97.4,yes,no,80.5,77.6,62.8,74.0,C
2142,4.4,83.8,yes,no,48.9,45.2,67.4,62.2,D
2143,1.0,72.6,yes,yes,14.3,47.7,32.7,33.1,F
2144,4.9,98.0,yes,no,89.1,67.3,75.8,74.7,C
2145,6.1,66.8,yes,no,68.7,76.5,85.3,77.9,C
2146,2.5,72.2,yes,no,69.9,53.0,45.8,57.9,D
2147,6.9,70.0,yes,yes,82.6,88.1,81.1,89.9,B
2148,2.5,56.6,yes,yes,46.5,35.9,16.9,36.1,F
2149,4.3,57.5,yes,yes,57.5,81.2,77.8,59.2,D
2150,7.1,79.6,yes,no,100.0,90.3,94.9,92.0,B
2151,6.0,53.5,yes,yes,71.9,63.3,73.0,64.8,D
2152,4.8,96.6,yes,no,81.7,72.9,63.6,67.1,D
2153,5.2,66.4,yes,yes,82.8,71.5,78.2,68.9,D
2154,1.3,66.0,yes,yes,51.3,51.2,30.8,44.3,E
2155,5.7,57.0,yes,no,57.1,75.3,65.1,60.2,D
2156,5.1,67.5,yes,no,47.0,61.0,62.7,64.7,D
2157,1.1,84.6,yes,yes,37.7,52.6,42.6,39.4,F
2158,1.4,97.9,yes,yes,49.3,52.1,51.0,51.9,E
2159,7.8,59.6,yes,no,96.8,75.6,85.3,81.5,C
2160,1.8,58.9,no,yes,57.0,35.5,24.4,43.5,E
2161,7.2,57.0,yes,yes,80.5,85.1,71.7,79.3,C
2162,2.6,78.7,no,yes,64.3,62.8,65.0,58.6,D
2163,3.5,55.8,yes,yes,72.5,52.9,72.9,54.7,E
2164,4.7,54.4,yes,no,51.9,63.8,51.0,59.1,D
2165,5.2,87.2,yes,yes,80.3,72.6,84.2,77.7,C
2166,4.2,89.7,yes,yes,63.7,87.7,76.9,71.2,C
2167,3.1,65.7,yes,yes,62.8,48.9,58.0,55.4,D
2168,4.2,79.1,no,no,68.1,73.4,88.0,73.0,C
2169,5.8,87.1,no,yes,70.7,70.0,83.3,88.4,B
2170,3.5,52.4,no,yes,66.2,68.2,63.2,54.1,E
2171,4.6,81.7,yes,no,66.5,81.6,65.4,67.2,D
2172,3.3,64.3,yes,no,72.3,56.4,73.6,58.3,D
2173,3.0,70.5,yes,yes,74.2,61.4,55.4,61.7,D
2174,2.7,67.8,yes,yes,48.4,32.1,47.2,45.2,E
2175,2.2,85.9,yes,yes,40.6,50.5,41.3,55.1,D
2176,6.2,73.4,yes,yes,88.3,83.9,76.7,84.0,C
2177,7.9,88.0,yes,no,96.3,98.5,100.0,100.0,A
2178,0.7,65.8,yes,no,58.0,15.7,30.5,35.0,F
2179,2.0,77.1,yes,yes,50.5,44.5,41.5,44.7,E
2180,7.7,95.3,yes,no,100.0,94.8,100.0,100.0,A
2181,3.1,71.9,yes,yes,53.6,38.1,42.9,50.8,E
2182,3.4,78.8,yes,yes,81.7,55.7,67.2,67.4,D
2183,5.5,83.5,yes,yes,90.8,72.2,80.6,84.0,C
2184,3.1,95.6,yes,no,50.2,59.5,56.4,53.3,E
2185,4.2,81.8,yes,yes,75.8,82.2,70.1,63.8,D
2186,7.3,80.6,yes,yes,75.3,100.0,92.1,90.7,B
2187,4.7,91.7,yes,yes,94.1,73.1,58.7,79.0,C
2188,5.5,99.6,yes,no,100.0,69.9,84.9,86.0,B
2189,2.1,94.9,yes,yes,69.2,56.9,57.0,63.3,D
2190,2.5,56.2,yes,yes,42.5,35.9,34.0,47.4,E
2191,7.2,83.8,yes,yes,83.0,68.5,64.2,94.0,B
2192,7.4,66.4,yes,yes,98.3,94.3,81.2,89.5,B
2193,6.6,70.7,yes,yes,95.6,82.6,100.0,89.3,B
2194,1.4,82.3,yes,yes,24.9,43.9,47.8,44.2,E
2195,6.6,57.3,yes,yes,72.6,75.3,84.7,76.5,C
2196,0.6,84.6,yes,yes,28.8,38.6,45.4,44.7,E
2197,5.0,64.7,yes,no,60.1,34.7,74.5,60.6,D
2198,5.6,91.0,yes,yes,75.6,70.2,82.8,81.0,C
2199,3.7,68.6,yes,yes,63.1,48.8,67.1,62.6,D
2200,4.1,52.5,yes,no,47.9,48.6,56.5,58.7,D
2201,6.1,79.9,yes,no,100.0,82.6,89.2,89.3,B
2202,7.2,87.5,yes,yes,82.2,100.0,96.5,99.0,A
2203,1.9,80.8,yes,yes,50.3,37.8,48.9,40.9,E
2204,1.5,88.9,yes,yes,66.5,47.7,64.6,55.3,D
2205,5.2,90.2,no,no,68.6,80.3,84.0,81.4,C
2206,2.2,52.1,no,yes,27.4,30.6,38.7,31.9,F
2207,2.0,50.1,no,yes,33.5,44.2,32.1,32.8,F
2208,2.0,61.2,yes,no,15.0,60.5,37.5,32.9,F
2209,2.0,61.2,yes,yes,47.4,31.5,53.9,49.5,E
2210,4.1,78.1,yes,yes,49.5,69.6,52.9,64.1,D
2211,7.7,61.5,no,yes,85.0,69.5,66.3,87.0,B
2212,6.7,68.2,yes,no,67.1,78.3,84.0,73.3,C
2213,4.6,72.7,yes,yes,67.0,46.2,64.9,65.1,D
2214,1.1,80.0,yes,no,44.1,43.5,46.6,48.1,E
2215,5.5,99.8,no,yes,93.6,79.5,86.2,90.3,B
2216,3.9,84.4,yes,no,63.5,70.1,68.1,70.7,C
2217,6.3,63.3,yes,yes,46.1,71.3,88.3,80.0,C
2218,4.2,67.5,yes,yes,63.4,64.7,60.9,66.4,D
2219,5.5,52.2,yes,yes,57.0,68.0,70.1,71.6,C
2220,2.0,71.0,yes,no,56.9,54.9,41.9,47.5,E
2221,6.7,79.5,yes,no,65.9,75.4,92.3,78.3,C
2222,6.3,97.5,no,no,100.0,100.0,98.3,90.2,B
2223,3.3,63.4,yes,yes,48.5,37.6,65.5,42.8,E
2224,7.7,62.2,no,yes,91.2,93.4,89.8,89.8,B
2225,1.7,50.9,no,no,54.4,28.4,41.3,42.3,E
2226,0.7,78.7,no,no,12.3,35.5,44.2,37.3,F
2227,6.2,99.8,yes,yes,84.4,78.7,76.6,85.7,B
2228,5.0,68.6,yes,no,65.3,73.1,75.3,65.8,D
2229,1.3,74.9,yes,no,41.9,49.8,48.0,46.4,E
2230,1.7,52.9,yes,no,35.4,35.4,44.6,35.4,F
2231,1.5,78.6,yes,no,48.6,42.9,44.5,50.9,E
2232,1.8,60.5,yes,no,29.8,50.6,41.4,43.7,E
2233,4.0,50.8,yes,no,54.5,53.3,52.9,49.7,E
2234,0.9,84.2,yes,no,38.7,57.9,47.5,44.0,E
2235,4.4,57.4,yes,yes,55.8,18.0,49.2,53.0,E
2236,5.0,55.1,yes,yes,56.5,62.1,66.0,56.1,D
2237,6.0,61.4,yes,no,73.5,68.1,67.0,64.0,D
2238,7.6,56.9,yes,no,96.2,76.9,84.0,78.4,C
2239,1.1,81.1,yes,yes,29.6,56.6,33.5,47.2,E
2240,0.8,63.4,no,no,34.6,29.8,7.3,23.5,F
2241,1.5,83.5,yes,no,55.2,42.0,41.1,48.5,E
2242,3.0,77.3,no,yes,55.7,39.0,58.4,52.1,E
2243,4.4,67.7,yes,no,81.6,76.3,75.7,72.0,C
2244,0.5,59.7,yes,yes,47.3,37.0,45.2,29.8,F
2245,5.7,83.6,no,no,78.9,70.8,80.1,84.8,C
2246,7.7,76.2,yes,yes,100.0,96.2,99.8,97.9,A
2247,2.4,86.0,no,no,39.7,42.5,42.7,52.5,E
2248,0.6,75.3,yes,no,23.2,35.2,37.9,26.4,F
2249,6.1,90.1,no,yes,83.6,84.2,72.2,77.3,C
2250,6.3,77.5,yes,no,75.0,76.9,88.8,80.1,C
2251,0.8,90.7,yes,yes,44.6,41.0,46.8,45.6,E
2252,5.1,77.5,yes,no,78.1,77.2,67.5,72.6,C
2253,2.3,98.1,yes,no,65.3,62.9,52.8,63.0,D
2254,5.2,92.7,yes,yes,100.0,81.9,92.2,86.5,B
2255,5.9,62.7,yes,no,80.6,46.7,63.1,66.7,D
2256,2.2,86.4,yes,no,44.3,39.5,28.8,49.3,E
2257,2.5,56.6,yes,no,41.9,50.3,59.9,38.7,F
2258,5.1,95.6,yes,yes,82.0,88.8,77.3,72.4,C
2259,4.9,67.3,yes,yes,46.5,63.3,74.9,67.2,D
2260,7.1,73.9,yes,no,81.4,81.2,73.4,79.2,C
2261,4.3,51.0,yes,no,41.8,43.0,34.1,45.6,E
2262,6.5,93.4,yes,no,80.2,74.9,76.8,80.7,C
2263,6.0,97.4,yes,no,100.0,85.6,100.0,92.0,B
2264,5.5,73.5,yes,no,83.5,58.0,65.4,74.9,C
2265,1.9,59.4,yes,no,52.6,47.6,49.4,47.9,E
2266,2.6,84.7,yes,no,56.1,66.1,56.0,63.2,D
2267,4.8,64.8,yes,yes,80.8,65.1,65.2,68.9,D
2268,1.0,98.0,yes,no,43.5,65.3,67.6,54.4,E
2269,0.8,65.6,yes,yes,24.4,15.6,34.4,25.6,F
2270,0.9,78.8,yes,yes,49.1,36.4,50.2,44.9,E
2271,7.4,52.5,yes,no,86.4,70.6,89.4,83.6,C
2272,5.7,99.5,yes,no,89.0,100.0,84.4,92.7,B
2273,6.8,78.8,yes,no,74.6,73.1,97.7,81.5,C
2274,7.7,98.8,yes,no,100.0,98.8,96.9,100.0,A
2275,5.8,65.0,yes,yes,51.2,54.3,73.0,63.5,D
2276,4.4,76.4,yes,no,80.1,78.5,89.3,70.5,C
2277,4.1,50.9,no,yes,44.5,54.0,39.9,47.0,E
2278,6.1,88.5,yes,yes,84.1,93.5,81.0,93.3,B
2279,7.0,58.3,yes,yes,86.1,89.0,92.4,89.0,B
2280,6.7,71.3,yes,yes,78.1,83.1,81.2,80.4,C
2281,4.2,83.5,no,yes,64.1,78.0,80.0,75.5,C
2282,6.3,54.1,no,no,81.5,75.0,60.8,67.1,D
2283,4.1,89.2,yes,yes,73.8,59.9,66.6,70.8,C
2284,3.4,90.3,no,yes,60.5,79.4,67.0,70.7,C
2285,2.7,76.6,yes,no,51.4,49.6,67.9,58.8,D
2286,0.9,80.2,yes,yes,18.1,36.3,43.8,36.3,F
2287,2.0,54.7,yes,no,35.0,23.5,33.1,31.8,F
2288,6.0,72.4,yes,yes,69.1,72.3,100.0,72.8,C
2289,1.8,92.1,yes,yes,26.1,43.4,54.6,41.3,E
2290,7.3,54.5,no,no,67.2,84.2,69.4,77.0,C
2291,1.1,99.4,yes,yes,46.7,66.0,51.3,53.0,E
2292,0.9,74.3,yes,yes,27.5,38.1,55.1,36.2,F
2293,4.1,50.6,yes,yes,71.3,34.4,41.1,45.8,E
2294,2.2,67.0,yes,no,51.0,33.9,69.7,41.1,E
2295,1.3,75.0,no,no,22.8,27.2,38.3,35.6,F
2296,0.9,97.9,yes,no,54.3,57.2,56.3,48.1,E
2297,4.5,85.3,yes,no,59.8,40.4,62.3,61.7,D
2298,2.4,79.1,yes,yes,57.3,54.4,40.8,55.5,D
2299,4.7,98.3,yes,yes,65.9,68.5,78.8,69.6,D
2300,1.6,64.7,no,no,54.5,57.9,42.1,48.1,E
2301,0.7,69.0,yes,no,52.1,35.1,42.3,38.7,F
2302,0.7,88.4,yes,yes,39.4,32.9,50.8,38.1,F
2303,1.3,79.7,yes,no,26.6,43.2,39.7,36.1,F
2304,6.5,60.9,yes,yes,79.6,83.0,67.9,79.2,C
2305,3.9,87.6,yes,no,83.5,89.3,72.1,75.5,C
2306,5.2,63.4,yes,yes,76.1,64.1,47.9,67.0,D
2307,7.1,77.9,no,no,85.3,82.9,82.8,88.1,B
2308,2.1,92.8,yes,no,36.5,44.0,52.7,50.9,E
2309,7.0,63.8,no,no,95.0,89.0,85.0,83.5,C
2310,6.1,88.1,yes,no,91.8,100.0,94.9,93.5,B
2311,6.0,93.1,yes,no,88.3,66.8,82.5,84.3,C
2312,7.0,65.9,yes,no,93.9,79.0,76.1,74.2,C
2313,1.4,59.8,yes,no,41.1,34.0,26.9,35.3,F
2314,4.6,93.3,no,yes,86.1,79.7,72.0,79.3,C
2315,4.1,73.3,no,yes,69.0,83.5,63.8,70.5,C
2316,5.5,65.6,yes,yes,81.8,84.0,100.0,74.7,C
2317,2.3,50.5,no,no,23.6,55.7,53.6,45.2,E
2318,1.5,59.7,no,no,12.5,39.2,56.2,35.1,F
2319,7.8,75.6,yes,yes,86.6,87.1,78.4,84.5,C
2320,4.0,91.4,yes,yes,44.1,66.2,50.7,59.7,D
2321,2.2,75.1,yes,yes,58.2,66.2,29.2,41.2,E
2322,1.5,63.8,yes,yes,46.3,36.9,28.4,35.9,F
2323,5.0,96.5,yes,yes,100.0,88.2,78.4,85.4,B
2324,1.6,68.5,yes,no,36.4,33.4,35.1,40.1,E
2325,1.9,58.1,yes,yes,38.6,18.3,31.9,35.4,F
2326,7.6,97.3,yes,no,97.0,100.0,100.0,97.7,A
2327,0.7,69.8,yes,no,39.7,40.7,50.1,42.8,E
2328,1.9,74.1,yes,no,33.5,50.0,50.7,43.6,E
2329,5.5,91.5,yes,yes,81.3,87.4,100.0,84.3,C
2330,2.1,64.4,yes,yes,43.9,66.4,49.6,51.8,E
2331,1.9,76.4,yes,yes,54.0,46.0,68.4,49.1,E
2332,4.7,93.3,yes,yes,70.3,62.3,86.2,76.0,C
2333,5.7,62.8,yes,yes,83.8,84.5,81.6,71.0,C
2334,3.7,94.7,yes,no,62.3,73.4,74.2,70.6,C
2335,6.4,59.6,yes,no,73.6,77.4,77.4,76.2,C
2336,6.6,92.7,yes,no,97.1,72.0,100.0,93.4,B
2337,5.2,69.7,yes,no,70.7,77.1,93.1,71.3,C
2338,4.8,77.4,yes,no,73.0,61.2,81.0,78.9,C
2339,6.6,77.6,yes,no,98.8,99.9,89.5,91.0,B
2340,0.6,60.2,yes,no,17.4,17.6,17.8,20.8,F
2341,4.3,58.6,yes,no,75.3,69.6,67.8,64.4,D
2342,1.5,85.6,yes,yes,38.9,40.0,28.2,39.8,F
2343,2.2,91.3,no,no,55.7,46.1,31.8,49.5,E
2344,7.6,56.8,yes,yes,81.9,69.7,73.9,77.6,C
2345,0.5,87.6,no,no,20.3,16.3,31.8,36.9,F
2346,2.8,66.3,yes,yes,64.5,43.9,39.6,46.0,E
2347,1.7,79.7,yes,no,38.0,56.1,55.6,53.5,E
2348,4.8,76.7,yes,yes,80.6,73.9,79.4,70.0,D
2349,6.8,87.2,yes,no,81.7,93.5,90.1,85.7,B
2350,3.4,77.1,yes,yes,59.3,63.5,67.3,59.6,D
2351,6.8,54.7,yes,no,70.7,96.6,75.3,76.9,C
2352,3.8,64.0,yes,yes,75.2,60.3,68.0,65.5,D
2353,7.3,69.9,yes,yes,72.9,98.0,92.9,80.4,C
2354,6.9,78.6,yes,yes,80.7,93.7,82.3,91.9,B
2355,1.8,58.5,yes,yes,42.5,35.3,30.8,29.0,F
2356,7.1,66.9,yes,no,94.9,90.7,83.3,81.1,C
2357,1.9,53.2,yes,yes,33.9,1.0,31.4,35.0,F
2358,4.2,66.1,yes,no,56.9,85.4,70.5,68.8,D
2359,2.0,75.6,yes,yes,33.9,43.7,47.4,38.5,F
2360,3.4,96.8,no,no,61.2,58.2,57.1,65.4,D
2361,7.9,58.9,yes,no,92.1,77.6,91.6,82.3,C
2362,6.2,51.4,yes,no,76.3,68.4,67.7,60.2,D
2363,4.7,68.9,no,no,62.7,53.5,38.6,56.9,D
2364,7.5,80.4,yes,yes,88.2,83.4,80.9,90.0,B
2365,3.2,80.4,yes,no,52.3,61.3,71.3,63.3,D
2366,1.8,67.3,no,yes,56.2,41.6,67.3,50.6,E
2367,6.7,51.9,yes,no,81.4,61.7,76.8,74.2,C
2368,0.6,95.9,yes,yes,39.4,52.5,53.6,53.2,E
2369,6.5,75.1,yes,no,71.2,46.4,71.4,72.9,C
2370,0.7,88.8,yes,yes,38.9,35.9,39.5,31.6,F
2371,2.6,69.8,yes,no,42.8,35.6,38.3,46.3,E
2372,3.2,91.6,yes,no,59.3,78.9,64.5,58.8,D
2373,2.9,89.2,yes,yes,64.1,60.2,51.3,54.9,E
2374,2.3,54.8,yes,no,48.5,56.5,32.5,47.9,E
2375,1.3,52.6,yes,no,9.8,17.5,25.1,32.6,F
2376,0.5,57.5,yes,yes,36.1,34.3,20.4,24.5,F
2377,6.3,91.1,yes,no,81.9,60.1,67.9,77.3,C
2378,3.9,63.5,yes,no,31.4,43.7,65.6,47.1,E
2379,1.7,69.8,yes,yes,43.2,17.2,30.8,34.0,F
2380,1.1,78.9,yes,yes,26.8,32.8,24.1,35.4,F
2381,2.6,82.6,yes,yes,53.4,47.6,56.1,44.5,E
2382,3.2,71.3,yes,yes,34.3,44.9,36.7,47.8,E
2383,4.0,72.5,yes,yes,57.9,44.3,37.0,52.0,E
2384,1.3,66.4,yes,yes,47.2,51.4,59.6,44.7,E
2385,7.8,54.7,yes,no,75.5,85.3,79.7,85.5,B
2386,2.5,57.4,yes,no,41.9,39.8,50.0,41.3,E
2387,3.8,94.5,no,yes,80.7,68.2,81.6,65.2,D
2388,5.8,98.7,yes,yes,100.0,82.2,77.3,93.5,B
2389,2.8,91.3,yes,no,53.0,64.4,47.5,55.9,D
2390,1.1,65.3,yes,no,43.4,41.6,32.3,33.1,F
2391,3.3,58.9,yes,no,25.9,37.5,53.5,41.5,E
2392,4.6,75.5,no,yes,87.4,76.9,80.2,74.0,C
2393,6.8,54.7,yes,no,82.5,73.9,74.7,72.2,C
2394,3.3,95.7,yes,no,84.8,78.6,73.5,68.0,D
2395,7.2,88.4,no,no,79.6,100.0,77.9,84.7,C
2396,4.6,98.7,yes,yes,67.5,86.4,79.2,72.6,C
2397,5.9,92.8,yes,yes,88.9,65.2,75.5,77.2,C
2398,0.7,70.4,yes,no,42.2,47.5,45.1,38.8,F
2399,7.2,65.7,yes,yes,88.7,100.0,82.8,88.5,B
2400,2.1,91.7,yes,yes,66.3,48.1,58.3,58.1,D
2401,2.9,79.4,yes,yes,56.3,63.7,41.0,49.3,E
2402,4.4,93.9,yes,yes,75.4,81.6,77.1,74.8,C
2403,7.7,66.3,yes,yes,89.8,82.3,77.3,80.1,C
2404,3.1,77.3,yes,yes,54.1,52.0,44.6,49.3,E
2405,2.2,73.1,yes,yes,56.1,52.7,56.7,56.1,D
2406,7.7,59.2,yes,yes,71.2,70.6,67.5,85.5,B
2407,6.6,77.1,yes,yes,82.5,96.7,97.0,86.6,B
2408,5.5,54.2,yes,no,60.1,40.0,46.2,57.2,D
2409,3.6,68.7,yes,yes,35.8,48.3,44.3,50.3,E
2410,3.7,76.7,yes,no,55.5,68.8,61.6,68.6,D
2411,7.6,57.3,yes,yes,60.9,71.8,56.5,75.1,C
2412,1.0,87.7,yes,yes,43.1,45.8,52.4,43.7,E
2413,6.2,59.5,yes,no,79.2,99.4,80.6,80.0,C
2414,5.0,86.4,yes,yes,68.9,84.4,82.8,82.2,C
2415,7.8,51.2,yes,no,68.3,81.0,97.4,78.2,C
2416,4.7,84.4,yes,yes,74.8,73.0,56.6,62.9,D
2417,2.6,70.0,yes,yes,49.7,49.1,26.2,43.9,E
2418,6.3,89.5,yes,no,93.5,89.3,92.7,88.0,B
2419,7.9,78.1,yes,no,83.7,93.6,100.0,96.9,A
2420,7.3,69.0,yes,yes,93.7,90.1,66.2,89.0,B
2421,2.7,83.2,yes,no,47.0,57.0,35.4,51.5,E
2422,3.1,69.4,yes,yes,37.9,58.2,58.5,52.7,E
2423,6.2,67.8,no,no,60.3,63.3,71.4,73.0,C
2424,5.0,71.3,yes,yes,86.6,62.3,84.6,76.3,C
2425,0.6,85.5,yes,yes,12.0,34.6,30.0,29.3,F
2426,1.6,80.7,yes,yes,67.4,33.7,44.4,41.6,E
2427,1.1,95.8,yes,no,33.1,53.4,56.8,52.3,E
2428,1.8,50.0,no,yes,54.9,42.0,45.3,44.4,E
2429,2.8,58.0,yes,yes,45.8,38.2,40.1,43.0,E
2430,7.8,74.7,yes,no,96.4,94.3,81.8,88.9,B
2431,5.6,83.5,yes,yes,89.5,84.0,92.7,83.0,C
2432,0.9,54.5,yes,yes,46.5,48.5,55.6,36.2,F
2433,5.1,64.7,yes,yes,66.6,75.2,76.2,67.3,D
2434,3.8,99.4,yes,no,80.2,67.9,69.3,76.7,C
2435,6.2,66.4,no,yes,87.1,79.5,73.3,83.8,C
2436,7.1,69.0,yes,no,86.6,78.5,67.1,81.0,C
2437,1.0,61.9,yes,yes,30.3,22.2,27.4,28.7,F
2438,7.8,50.9,yes,yes,85.7,86.6,75.7,74.8,C
2439,0.9,64.3,no,no,13.1,20.7,21.0,25.5,F
2440,6.0,58.1,yes,yes,78.8,72.0,82.0,72.2,C
2441,7.3,69.1,yes,yes,73.5,82.0,76.2,78.2,C
2442,6.1,61.6,no,yes,78.7,66.8,77.6,78.1,C
2443,1.6,70.2,yes,yes,62.7,40.5,31.1,40.2,E
2444,2.1,63.5,yes,no,62.5,65.7,56.9,49.5,E
2445,0.8,95.8,yes,yes,31.4,48.7,44.1,48.0,E
2446,1.5,64.6,yes,no,31.1,32.0,9.8,35.2,F
2447,1.0,59.4,yes,no,19.2,34.6,36.5,26.4,F
2448,0.9,88.1,yes,yes,46.5,47.9,26.9,39.9,F
2449,4.7,90.6,yes,yes,84.8,49.7,60.1,72.8,C
2450,1.1,78.2,yes,yes,35.4,44.1,31.1,45.5,E
2451,3.7,67.2,yes,yes,50.5,56.6,57.3,52.8,E
2452,5.8,91.7,no,no,77.7,84.9,65.1,76.4,C
2453,0.6,83.5,yes,yes,33.9,51.6,42.1,39.9,F
2454,5.3,69.1,yes,yes,69.0,65.2,65.8,67.8,D
2455,6.2,69.6,yes,yes,82.9,75.4,77.8,75.1,C
2456,4.5,50.1,yes,yes,58.1,46.4,68.0,53.0,E
2457,4.1,52.9,yes,no,49.0,66.4,66.9,54.2,E
2458,6.0,56.7,yes,yes,85.4,48.5,69.4,69.9,D
2459,4.5,62.4,yes,no,47.5,55.5,91.5,69.5,D
2460,4.3,96.3,yes,no,47.0,84.3,65.3,68.4,D
2461,6.5,91.1,yes,no,80.0,84.2,72.7,84.7,C
2462,6.8,52.0,yes,yes,74.8,67.1,58.0,71.5,C
2463,3.3,50.7,yes,no,44.6,65.3,60.5,55.3,D
2464,3.6,79.3,yes,no,75.4,34.2,39.0,51.1,E
2465,6.5,68.8,yes,yes,72.2,72.9,74.6,70.6,C
2466,4.6,90.1,yes,no,79.0,87.8,88.4,80.6,C
2467,5.7,98.6,no,yes,89.5,80.2,81.6,79.5,C
2468,1.1,74.7,yes,yes,25.2,6.9,41.1,40.7,E
2469,1.2,58.9,yes,yes,45.6,27.5,32.0,31.3,F
2470,4.5,94.6,yes,yes,55.7,57.8,63.5,67.7,D
2471,6.6,71.1,yes,yes,75.8,100.0,99.9,88.6,B
2472,2.9,70.9,yes,yes,53.0,62.7,57.4,51.8,E
2473,7.7,85.2,yes,no,91.5,94.1,87.4,97.0,A
2474,6.2,68.5,yes,yes,74.9,49.2,44.0,67.3,D
2475,6.4,61.7,yes,yes,73.4,77.4,93.6,77.4,C
2476,6.8,87.1,yes,no,90.7,70.0,90.8,81.8,C
2477,2.4,59.3,yes,yes,57.5,56.3,60.8,51.2,E
2478,3.0,52.0,yes,no,47.5,47.0,30.9,43.8,E
2479,1.4,74.9,yes,no,50.7,46.6,40.3,50.5,E
2480,3.4,51.7,yes,no,40.9,48.5,51.4,44.9,E
2481,0.8,89.5,yes,no,39.5,67.2,38.5,41.5,E
2482,6.1,98.9,yes,no,79.2,62.2,77.1,78.7,C
2483,6.5,97.4,no,no,89.5,69.7,94.3,81.3,C
2484,2.1,57.4,yes,no,44.8,45.7,44.0,43.2,E
2485,4.2,96.6,no,no,56.0,54.0,64.5,62.3,D
2486,5.5,55.6,yes,no,82.8,79.2,84.8,75.3,C
2487,6.1,67.7,no,no,80.6,72.3,75.6,85.3,B
2488,7.8,54.2,yes,no,93.4,79.4,81.6,78.8,C
2489,2.0,91.1,no,no,64.0,58.5,78.1,58.7,D
2490,2.4,61.2,yes,yes,64.6,57.1,62.3,50.7,E
2491,6.9,83.2,no,yes,81.0,79.1,77.1,81.1,C
2492,1.2,88.1,yes,yes,57.6,61.2,53.1,51.1,E
2493,6.4,69.0,yes,yes,85.7,76.1,78.8,86.1,B
2494,1.5,89.5,yes,yes,39.3,48.5,43.9,45.2,E
2495,4.0,66.3,yes,no,69.4,44.7,57.1,62.4,D
2496,4.9,57.4,yes,no,51.7,34.8,56.0,57.5,D
2497,6.3,73.0,yes,no,75.2,67.3,89.8,81.1,C
2498,1.4,85.5,yes,yes,29.5,67.0,38.6,46.6,E
2499,6.7,52.0,yes,yes,80.2,81.5,78.5,66.8,D
2500,6.9,90.3,no,yes,96.2,100.0,100.0,99.9,A
2501,6.5,62.8,no,yes,81.8,77.6,70.8,85.9,B
2502,7.5,84.1,no,yes,94.4,100.0,100.0,100.0,A
2503,7.0,55.7,yes,yes,75.1,62.8,80.6,79.0,C
2504,6.3,69.5,no,yes,66.2,53.0,79.9,73.2,C
2505,4.8,73.3,yes,no,61.3,71.1,73.7,72.5,C
2506,6.6,73.4,no,no,91.5,84.9,84.5,85.4,B
2507,7.8,63.7,yes,no,89.1,100.0,100.0,95.4,A
2508,5.3,76.5,yes,no,89.9,73.4,93.6,80.0,C
2509,2.3,63.9,yes,yes,40.5,33.4,36.5,39.5,F
2510,2.4,58.3,yes,yes,23.5,62.1,45.9,44.2,E
2511,6.5,56.7,yes,no,79.5,71.7,79.5,73.5,C
2512,7.9,94.7,yes,no,100.0,94.5,87.4,100.0,A
2513,2.1,56.5,yes,yes,38.4,41.4,45.8,37.6,F
2514,7.8,69.8,yes,no,88.4,76.6,66.5,81.6,C
2515,2.5,62.6,yes,yes,36.6,62.7,53.8,44.8,E
2516,3.6,80.8,yes,yes,68.5,59.1,51.7,55.7,D
2517,7.3,67.3,yes,no,71.8,71.9,65.2,75.5,C
2518,7.7,64.3,yes,yes,100.0,87.4,98.5,95.6,A
2519,4.8,98.5,yes,no,69.3,61.4,83.1,81.3,C
2520,7.6,99.8,yes,yes,82.7,95.3,74.5,93.1,B
2521,6.8,56.6,yes,no,76.5,66.4,56.3,74.6,C
2522,7.0,84.6,yes,yes,89.1,67.5,83.6,85.4,B
2523,7.0,94.5,yes,yes,99.2,87.9,81.2,100.0,A
2524,3.4,98.5,yes,no,72.0,83.3,65.4,70.5,C
2525,0.7,64.9,yes,no,33.1,21.6,32.1,23.8,F
2526,1.7,89.2,yes,yes,36.6,41.4,43.9,39.4,F
2527,1.1,66.4,yes,no,31.0,43.9,36.3,41.8,E
2528,2.3,81.1,no,no,73.4,78.3,55.3,59.5,D
2529,0.9,75.6,yes,no,58.3,39.7,51.4,46.7,E
2530,2.6,85.4,yes,no,57.5,46.1,40.9,47.3,E
2531,4.9,95.6,yes,no,63.0,85.0,57.6,75.3,C
2532,1.6,55.6,yes,yes,18.9,27.5,20.8,27.5,F
2533,2.9,61.1,yes,no,61.5,59.5,60.5,56.3,D
2534,2.2,79.3,yes,yes,66.3,46.7,34.6,48.4,E
2535,1.2,67.9,no,yes,59.8,36.9,54.7,45.0,E
2536,5.6,77.9,yes,yes,73.4,86.3,67.7,75.0,C
2537,7.2,89.1,yes,yes,76.8,82.4,100.0,85.1,B
2538,5.9,85.0,no,no,67.7,82.9,73.9,78.3,C
2539,5.6,88.3,yes,yes,86.6,92.4,100.0,89.5,B
2540,7.9,58.1,yes,yes,100.0,57.2,94.1,94.0,B
2541,6.0,51.5,yes,yes,58.5,67.9,54.0,68.9,D
2542,0.9,93.6,no,no,41.3,41.8,43.4,41.2,E
2543,2.1,72.6,yes,yes,31.2,16.0,25.4,39.1,F
2544,5.3,81.8,yes,no,70.7,54.6,52.6,67.9,D
2545,5.3,53.6,yes,no,38.7,54.4,64.8,57.0,D
2546,6.7,85.4,yes,no,76.7,83.4,92.0,88.4,B
2547,1.7,55.1,yes,yes,29.8,48.7,32.9,39.6,F
2548,7.9,89.4,yes,no,82.7,100.0,93.5,94.9,B
2549,4.4,53.0,yes,no,57.4,59.9,62.8,66.1,D
2550,7.4,54.2,yes,no,80.2,71.3,73.9,80.2,C
2551,4.5,67.2,yes,yes,78.6,64.1,58.8,64.8,D
2552,1.9,60.6,yes,yes,37.8,50.6,38.5,40.2,E
2553,3.1,99.2,yes,no,61.9,69.8,67.0,69.9,D
2554,2.2,72.6,yes,yes,60.1,65.9,52.4,55.4,D
2555,2.5,73.4,yes,yes,66.3,67.1,58.4,56.3,D
2556,7.2,52.3,yes,no,66.8,84.7,90.5,78.8,C
2557,3.3,74.6,yes,yes,56.7,64.4,78.2,65.0,D
2558,1.9,53.2,yes,no,27.5,24.0,42.1,34.9,F
2559,3.2,81.4,yes,yes,46.6,51.4,55.2,49.6,E
2560,5.1,99.1,yes,yes,70.9,67.1,68.2,73.1,C
2561,2.0,66.5,no,yes,52.9,68.9,41.9,51.6,E
2562,0.9,90.4,yes,yes,48.5,63.2,50.6,52.2,E
2563,7.0,98.3,no,yes,100.0,98.5,100.0,100.0,A
2564,2.3,98.4,yes,yes,59.5,61.7,56.8,62.8,D
2565,7.5,87.3,yes,no,82.5,84.1,83.0,98.5,A
2566,0.9,93.5,no,yes,56.7,46.6,63.3,51.4,E
2567,5.4,67.6,yes,no,60.4,89.7,67.6,69.1,D
2568,5.5,79.2,no,yes,71.9,80.5,87.8,76.6,C
2569,1.7,83.1,yes,no,62.4,53.7,53.4,54.8,E
2570,5.5,60.9,yes,no,63.2,63.7,69.3,59.5,D
2571,3.4,65.7,no,yes,49.2,52.0,59.3,54.7,E
2572,3.4,68.1,yes,no,63.6,51.7,62.9,52.1,E
2573,7.1,53.3,yes,yes,90.0,79.1,86.2,79.2,C
2574,7.6,72.8,yes,yes,85.8,100.0,97.5,99.1,A
2575,1.8,89.2,no,no,26.7,33.5,55.7,55.8,D
2576,5.6,82.5,yes,yes,76.9,70.1,94.5,77.3,C
2577,1.7,81.3,yes,no,47.8,26.8,46.9,49.7,E
2578,0.8,80.3,yes,yes,48.2,35.3,44.2,39.8,F
2579,1.6,51.1,yes,no,41.2,26.0,32.4,27.2,F
2580,5.3,50.2,yes,yes,77.1,67.7,68.5,61.6,D
2581,5.9,58.5,yes,yes,82.9,51.1,60.9,62.8,D
2582,4.3,95.7,yes,no,61.0,63.1,82.2,71.8,C
2583,7.6,92.9,yes,no,100.0,100.0,97.3,96.7,A
2584,6.2,78.8,yes,yes,68.4,89.9,67.9,85.1,B
2585,1.7,69.3,yes,yes,10.5,33.6,37.5,36.7,F
2586,2.1,98.2,yes,yes,41.0,30.4,57.5,53.9,E
2587,5.0,53.3,yes,no,60.4,59.2,56.4,59.6,D
2588,3.0,54.9,yes,no,43.4,41.4,39.6,39.4,F
2589,0.5,81.1,yes,yes,36.9,42.2,42.4,41.1,E
2590,0.7,77.4,yes,no,38.9,23.4,51.0,39.9,F
2591,3.6,99.1,yes,no,68.0,54.9,70.7,66.5,D
2592,4.4,90.1,yes,no,64.1,73.0,80.5,64.4,D
2593,5.4,96.9,yes,yes,76.6,100.0,78.5,87.7,B
2594,6.2,86.1,yes,yes,89.2,96.1,81.2,87.9,B
2595,7.8,96.3,yes,yes,100.0,95.0,100.0,100.0,A
2596,6.8,84.3,yes,no,95.1,93.6,100.0,97.0,A
2597,3.2,76.3,yes,yes,48.7,52.2,71.7,62.2,D
2598,4.5,79.0,no,no,93.0,80.2,72.4,75.6,C
2599,2.1,95.1,yes,yes,60.8,72.0,51.9,60.0,D
2600,7.8,55.2,yes,yes,86.8,97.1,86.3,89.4,B
2601,4.5,78.3,yes,no,88.5,78.7,49.3,72.5,C
2602,2.4,69.6,yes,yes,47.7,48.6,65.0,55.9,D
2603,5.9,83.1,yes,no,84.0,77.9,75.2,80.9,C
2604,4.2,80.2,yes,yes,46.5,58.9,55.4,63.9,D
2605,8.0,70.0,yes,no,92.6,100.0,100.0,100.0,A
2606,1.1,84.5,no,yes,37.3,52.2,65.2,52.0,E
2607,3.0,76.8,yes,yes,60.4,71.9,68.2,62.2,D
2608,7.6,59.4,yes,yes,91.2,90.0,83.2,86.1,B
2609,4.0,81.9,yes,no,65.5,58.7,73.4,67.3,D
2610,2.8,51.3,yes,yes,47.3,26.9,46.4,41.9,E
2611,5.0,91.1,yes,yes,70.6,90.3,86.8,70.7,C
2612,5.5,95.3,no,no,64.0,69.9,85.0,74.1,C
2613,1.2,53.9,yes,yes,30.9,22.5,18.3,21.4,F
2614,2.4,62.8,yes,no,45.1,56.0,39.0,38.6,F
2615,2.8,56.3,yes,yes,52.4,50.8,47.8,45.7,E
2616,2.3,88.6,yes,no,55.6,51.5,42.9,61.9,D
2617,3.4,53.6,yes,no,30.9,47.5,16.5,46.9,E
2618,3.0,77.1,no,no,58.0,72.4,59.0,57.7,D
2619,6.0,69.4,yes,yes,84.4,78.5,82.8,75.0,C
2620,5.0,87.5,yes,no,60.8,99.0,93.1,65.3,D
2621,3.7,82.0,yes,no,54.3,40.8,59.6,61.0,D
2622,2.0,77.2,yes,no,47.6,40.4,41.8,44.3,E
2623,3.7,75.2,yes,no,38.9,42.4,68.1,56.0,D
2624,1.9,88.8,yes,yes,27.6,54.1,36.3,46.8,E
2625,7.6,73.9,yes,yes,90.8,70.5,100.0,83.4,C
2626,1.8,71.0,no,yes,45.9,36.6,35.4,44.5,E
2627,6.9,51.3,yes,no,85.9,75.7,86.1,81.8,C
2628,5.1,63.4,yes,no,74.0,74.6,73.9,72.8,C
2629,6.6,68.5,yes,yes,61.0,73.7,62.4,75.6,C
2630,7.2,78.9,yes,no,77.6,94.6,80.8,84.9,C
2631,6.5,83.7,yes,yes,77.7,70.5,71.3,81.2,C
2632,4.9,98.1,yes,no,76.7,75.7,66.9,71.7,C
2633,2.5,63.8,yes,yes,43.1,45.9,59.1,48.0,E
2634,5.5,77.2,yes,yes,72.4,48.5,49.3,67.8,D
2635,0.5,87.8,yes,no,29.0,48.2,16.8,37.1,F
2636,3.3,65.5,no,no,68.3,46.1,52.5,53.5,E
2637,6.9,77.4,yes,no,91.0,91.2,76.9,89.7,B
2638,4.9,70.9,yes,no,80.8,67.7,84.4,76.9,C
2639,2.5,69.9,yes,yes,59.2,82.5,54.0,54.3,E
2640,7.2,53.1,no,no,51.6,92.9,85.8,76.7,C
2641,0.6,51.2,yes,no,35.5,27.0,13.9,31.9,F
2642,7.1,64.8,yes,no,77.2,81.1,80.3,78.3,C
2643,6.2,95.6,yes,no,88.2,94.3,100.0,91.4,B
2644,1.6,59.6,yes,yes,34.3,16.7,37.5,30.8,F
2645,1.0,53.2,yes,yes,23.2,34.4,34.3,28.0,F
2646,7.6,81.0,yes,yes,100.0,95.9,100.0,95.5,A
2647,1.0,97.9,yes,no,71.3,64.2,48.2,53.4,E
2648,7.8,52.9,yes,no,93.7,90.6,87.5,92.2,B
2649,3.7,87.3,yes,no,81.8,62.6,61.8,74.1,C
2650,3.2,55.4,yes,yes,51.1,47.0,56.6,54.7,E
2651,5.4,56.8,yes,yes,48.5,47.6,85.8,59.8,D
2652,4.2,96.8,yes,yes,83.2,80.8,85.8,79.3,C
2653,3.4,85.1,yes,yes,52.0,70.2,47.3,63.0,D
2654,5.3,78.0,no,no,64.1,56.9,64.6,71.1,C
2655,3.1,58.2,no,yes,43.9,48.0,51.2,44.1,E
2656,0.8,78.0,yes,yes,40.8,49.3,44.8,42.0,E
2657,6.7,53.1,yes,yes,72.9,78.0,71.6,73.4,C
2658,4.4,69.7,yes,no,81.2,56.8,62.8,70.3,C
2659,5.7,85.2,no,no,98.4,100.0,77.2,88.6,B
2660,4.8,78.4,yes,no,87.2,81.1,63.5,77.6,C
2661,5.1,83.8,yes,no,75.4,57.6,88.6,73.6,C
2662,2.1,55.8,yes,yes,34.0,41.0,49.4,46.8,E
2663,7.5,87.9,yes,no,93.9,91.1,100.0,97.1,A
2664,3.9,97.8,yes,yes,57.5,61.6,65.8,64.0,D
2665,7.4,95.4,yes,no,90.3,100.0,91.2,89.1,B
2666,6.6,54.4,yes,yes,76.6,67.9,63.9,65.5,D
2667,5.9,54.9,no,no,63.4,58.5,56.1,60.0,D
2668,4.0,75.7,no,yes,67.1,84.4,56.1,68.6,D
2669,0.7,76.2,yes,no,35.8,33.6,21.6,28.7,F
2670,2.9,92.9,yes,yes,67.4,89.2,51.5,68.1,D
2671,5.5,68.4,yes,yes,65.5,68.3,55.6,67.2,D
2672,3.0,75.7,yes,no,71.1,80.3,64.5,64.1,D
2673,1.2,60.2,yes,no,37.0,11.7,27.9,32.4,F
2674,4.4,97.3,yes,no,60.5,74.6,66.4,67.1,D
2675,1.7,56.0,yes,no,16.3,28.8,42.6,30.6,F
2676,2.8,95.2,yes,yes,56.5,57.6,61.8,54.8,E
2677,4.3,94.5,yes,yes,62.0,69.8,67.8,65.5,D
2678,1.4,52.5,yes,yes,33.7,44.8,25.1,38.1,F
2679,1.3,88.8,yes,yes,33.5,55.2,27.5,38.8,F
2680,2.1,66.9,yes,yes,42.1,49.0,36.6,43.3,E
2681,4.9,61.2,no,yes,70.5,70.2,62.5,70.1,C
2682,7.5,70.1,yes,no,84.5,95.2,69.6,90.1,B
2683,2.3,96.2,yes,yes,53.6,53.0,77.1,61.9,D
2684,5.9,69.9,yes,yes,50.1,86.6,69.7,67.3,D
2685,1.9,62.1,yes,yes,46.9,40.1,52.6,46.6,E
2686,5.3,76.2,yes,yes,82.2,82.9,71.1,74.8,C
2687,1.5,70.5,yes,no,31.6,42.9,33.2,30.3,F
2688,6.8,51.0,yes,yes,66.9,87.3,80.2,81.3,C
2689,6.1,59.3,yes,yes,67.0,69.6,85.8,75.7,C
2690,5.6,50.9,yes,no,44.9,48.5,62.7,55.5,D
2691,0.6,76.1,yes,yes,31.9,52.6,38.3,41.0,E
2692,6.8,82.1,yes,no,89.6,100.0,82.8,97.0,A
2693,1.6,85.9,yes,yes,43.5,45.8,38.1,50.2,E
2694,4.5,60.4,yes,no,89.9,59.1,61.9,67.1,D
2695,6.3,90.3,no,yes,88.1,87.3,94.7,93.7,B
2696,5.2,70.6,yes,yes,60.0,81.7,67.8,79.7,C
2697,6.6,52.5,no,yes,78.9,93.1,65.9,68.9,D
2698,5.8,96.4,yes,yes,85.6,72.4,94.4,84.5,C
2699,6.2,84.7,yes,no,89.9,58.2,90.1,81.5,C
2700,2.7,78.1,yes,yes,56.0,57.2,53.2,56.8,D
2701,3.3,52.0,yes,no,63.2,43.7,49.7,49.9,E
2702,4.3,50.7,yes,yes,55.3,50.2,65.7,53.8,E
2703,4.9,78.2,yes,no,88.6,67.8,93.0,79.1,C
2704,5.7,93.9,yes,no,100.0,100.0,94.3,91.2,B
2705,4.7,82.4,no,no,59.4,58.4,71.7,63.2,D
2706,5.8,50.3,no,yes,67.5,70.5,74.6,65.6,D
2707,1.6,81.9,no,no,47.3,51.4,33.4,35.7,F
2708,3.5,67.4,yes,no,61.6,54.5,50.9,56.7,D
2709,7.3,56.1,yes,yes,98.2,79.9,96.8,88.1,B
2710,2.1,90.6,no,yes,79.7,54.2,69.1,55.5,D
2711,1.6,78.8,yes,no,35.8,39.7,34.7,40.7,E
2712,6.1,86.2,yes,yes,88.4,96.9,84.7,91.6,B
2713,2.0,58.3,yes,no,30.9,46.5,41.2,46.4,E
2714,3.9,55.8,yes,yes,50.6,62.1,43.2,61.2,D
2715,5.8,75.7,yes,yes,74.3,76.9,64.5,81.5,C
2716,4.1,76.4,yes,no,58.5,57.1,40.2,55.1,D
2717,7.3,79.1,yes,yes,89.3,95.0,89.5,91.7,B
2718,7.1,87.2,yes,yes,87.1,98.3,87.2,92.8,B
2719,4.3,83.2,yes,no,74.4,59.7,69.7,76.3,C
2720,7.7,83.8,no,no,94.2,88.2,97.5,100.0,A
2721,2.7,58.7,yes,yes,37.0,25.8,53.5,40.0,F
2722,2.3,70.9,yes,no,37.1,61.5,54.1,51.9,E
2723,5.5,80.0,yes,yes,87.2,61.9,72.5,73.5,C
2724,4.8,75.9,no,yes,63.9,62.0,71.7,66.4,D
2725,2.4,65.2,yes,yes,47.5,53.4,45.7,53.5,E
2726,3.3,97.2,yes,yes,54.3,42.4,56.4,56.9,D
2727,2.2,57.0,no,no,25.0,28.8,25.2,33.8,F
2728,2.3,98.7,no,no,67.3,81.5,37.3,56.2,D
2729,3.3,89.1,yes,yes,46.6,61.4,58.0,60.9,D
2730,7.4,79.8,yes,yes,100.0,100.0,98.3,99.3,A
2731,6.8,56.4,yes,no,95.7,74.7,74.7,79.6,C
2732,4.3,78.2,no,yes,59.3,73.5,78.2,67.1,D
2733,4.1,54.4,yes,yes,37.6,54.3,59.3,58.9,D
2734,0.7,96.6,yes,yes,34.2,38.0,41.3,35.6,F
2735,4.0,64.3,yes,yes,56.3,66.2,45.0,58.3,D
2736,5.2,70.0,yes,yes,71.9,68.8,84.7,73.3,C
2737,6.3,81.8,yes,no,83.8,95.4,94.5,90.2,B
2738,3.2,50.9,yes,yes,38.7,33.1,52.4,36.3,F
2739,7.4,77.1,yes,yes,93.6,87.9,96.6,85.3,B
2740,6.8,85.7,yes,no,77.0,93.1,63.9,82.9,C
2741,1.1,60.4,no,no,42.3,54.2,28.5,40.2,E
2742,7.3,57.7,yes,yes,72.1,89.9,68.5,79.4,C
2743,2.2,74.4,yes,yes,77.3,56.0,57.8,56.3,D
2744,7.4,76.8,yes,no,100.0,100.0,100.0,95.2,A
2745,5.2,72.0,yes,no,96.7,86.8,75.1,77.6,C
2746,3.6,64.8,yes,yes,70.3,56.6,64.4,61.5,D
2747,3.8,70.5,yes,yes,38.8,41.3,42.4,51.8,E
2748,4.7,65.6,no,no,47.4,37.8,48.0,54.8,E
2749,6.8,62.5,yes,no,87.8,98.7,85.3,81.1,C
2750,6.8,73.6,yes,yes,72.1,59.8,84.5,75.3,C
2751,3.6,69.8,yes,no,64.9,55.9,63.4,58.1,D
2752,6.9,71.8,yes,no,76.7,82.5,71.8,78.6,C
2753,4.0,50.0,yes,yes,69.0,49.0,53.4,61.0,D
2754,3.6,84.6,yes,no,81.2,78.3,54.9,61.6,D
2755,2.3,52.3,yes,yes,28.6,65.8,43.5,41.9,E
2756,6.7,60.3,yes,yes,63.5,81.0,96.0,79.7,C
2757,5.2,90.2,yes,yes,83.4,84.1,84.3,86.1,B
2758,3.7,99.2,yes,no,75.1,68.5,76.5,75.7,C
2759,5.5,99.6,yes,no,84.4,93.5,99.8,89.7,B
2760,7.0,79.6,yes,no,88.1,63.3,89.9,84.3,C
2761,2.0,63.0,yes,no,34.8,39.0,44.9,38.2,F
2762,3.4,91.7,no,no,53.3,68.7,61.5,61.4,D
2763,3.4,82.5,yes,no,60.3,51.5,61.6,57.6,D
2764,1.1,99.3,yes,no,64.0,58.6,58.0,56.2,D
2765,3.0,77.5,no,yes,56.8,59.7,39.7,54.7,E
2766,6.2,76.3,yes,yes,100.0,86.8,73.4,83.4,C
2767,2.4,52.2,no,yes,31.2,30.5,30.4,34.6,F
2768,6.6,59.7,no,yes,77.4,93.2,79.4,86.4,B
2769,7.7,83.3,yes,no,100.0,91.7,93.0,100.0,A
2770,2.2,99.7,yes,yes,41.9,49.4,79.8,59.6,D
2771,3.6,73.8,yes,yes,86.5,60.1,69.9,66.7,D
2772,1.5,51.5,yes,no,56.0,41.9,51.3,39.3,F
2773,5.7,70.0,yes,yes,78.7,47.4,42.9,65.5,D
2774,4.1,56.3,no,no,41.6,53.0,82.1,64.7,D
2775,4.9,98.0,yes,no,70.2,63.2,63.5,74.4,C
2776,6.3,57.1,yes,yes,67.0,68.8,83.3,67.3,D
2777,6.3,55.9,yes,no,83.4,74.4,76.7,82.6,C
2778,4.4,72.9,yes,yes,63.2,45.3,45.1,56.4,D
2779,7.1,77.1,no,yes,100.0,77.4,96.4,90.5,B
2780,7.5,85.9,no,no,100.0,90.4,86.4,100.0,A
2781,5.2,68.4,yes,no,86.3,73.0,76.5,78.8,C
2782,0.8,94.8,yes,yes,50.4,40.0,36.6,51.8,E
2783,6.3,79.9,no,yes,90.0,92.1,100.0,90.4,B
2784,7.2,52.4,no,no,85.4,76.3,68.9,78.1,C
2785,4.7,51.7,yes,yes,55.5,79.3,74.0,67.4,D
2786,5.8,73.4,yes,yes,68.0,86.6,72.5,69.6,D
2787,3.2,72.0,yes,yes,65.8,47.8,55.4,49.5,E
2788,4.3,72.6,yes,no,64.3,62.5,53.3,57.7,D
2789,6.5,52.9,yes,yes,87.7,83.4,80.7,77.1,C
2790,7.1,52.7,yes,yes,71.6,69.5,89.2,68.6,D
2791,1.4,53.0,yes,yes,36.8,19.2,26.2,26.9,F
2792,0.6,86.7,yes,yes,43.7,42.1,32.7,38.5,F
2793,3.3,80.1,yes,no,74.5,43.0,46.9,55.7,D
2794,3.4,56.8,yes,no,35.8,43.9,42.2,40.0,F
2795,6.3,71.5,yes,yes,66.3,72.1,69.6,73.6,C
2796,0.6,97.1,yes,yes,17.4,36.4,29.4,34.7,F
2797,6.2,53.5,yes,yes,65.4,66.7,65.8,65.7,D
2798,4.5,59.5,yes,no,69.3,73.8,52.1,60.1,D
2799,5.7,69.5,yes,no,83.2,63.0,70.3,70.6,C
2800,4.3,61.8,yes,no,66.1,73.9,56.7,65.6,D
2801,6.4,57.9,yes,no,85.7,72.8,82.7,71.9,C
2802,3.8,98.7,yes,no,70.9,82.3,54.7,67.9,D
2803,3.1,88.3,no,no,44.8,43.4,50.2,56.4,D
2804,5.3,86.5,no,yes,79.2,69.1,87.9,70.1,C
2805,3.8,96.6,yes,yes,57.2,66.6,56.8,63.1,D
2806,2.8,59.4,yes,yes,50.4,54.5,48.9,54.7,E
2807,7.4,94.5,yes,no,100.0,81.7,94.6,97.2,A
2808,5.9,99.1,no,no,100.0,88.6,100.0,95.1,A
2809,2.0,79.3,no,no,54.0,41.3,33.6,49.7,E
2810,6.1,95.2,yes,yes,76.4,100.0,87.6,83.8,C
2811,2.4,90.8,yes,no,54.5,66.3,49.9,65.3,D
2812,3.7,65.9,no,no,52.2,37.1,63.6,47.3,E
2813,2.1,66.6,yes,no,54.7,59.4,46.9,51.9,E
2814,1.3,83.8,yes,no,39.0,38.1,13.5,42.3,E
2815,3.5,77.6,yes,yes,70.2,77.8,80.8,64.9,D
2816,4.7,69.2,yes,no,72.8,63.3,81.3,71.4,C
2817,2.8,52.4,yes,yes,34.3,28.8,32.1,39.5,F
2818,1.1,51.1,yes,yes,10.2,15.4,9.6,20.8,F
2819,2.4,54.9,yes,yes,46.5,51.9,35.6,46.9,E
2820,2.3,70.2,yes,no,47.7,56.1,41.1,51.2,E
2821,4.9,51.4,yes,no,51.7,68.6,59.6,55.1,D
2822,2.6,57.4,yes,yes,49.9,70.5,58.2,50.7,E
2823,4.5,98.4,yes,no,76.5,82.6,53.4,76.4,C
2824,4.0,72.5,yes,yes,60.9,59.4,63.5,66.3,D
2825,2.5,96.7,yes,yes,64.5,67.3,60.6,58.2,D
2826,6.1,59.5,yes,yes,61.2,65.1,52.2,64.4,D
2827,5.5,67.9,yes,yes,66.1,63.2,71.4,62.9,D
2828,5.6,83.6,yes,yes,73.1,80.8,60.3,81.7,C
2829,3.8,99.5,no,no,75.2,70.0,73.8,80.2,C
2830,2.9,85.0,yes,no,68.1,54.6,70.5,62.7,D
2831,4.9,95.1,yes,no,63.0,64.3,74.2,76.5,C
2832,7.7,52.5,yes,no,100.0,72.5,79.4,90.1,B
2833,3.8,65.2,yes,no,62.0,58.6,59.5,56.2,D
2834,5.5,94.1,yes,yes,83.4,97.7,70.8,83.0,C
2835,3.8,76.2,yes,yes,62.7,61.6,66.3,57.6,D
2836,7.5,58.5,yes,no,74.9,93.7,73.9,87.0,B
2837,2.5,58.5,yes,no,48.4,65.1,56.3,44.8,E
2838,3.9,87.9,yes,yes,58.2,64.8,85.0,75.2,C
2839,4.2,57.9,yes,no,63.9,70.4,75.4,54.7,E
2840,6.0,74.9,no,yes,68.7,90.2,72.4,77.8,C
2841,5.9,59.1,yes,yes,72.4,64.3,66.5,64.3,D
2842,6.0,60.4,yes,no,67.9,66.4,64.7,77.6,C
2843,6.0,69.9,no,yes,86.1,90.6,99.8,85.6,B
2844,4.0,55.9,yes,yes,64.8,88.4,61.7,63.9,D
2845,1.7,83.0,yes,no,46.9,56.2,60.7,46.3,E
2846,7.0,58.3,yes,yes,85.8,71.9,90.8,79.9,C
2847,2.9,87.6,yes,yes,43.6,61.5,52.3,54.2,E
2848,1.3,76.1,no,yes,31.8,47.8,50.2,50.3,E
2849,1.5,67.3,yes,no,24.1,37.3,30.3,31.2,F
2850,4.2,80.7,yes,yes,82.1,61.4,71.2,71.4,C
2851,3.7,70.4,yes,yes,55.1,64.5,59.0,59.0,D
2852,5.5,54.1,yes,yes,62.2,63.8,57.7,68.5,D
2853,5.1,65.5,yes,no,87.7,49.7,71.4,69.6,D
2854,1.3,76.2,yes,no,29.1,39.9,43.2,39.6,F
2855,2.7,55.2,yes,yes,53.3,36.3,28.8,44.1,E
2856,7.2,86.6,yes,no,86.0,84.8,100.0,96.2,A
2857,6.3,67.8,no,yes,76.0,71.9,64.8,86.5,B
2858,7.0,60.2,yes,no,86.9,72.5,81.9,78.2,C
2859,0.7,50.4,yes,no,31.1,20.8,18.4,24.7,F
2860,7.3,54.2,yes,no,65.3,75.2,63.1,73.6,C
2861,7.0,61.9,yes,yes,63.6,77.5,80.8,84.2,C
2862,3.9,68.3,yes,no,65.5,58.1,59.7,66.9,D
2863,5.6,57.7,yes,yes,66.8,63.4,79.1,68.5,D
2864,2.5,77.2,yes,yes,64.9,46.1,25.3,45.7,E
2865,5.4,59.7,no,yes,53.9,65.1,56.2,66.3,D
2866,6.5,97.7,yes,yes,88.1,91.3,90.9,90.6,B
2867,4.1,78.2,no,yes,57.7,48.3,47.1,58.8,D
2868,0.7,89.8,yes,no,42.0,29.1,40.8,42.7,E
2869,3.6,71.1,yes,no,53.3,64.8,64.2,59.6,D
2870,5.9,60.2,no,no,61.3,69.7,54.8,66.4,D
2871,5.8,72.5,yes,no,72.8,54.6,63.0,74.5,C
2872,4.1,70.6,no,yes,67.1,65.2,49.3,64.1,D
2873,7.9,81.2,yes,no,100.0,97.5,87.5,100.0,A
2874,1.4,95.5,yes,no,44.3,28.1,47.9,41.2,E
2875,1.7,61.9,yes,yes,40.8,63.2,43.6,46.3,E
2876,2.4,54.8,no,no,44.9,16.7,24.9,33.8,F
2877,6.5,85.8,no,yes,89.2,94.8,70.5,86.2,B
2878,6.2,50.0,yes,yes,80.0,67.2,70.2,77.2,C
2879,6.3,89.7,yes,no,86.6,82.4,89.3,94.7,B
2880,7.1,86.4,yes,no,100.0,97.4,77.0,97.2,A
2881,3.8,91.3,yes,no,59.5,47.8,60.7,58.8,D
2882,2.9,54.5,yes,yes,50.0,53.1,31.2,41.3,E
2883,5.0,60.2,yes,no,54.0,68.7,48.7,57.9,D
2884,3.6,77.6,yes,no,52.7,56.1,57.8,60.3,D
2885,4.4,66.4,yes,no,44.3,61.6,63.8,59.6,D
2886,1.6,92.3,no,yes,59.1,64.6,40.1,58.1,D
2887,3.5,72.9,yes,no,41.9,40.0,42.8,51.9,E
2888,4.0,71.5,no,no,57.6,81.2,59.1,67.6,D
2889,1.2,59.2,yes,yes,39.1,23.5,13.8,30.4,F
2890,8.0,78.1,no,yes,100.0,98.4,100.0,100.0,A
2891,0.8,67.3,yes,no,19.7,25.9,33.9,28.5,F
2892,7.4,72.5,yes,no,59.4,79.9,81.3,86.6,B
2893,1.1,63.6,yes,no,19.8,25.7,27.6,31.9,F
2894,6.9,80.4,yes,no,100.0,95.9,100.0,92.6,B
2895,4.6,91.9,yes,yes,77.1,80.7,65.1,76.0,C
2896,2.0,51.0,yes,yes,38.0,33.3,33.2,45.2,E
2897,2.2,61.5,yes,no,43.1,33.7,39.7,35.4,F
2898,3.1,83.9,yes,yes,61.3,57.8,57.1,68.4,D
2899,6.5,85.3,yes,yes,67.8,67.3,78.4,77.9,C
2900,1.6,64.7,yes,yes,41.7,55.7,30.5,39.4,F
2901,2.3,64.3,yes,yes,39.2,35.2,32.0,38.3,F
2902,5.7,87.3,yes,yes,66.6,67.4,77.7,80.1,C
2903,5.1,77.9,yes,yes,73.9,80.8,59.9,77.2,C
2904,3.7,69.4,yes,yes,46.2,51.9,70.5,56.9,D
2905,1.0,52.8,yes,yes,39.4,36.4,38.5,36.2,F
2906,4.7,82.7,yes,no,73.2,64.1,68.2,74.8,C
2907,2.2,64.6,no,no,54.0,43.0,31.0,43.7,E
2908,5.1,78.9,yes,no,68.9,89.2,60.5,81.2,C
2909,2.6,86.1,yes,yes,64.4,69.7,69.6,61.4,D
2910,7.9,73.2,yes,yes,93.7,100.0,99.0,100.0,A
2911,4.9,62.7,yes,yes,72.2,61.1,41.4,65.1,D
2912,4.8,60.7,no,yes,49.3,64.6,74.9,71.4,C
2913,6.8,85.2,yes,no,93.4,80.8,82.7,81.3,C
2914,7.9,94.6,no,no,100.0,98.5,100.0,100.0,A
2915,6.3,99.0,yes,no,91.8,86.8,100.0,90.2,B
2916,5.0,90.2,yes,yes,82.1,55.4,69.1,66.2,D
2917,7.0,80.1,yes,yes,89.3,100.0,100.0,94.3,B
2918,1.9,93.2,yes,yes,74.3,62.5,65.3,60.3,D
2919,6.2,69.5,yes,no,85.6,61.1,79.7,78.6,C
2920,5.6,94.1,yes,yes,79.4,81.0,71.8,81.4,C
2921,4.7,71.5,yes,no,89.7,82.5,80.5,73.8,C
2922,7.0,79.8,yes,yes,82.4,100.0,80.0,78.9,C
2923,5.8,58.5,yes,no,73.9,78.1,75.4,76.8,C
2924,5.9,74.9,yes,yes,89.7,89.2,86.8,81.3,C
2925,7.3,67.1,yes,no,83.5,91.3,83.9,87.3,B
2926,5.7,68.3,yes,no,63.6,68.6,59.9,74.7,C
2927,2.4,79.9,yes,no,50.3,50.2,36.4,46.7,E
2928,1.9,94.1,yes,yes,49.8,44.6,43.8,46.8,E
2929,4.3,91.3,yes,no,73.4,64.8,70.8,72.6,C
2930,2.3,67.4,yes,yes,42.1,44.2,46.3,42.4,E
2931,5.7,86.7,yes,no,70.4,77.6,73.1,75.4,C
2932,6.8,77.4,yes,no,78.8,94.1,93.0,86.8,B
2933,2.7,67.4,yes,no,59.8,58.4,54.5,49.4,E
2934,7.4,95.4,yes,no,95.5,75.8,100.0,93.9,B
2935,6.1,58.1,yes,yes,75.7,65.6,52.3,74.8,C
2936,7.9,90.3,yes,no,76.3,100.0,93.9,90.3,B
2937,2.0,60.6,yes,no,56.3,42.0,63.0,48.5,E
2938,4.0,94.6,yes,yes,55.9,51.7,65.7,62.6,D
2939,5.3,86.1,yes,yes,79.4,66.2,79.0,84.5,C
2940,6.2,73.2,no,yes,83.8,89.7,86.3,78.0,C
2941,7.3,53.9,yes,no,78.2,82.8,100.0,85.3,B
2942,7.2,59.0,yes,no,84.0,72.0,92.0,84.0,C
2943,2.3,58.2,yes,no,43.7,34.1,19.7,42.5,E
2944,3.7,88.1,yes,no,74.2,62.8,79.3,72.2,C
2945,5.9,81.1,no,yes,74.5,92.2,75.7,73.0,C
2946,1.5,60.9,no,yes,49.3,52.7,39.4,46.1,E
2947,7.7,68.4,yes,no,100.0,99.8,100.0,95.3,A
2948,6.1,65.5,yes,no,86.4,88.5,69.6,83.6,C
2949,6.7,82.6,yes,yes,100.0,100.0,100.0,96.0,A
2950,7.3,66.5,yes,no,76.6,100.0,84.7,78.9,C
2951,1.8,88.4,yes,yes,59.4,60.8,56.0,59.2,D
2952,3.7,84.7,yes,no,87.6,61.7,68.8,64.9,D
2953,5.4,62.1,yes,yes,62.8,88.5,89.4,70.0,D
2954,6.7,66.2,yes,yes,70.1,69.7,75.6,75.8,C
2955,6.0,77.5,yes,yes,69.5,83.4,71.5,72.8,C
2956,1.4,95.4,yes,yes,59.3,31.9,40.8,42.8,E
2957,5.3,55.6,yes,no,60.7,58.3,44.6,55.3,D
2958,2.7,67.9,yes,yes,54.7,45.7,47.0,46.0,E
2959,3.5,80.0,yes,yes,63.8,63.8,54.6,66.4,D
2960,8.0,66.2,yes,yes,86.9,97.5,92.4,95.2,A
2961,1.7,64.5,no,yes,20.4,25.5,35.8,30.0,F
2962,1.3,71.6,yes,yes,42.3,26.4,45.7,45.3,E
2963,3.6,59.6,yes,yes,64.2,62.1,39.4,53.8,E
2964,7.0,80.2,yes,yes,82.5,80.7,82.0,84.0,C
2965,1.7,93.9,yes,no,55.1,49.9,57.9,51.1,E
2966,1.1,95.5,yes,no,17.6,53.6,30.4,37.4,F
2967,3.6,73.6,yes,yes,53.4,54.7,62.5,57.1,D
2968,5.2,64.7,yes,no,56.9,66.9,56.1,63.3,D
2969,1.7,69.1,yes,yes,46.0,35.2,57.4,43.5,E
2970,6.5,61.4,yes,no,99.5,100.0,81.8,82.5,C
2971,6.8,79.9,yes,no,97.1,80.5,96.4,87.0,B
2972,4.4,56.7,yes,no,55.7,49.3,66.0,60.4,D
2973,0.7,65.9,no,no,28.4,14.9,59.0,41.5,E
2974,4.4,58.5,yes,yes,67.5,69.5,74.1,63.2,D
2975,2.1,60.3,yes,yes,36.4,39.5,37.8,34.9,F
2976,3.8,83.6,yes,no,75.2,70.7,71.0,73.1,C
2977,6.2,99.6,yes,no,79.1,82.0,73.5,84.4,C
2978,0.9,83.8,yes,yes,47.8,36.3,28.0,40.5,E
2979,0.5,62.2,yes,yes,33.1,52.1,27.4,35.4,F
2980,1.5,70.4,yes,no,27.8,33.4,26.8,40.5,E
2981,0.8,81.4,yes,yes,58.4,42.7,38.8,45.1,E
2982,2.5,93.4,yes,no,62.8,40.1,52.8,59.8,D
2983,3.5,85.7,yes,yes,80.2,73.3,75.7,68.1,D
2984,6.3,57.3,yes,yes,78.6,69.9,78.8,70.4,C
2985,0.7,80.2,yes,yes,55.0,52.7,34.7,47.2,E
2986,3.1,59.9,no,no,70.8,52.3,30.6,48.0,E
2987,7.5,68.7,yes,yes,95.8,90.5,81.6,87.9,B
2988,4.8,98.2,yes,yes,63.8,69.7,79.8,76.9,C
2989,6.7,94.6,no,no,73.7,76.9,63.5,83.6,C
2990,4.1,62.8,yes,no,47.4,55.9,71.5,50.2,E
2991,1.2,86.4,yes,no,20.6,29.6,38.8,35.1,F
2992,1.9,66.5,yes,no,34.9,53.0,44.7,47.1,E
2993,6.2,50.4,yes,yes,76.3,64.6,51.1,63.2,D
2994,7.0,92.5,yes,yes,100.0,100.0,100.0,98.8,A
2995,4.0,91.1,yes,no,85.0,65.6,71.1,76.8,C
2996,4.2,64.7,yes,yes,47.4,49.3,37.8,53.9,E
2997,3.9,88.6,yes,yes,50.8,59.8,54.9,59.8,D
2998,0.6,51.6,yes,no,29.8,24.8,37.1,32.7,F
2999,1.2,77.0,no,yes,59.9,45.8,52.9,50.0,E
3000,7.9,99.1,yes,yes,98.3,94.9,100.0,100.0,A
3001,0.8,89.4,yes,no,46.8,42.1,33.6,39.1,F
3002,3.1,78.8,yes,yes,73.4,59.4,50.8,56.9,D
3003,5.7,68.3,yes,no,65.8,69.4,66.8,68.9,D
3004,3.7,86.8,yes,yes,53.8,54.3,58.9,65.2,D
3005,7.9,98.8,no,no,100.0,93.3,100.0,100.0,A
3006,0.7,59.6,yes,no,41.4,28.5,28.3,36.2,F
3007,7.1,52.5,no,no,77.4,100.0,77.7,86.5,B
3008,1.5,68.9,yes,yes,28.6,21.9,36.6,36.3,F
3009,2.0,75.8,yes,no,66.4,44.6,59.0,55.8,D
3010,4.5,62.3,no,no,66.0,67.5,57.5,68.0,D
3011,7.0,80.8,yes,no,84.0,84.1,93.1,94.6,B
3012,3.6,65.3,yes,no,52.7,57.6,75.5,64.3,D
3013,2.7,99.1,yes,no,63.3,48.3,79.5,56.0,D
3014,3.5,63.3,yes,no,59.9,34.9,64.6,54.1,E
3015,1.2,90.1,yes,no,71.7,55.1,52.8,55.1,D
3016,6.8,98.2,yes,no,69.8,79.3,92.1,95.0,A
3017,7.4,75.0,yes,yes,80.4,100.0,86.9,79.4,C
3018,5.6,60.0,no,no,66.4,69.2,78.6,74.7,C
3019,3.8,94.5,yes,no,62.3,72.7,76.3,76.7,C
3020,5.1,70.1,yes,yes,67.7,60.2,52.9,69.3,D
3021,4.6,77.2,yes,yes,77.2,73.7,76.9,73.6,C
3022,0.9,52.5,yes,no,35.6,28.0,27.2,25.2,F
3023,3.5,67.4,yes,no,81.4,45.6,59.2,63.7,D
3024,5.4,77.8,yes,yes,54.3,67.3,71.4,64.4,D
3025,6.9,84.6,yes,yes,89.5,89.7,94.7,86.9,B
3026,3.2,97.6,no,yes,58.7,48.4,52.2,63.8,D
3027,6.6,79.2,yes,no,76.4,93.3,94.6,89.4,B
3028,6.2,63.6,yes,yes,81.2,56.4,81.8,69.3,D
3029,7.5,77.9,no,no,92.8,77.2,87.3,82.6,C
3030,7.9,53.5,yes,no,95.7,86.2,99.1,92.1,B
3031,0.8,57.4,yes,yes,30.2,11.5,18.2,24.9,F
3032,3.8,67.6,yes,yes,56.7,48.9,56.7,60.5,D
3033,6.3,51.1,yes,no,77.6,95.7,77.0,74.1,C
3034,6.7,53.8,yes,yes,86.2,66.4,87.1,84.5,C
3035,1.1,50.4,yes,yes,35.6,46.6,26.9,38.0,F
3036,5.0,59.1,yes,no,61.8,52.4,57.0,54.2,E
3037,7.2,91.3,yes,yes,81.0,100.0,89.0,86.9,B
3038,2.2,67.6,yes,yes,48.4,49.3,27.6,38.0,F
3039,3.1,95.1,yes,no,80.8,55.1,73.6,68.0,D
3040,3.5,94.2,yes,yes,74.7,61.6,61.1,68.8,D
3041,3.5,93.2,yes,no,62.2,69.5,62.7,60.7,D
3042,4.7,60.6,yes,no,60.5,62.4,55.0,62.8,D
3043,1.0,67.1,yes,no,34.0,27.9,34.8,38.1,F
3044,6.3,73.4,yes,yes,79.5,67.8,73.3,76.0,C
3045,1.4,71.6,yes,yes,33.3,63.8,42.5,42.2,E
3046,6.6,54.0,no,no,58.1,67.1,49.9,67.8,D
3047,0.6,61.9,yes,yes,22.4,31.3,36.7,31.7,F
3048,6.4,81.0,yes,no,84.8,95.3,98.3,88.7,B
3049,3.2,83.8,yes,no,54.3,50.2,48.3,63.3,D
3050,5.4,68.2,yes,yes,50.3,77.3,75.2,62.1,D
3051,1.8,64.8,no,yes,28.6,13.9,52.3,35.8,F
3052,4.5,79.3,yes,yes,75.8,90.3,51.3,76.8,C
3053,2.7,83.2,yes,no,47.6,55.6,35.2,50.5,E
3054,0.5,85.5,yes,yes,32.4,38.1,46.3,30.1,F
3055,5.9,90.5,yes,no,88.9,73.0,72.9,78.8,C
3056,1.5,79.2,yes,no,49.5,39.7,35.5,46.7,E
3057,7.5,68.9,yes,yes,86.3,100.0,100.0,97.3,A
3058,4.6,67.4,yes,no,80.1,97.6,59.8,69.9,D
3059,0.5,51.7,yes,no,26.5,29.5,29.6,27.6,F
3060,7.6,70.8,no,no,91.7,100.0,100.0,89.2,B
3061,1.5,93.4,yes,no,43.6,42.6,23.0,39.8,F
3062,6.8,81.4,yes,no,87.9,79.3,87.1,85.6,B
3063,3.0,79.7,yes,no,69.4,69.8,39.7,51.5,E
3064,4.8,61.2,yes,yes,56.6,55.4,69.0,58.0,D
3065,6.8,79.8,yes,yes,93.3,90.2,84.2,83.5,C
3066,0.9,59.0,yes,yes,39.6,41.0,44.5,39.3,F
3067,5.6,67.1,yes,yes,71.0,75.1,66.7,70.1,C
3068,1.6,79.2,yes,no,36.4,35.3,52.1,39.5,F
3069,5.9,52.3,no,no,55.6,73.1,58.0,70.6,C
3070,1.7,65.6,yes,yes,51.6,36.2,54.4,45.6,E
3071,0.7,54.4,yes,yes,26.8,37.5,35.7,19.7,F
3072,1.7,58.2,yes,no,9.5,40.5,50.1,37.2,F
3073,5.2,67.6,yes,no,74.1,74.0,88.3,74.5,C
3074,7.9,84.6,yes,yes,92.7,97.7,86.1,91.7,B
3075,7.8,63.4,yes,yes,88.8,95.8,92.7,88.9,B
3076,6.1,51.0,yes,no,64.1,53.4,80.4,59.7,D
3077,6.7,70.0,yes,yes,74.5,66.5,91.5,78.4,C
3078,7.1,61.1,yes,no,82.4,75.8,90.8,80.5,C
3079,4.5,88.9,yes,no,89.4,80.6,76.5,72.0,C
3080,2.2,91.1,yes,no,41.0,55.0,42.8,57.6,D
3081,5.5,83.5,yes,yes,88.9,72.2,62.8,83.8,C
3082,1.6,80.6,yes,yes,46.0,50.9,59.1,49.3,E
3083,6.7,86.5,yes,yes,73.6,95.4,74.3,78.6,C
3084,3.6,68.8,yes,yes,65.1,51.3,60.9,52.0,E
3085,2.5,82.6,yes,no,61.6,44.2,58.2,60.9,D
3086,6.8,71.0,no,yes,86.5,79.8,85.7,88.5,B
3087,1.3,71.5,yes,no,49.0,42.2,37.2,47.7,E
3088,7.8,89.4,yes,no,84.7,95.7,81.5,95.8,A
3089,7.6,89.6,yes,no,100.0,100.0,100.0,100.0,A
3090,5.1,70.0,yes,yes,75.8,78.0,67.8,70.3,C
3091,5.8,96.9,yes,yes,79.1,84.3,87.6,85.6,B
3092,0.8,77.1,yes,no,41.8,37.3,61.4,46.7,E
3093,3.8,74.4,yes,no,60.3,42.8,73.6,59.7,D
3094,7.1,75.1,no,no,96.9,90.2,83.7,88.1,B
3095,0.6,89.0,yes,yes,35.9,27.6,43.1,44.9,E
3096,2.7,98.4,yes,yes,56.7,81.9,60.6,64.9,D
3097,3.2,84.5,yes,yes,59.8,65.2,52.0,54.2,E
3098,5.6,67.1,yes,no,61.6,81.5,69.4,67.2,D
3099,5.8,75.8,yes,no,64.1,65.1,70.1,67.6,D
3100,1.0,65.4,no,no,36.1,33.3,42.8,32.9,F
3101,2.1,82.7,yes,yes,36.0,39.4,45.5,51.7,E
3102,6.7,100.0,yes,yes,99.4,99.2,84.0,91.0,B
3103,1.9,93.2,yes,yes,47.0,37.6,46.9,53.7,E
3104,2.6,73.6,no,no,61.3,39.3,52.7,41.9,E
3105,1.7,67.1,yes,yes,58.6,30.3,40.9,40.1,E
3106,6.2,72.6,yes,no,95.0,95.4,97.3,80.9,C
3107,0.7,65.8,yes,yes,28.3,39.8,38.4,36.0,F
3108,2.8,99.6,yes,no,53.8,66.8,74.7,64.3,D
3109,4.5,60.1,yes,yes,55.0,54.0,68.4,57.3,D
3110,0.5,90.5,yes,no,56.4,55.0,46.7,48.0,E
3111,7.7,70.7,yes,yes,100.0,100.0,98.2,96.5,A
3112,7.0,82.6,yes,yes,97.2,100.0,92.5,98.9,A
3113,5.4,96.1,yes,no,47.5,97.6,65.4,71.8,C
3114,3.8,79.6,yes,no,54.9,43.1,52.1,53.5,E
3115,1.7,80.8,yes,no,33.7,43.0,54.0,49.2,E
3116,4.7,51.8,yes,no,62.1,67.0,55.6,59.4,D
3117,2.3,56.4,yes,no,36.8,37.1,36.5,37.0,F
3118,5.3,77.0,no,no,54.3,67.6,55.6,64.5,D
3119,1.6,68.5,yes,yes,49.2,16.3,39.6,31.3,F
3120,5.9,80.5,yes,no,85.6,92.9,75.7,84.8,C
3121,2.9,69.2,yes,yes,57.1,45.1,62.7,50.0,E
3122,4.3,58.7,yes,no,69.7,63.3,52.5,59.1,D
3123,1.7,89.8,yes,yes,37.7,43.4,50.9,45.4,E
3124,2.4,92.3,yes,yes,53.0,39.4,49.0,50.4,E
3125,3.9,98.4,yes,yes,59.6,90.9,70.2,73.9,C
3126,3.9,60.0,yes,yes,46.3,53.4,45.2,47.4,E
3127,8.0,65.6,yes,yes,92.1,99.1,100.0,99.3,A
3128,3.0,64.0,yes,no,45.1,36.0,36.7,46.0,E
3129,1.1,96.5,yes,no,53.0,61.9,50.1,54.5,E
3130,4.4,79.9,yes,no,59.8,72.3,89.8,67.7,D
3131,2.9,96.1,yes,no,77.8,59.5,89.0,68.6,D
3132,7.1,94.5,yes,no,100.0,100.0,100.0,100.0,A
3133,2.1,62.3,yes,no,47.6,47.6,47.5,48.7,E
3134,6.9,71.4,yes,yes,100.0,83.6,88.9,79.5,C
3135,5.5,70.7,no,no,54.3,70.8,59.0,65.6,D
3136,1.9,74.3,yes,yes,36.3,42.2,65.7,48.9,E
3137,3.5,99.9,yes,yes,78.7,68.6,83.5,64.1,D
3138,4.2,58.7,yes,yes,62.5,67.9,63.6,53.3,E
3139,4.4,88.6,yes,yes,76.9,72.3,65.4,65.4,D
3140,3.5,61.4,yes,no,72.5,58.1,48.8,58.0,D
3141,4.9,87.0,no,yes,94.6,81.2,69.0,80.6,C
3142,5.9,60.1,yes,yes,53.6,77.1,69.9,61.7,D
3143,4.3,76.4,yes,no,72.3,88.5,77.3,73.6,C
3144,5.0,83.4,yes,no,85.1,67.2,88.1,77.9,C
3145,6.9,71.6,no,yes,64.9,83.2,83.5,78.2,C
3146,4.2,98.3,yes,no,69.8,74.2,97.2,76.8,C
3147,3.6,85.3,no,yes,82.3,51.9,71.1,64.3,D
3148,2.4,57.9,yes,no,39.1,59.0,42.2,50.7,E
3149,1.5,68.6,yes,yes,48.4,48.8,38.1,43.3,E
3150,2.7,65.7,no,yes,47.1,40.5,62.0,46.5,E
3151,3.5,64.8,yes,no,51.7,44.5,49.6,47.1,E
3152,6.2,60.6,yes,no,67.4,91.5,83.0,79.7,C
3153,2.1,59.3,no,no,55.0,45.9,37.1,49.9,E
3154,5.8,93.5,no,yes,72.8,83.7,83.8,89.7,B
3155,1.1,99.5,yes,yes,49.6,41.5,73.4,52.8,E
3156,1.7,58.0,yes,yes,43.6,50.4,52.4,44.7,E
3157,2.9,89.6,yes,yes,65.7,48.8,71.8,63.3,D
3158,4.0,61.4,yes,no,78.2,51.4,59.2,65.9,D
3159,1.9,76.1,yes,yes,36.4,42.6,35.9,45.0,E
3160,1.3,59.9,yes,no,48.3,32.8,37.0,39.0,F
3161,4.7,63.6,yes,yes,78.9,51.0,68.7,64.7,D
3162,3.6,70.5,yes,no,42.5,38.7,42.9,49.7,E
3163,3.6,85.3,yes,no,41.4,41.3,56.6,58.0,D
3164,2.8,73.7,yes,no,46.1,50.8,51.4,49.3,E
3165,3.3,90.5,yes,no,69.1,44.3,40.3,57.4,D
3166,1.9,54.8,yes,no,41.5,16.4,35.5,28.9,F
3167,2.5,78.6,yes,yes,34.3,39.9,31.0,41.5,E
3168,4.6,55.3,yes,no,58.3,54.4,67.4,56.7,D
3169,4.4,55.9,yes,yes,58.2,51.7,44.6,50.8,E
3170,7.3,65.4,yes,no,100.0,100.0,80.5,94.2,B
3171,6.7,55.2,yes,no,82.7,68.8,61.6,75.3,C
3172,0.6,88.8,yes,no,61.4,17.3,31.8,47.1,E
3173,2.2,75.4,no,no,55.6,56.2,35.5,47.6,E
3174,7.2,82.2,yes,yes,89.3,76.7,84.2,89.6,B
3175,2.9,52.8,yes,no,51.6,55.9,58.3,48.9,E
3176,4.1,61.2,yes,yes,67.5,55.8,39.6,65.2,D
3177,5.6,76.2,no,yes,78.3,71.7,61.3,71.5,C
3178,4.6,54.1,yes,no,41.2,51.6,76.8,55.4,D
3179,0.5,58.0,yes,no,27.3,28.3,28.3,33.2,F
3180,2.0,51.1,yes,yes,34.6,13.0,36.2,31.0,F
3181,1.3,95.6,no,yes,67.1,52.5,63.4,58.3,D
3182,1.8,71.6,yes,no,57.9,36.6,41.3,48.4,E
3183,1.6,52.3,yes,no,7.9,34.6,26.6,31.4,F
3184,5.2,73.0,yes,no,75.7,83.9,73.9,63.5,D
3185,3.5,94.4,yes,no,71.9,69.5,85.5,70.4,C
3186,1.0,59.5,no,yes,15.3,47.2,14.5,30.3,F
3187,1.1,61.9,yes,yes,29.6,18.1,47.8,36.2,F
3188,7.6,99.1,yes,no,76.7,94.5,74.3,92.8,B
3189,1.7,92.7,yes,no,45.3,37.7,51.5,41.8,E
3190,2.4,77.4,yes,no,41.2,37.5,56.0,45.0,E
3191,4.8,59.3,no,no,54.9,39.1,63.0,59.8,D
3192,1.9,61.0,yes,no,56.8,38.4,33.0,34.1,F
3193,2.0,93.1,yes,yes,55.2,57.7,64.6,49.4,E
3194,1.0,83.8,no,no,58.1,48.5,43.2,47.8,E
3195,7.9,67.5,yes,no,79.6,65.9,84.9,81.9,C
3196,5.0,51.3,yes,no,61.8,51.5,54.7,61.3,D
3197,4.5,56.8,no,yes,55.8,51.6,70.7,56.5,D
3198,7.2,86.5,yes,no,98.5,100.0,89.0,88.8,B
3199,5.0,82.4,yes,yes,82.4,59.9,79.6,72.8,C
3200,2.5,67.9,no,no,57.3,62.4,33.3,56.0,D
3201,4.0,79.6,yes,yes,60.3,81.3,64.1,68.8,D
3202,4.1,87.8,no,no,84.6,69.7,62.4,70.8,C
3203,3.5,82.2,yes,yes,71.4,72.4,61.0,70.0,C
3204,6.2,62.0,yes,yes,53.7,69.4,79.3,71.7,C
3205,1.3,97.6,yes,yes,79.2,40.8,44.1,54.3,E
3206,1.7,51.2,yes,yes,31.4,27.9,27.6,27.6,F
3207,3.3,77.8,yes,yes,49.8,39.6,70.3,48.8,E
3208,1.0,61.2,yes,no,14.8,42.4,32.3,33.3,F
3209,7.9,85.4,yes,yes,100.0,100.0,85.9,100.0,A
3210,4.2,78.1,yes,yes,54.2,68.2,79.2,68.0,D
3211,0.9,59.8,yes,yes,46.6,23.7,23.8,28.5,F
3212,5.1,75.3,yes,yes,56.9,84.7,77.5,79.2,C
3213,6.4,76.0,yes,yes,87.2,71.4,64.8,78.7,C
3214,3.6,71.0,no,yes,70.4,28.6,69.3,55.1,D
3215,4.1,52.1,yes,yes,49.2,36.5,58.6,46.6,E
3216,5.8,60.3,yes,no,80.2,74.2,86.7,78.8,C
3217,2.3,98.4,yes,no,52.7,37.8,64.1,49.5,E
3218,5.0,59.4,yes,yes,50.3,80.4,72.7,67.8,D
3219,5.2,72.9,yes,yes,60.8,50.7,56.7,66.3,D
3220,6.5,64.7,yes,yes,78.0,78.3,65.0,75.1,C
3221,7.2,87.8,yes,yes,96.3,87.5,87.3,87.5,B
3222,7.6,78.9,yes,no,98.6,78.0,90.5,89.7,B
3223,1.4,85.8,yes,no,32.7,42.3,42.0,42.7,E
3224,6.6,81.8,yes,yes,99.4,80.1,71.2,91.6,B
3225,5.6,75.2,yes,no,91.1,84.4,87.1,84.0,C
3226,3.3,98.0,yes,yes,37.1,57.6,43.3,57.5,D
3227,7.4,85.2,yes,yes,71.5,68.1,95.5,86.8,B
3228,7.0,84.4,yes,no,100.0,77.1,83.7,96.3,A
3229,6.3,84.5,yes,no,89.5,100.0,99.3,89.4,B
3230,0.9,73.3,yes,yes,50.3,42.4,40.9,38.9,F
3231,1.8,82.1,no,no,62.8,36.6,34.3,43.1,E
3232,7.4,80.2,yes,no,98.6,82.0,90.4,85.7,B
3233,7.9,94.4,yes,yes,95.1,95.0,100.0,100.0,A
3234,2.6,98.9,no,no,51.2,64.5,58.5,55.3,D
3235,2.6,74.2,yes,yes,45.1,41.3,35.4,46.0,E
3236,5.1,80.0,yes,yes,75.4,54.5,64.9,69.4,D
3237,1.1,64.5,yes,yes,50.6,33.0,34.4,38.3,F
3238,5.0,92.3,yes,no,61.1,69.5,70.3,78.1,C
3239,7.8,85.5,yes,no,100.0,97.6,82.7,100.0,A
3240,2.7,96.2,no,yes,71.8,75.6,81.3,62.3,D
3241,6.1,80.3,no,no,98.8,71.4,78.5,85.9,B
3242,4.4,85.4,yes,yes,89.7,65.2,59.5,76.8,C
3243,2.7,54.8,yes,yes,27.5,50.4,31.5,44.4,E
3244,3.6,80.3,yes,no,38.7,46.6,47.7,55.9,D
3245,4.6,68.8,yes,no,67.4,72.8,30.0,62.4,D
3246,6.2,75.4,yes,no,90.5,82.3,80.6,72.9,C
3247,4.6,66.3,yes,no,74.6,78.4,77.4,71.8,C
3248,7.4,64.4,yes,no,83.7,95.4,85.7,83.7,C
3249,1.4,91.0,no,no,42.5,63.0,41.7,54.3,E
3250,7.7,77.9,no,no,93.1,93.4,100.0,100.0,A
3251,4.6,62.7,yes,yes,50.0,82.7,55.9,59.1,D
3252,3.4,88.3,yes,no,52.6,41.4,68.7,55.1,D
3253,1.1,53.7,yes,yes,29.7,35.5,14.4,35.9,F
3254,2.7,64.7,yes,no,55.4,46.2,40.0,49.3,E
3255,3.8,66.8,yes,yes,74.9,77.7,51.1,62.0,D
3256,7.5,58.9,yes,yes,78.5,87.3,68.5,81.2,C
3257,6.2,92.1,yes,yes,71.5,83.6,81.7,76.6,C
3258,0.9,83.7,yes,yes,40.9,52.6,58.5,46.6,E
3259,3.0,83.5,yes,yes,84.0,58.4,73.7,66.2,D
3260,4.2,79.6,no,no,61.9,65.1,73.0,72.9,C
3261,6.9,68.9,no,no,89.7,100.0,90.6,88.0,B
3262,6.3,83.0,yes,no,68.8,94.7,85.4,80.0,C
3263,2.1,86.8,yes,yes,28.1,45.6,38.0,47.0,E
3264,0.9,76.9,yes,no,30.3,27.0,36.4,34.4,F
3265,1.5,73.5,yes,no,44.7,46.4,42.4,43.9,E
3266,4.3,61.2,yes,no,54.6,76.7,46.2,63.6,D
3267,1.2,54.2,yes,no,20.2,34.3,52.1,30.1,F
3268,2.4,52.1,no,no,27.2,34.4,43.1,39.3,F
3269,6.7,85.7,no,yes,87.0,89.8,79.4,89.7,B
3270,3.5,67.4,no,yes,47.7,50.3,44.8,49.5,E
3271,8.0,85.4,no,no,100.0,100.0,100.0,100.0,A
3272,6.2,75.4,yes,yes,84.1,65.6,77.9,75.3,C
3273,2.5,72.3,yes,no,58.0,59.8,56.8,58.5,D
3274,0.6,81.4,yes,no,16.6,37.3,44.4,29.5,F
3275,4.5,59.2,yes,no,49.1,50.8,57.9,61.1,D
3276,5.8,99.0,no,no,98.1,87.8,100.0,93.1,B
3277,4.0,66.5,yes,yes,73.4,59.4,61.1,50.8,E
3278,7.3,88.5,yes,yes,93.6,99.2,100.0,95.8,A
3279,6.3,62.4,yes,yes,50.4,74.4,64.6,67.8,D
3280,4.4,73.4,yes,yes,65.5,71.4,45.7,58.7,D
3281,0.6,75.0,yes,yes,39.1,26.4,5.2,27.4,F
3282,3.0,65.3,yes,no,50.8,65.7,47.7,47.5,E
3283,4.2,67.4,yes,yes,55.1,71.4,58.1,55.7,D
3284,2.4,71.8,yes,yes,48.8,55.4,48.9,56.4,D
3285,6.8,91.8,yes,yes,90.9,100.0,100.0,100.0,A
3286,3.7,75.0,yes,yes,59.6,58.0,64.9,55.2,D
3287,2.0,54.4,yes,no,34.4,27.8,32.8,43.4,E
3288,6.3,60.8,yes,no,83.7,96.1,72.8,80.3,C
3289,5.1,99.3,yes,yes,69.1,67.5,60.8,77.2,C
3290,2.0,54.5,yes,no,41.7,41.1,27.5,32.3,F
3291,4.5,82.4,yes,no,70.3,73.8,80.4,74.4,C
3292,5.7,60.6,yes,yes,64.9,54.1,61.4,66.1,D
3293,3.9,71.6,yes,yes,54.5,60.8,48.6,50.0,E
3294,2.8,67.9,no,no,58.1,52.8,34.1,46.2,E
3295,5.7,98.9,no,no,96.3,81.5,100.0,88.6,B
3296,5.7,77.6,yes,yes,73.4,60.1,81.1,72.5,C
3297,0.6,62.5,yes,yes,26.4,27.1,15.5,25.9,F
3298,2.3,80.2,yes,yes,32.8,46.3,45.2,43.9,E
3299,5.3,53.6,yes,no,56.0,65.6,63.2,58.5,D
3300,2.2,96.3,yes,yes,75.0,38.2,80.3,60.5,D
3301,7.7,67.2,yes,yes,94.1,100.0,100.0,92.8,B
3302,1.7,94.2,yes,no,51.1,56.5,70.1,58.6,D
3303,6.1,90.5,yes,no,92.4,90.7,83.9,84.7,C
3304,8.0,59.3,yes,yes,89.2,86.1,87.6,87.3,B
3305,3.1,98.1,yes,no,44.5,71.6,66.5,63.5,D
3306,5.0,99.6,yes,yes,67.4,62.7,71.8,76.0,C
3307,1.3,90.3,yes,no,43.8,42.7,66.7,55.8,D
3308,5.2,72.6,yes,no,51.9,67.9,59.4,62.3,D
3309,7.9,83.6,yes,yes,93.5,100.0,100.0,100.0,A
3310,7.8,54.0,yes,no,89.9,87.7,70.5,83.6,C
3311,3.6,96.1,yes,no,66.1,66.0,66.2,75.7,C
3312,6.7,61.1,yes,yes,55.6,81.6,62.6,68.9,D
3313,6.7,85.8,yes,yes,99.0,92.4,95.6,91.6,B
3314,3.0,90.1,yes,no,57.6,55.5,70.3,58.8,D
3315,6.7,98.5,no,yes,91.7,87.7,70.7,83.2,C
3316,1.7,91.2,yes,no,49.8,48.4,42.7,48.5,E
3317,7.8,90.9,yes,yes,100.0,88.3,100.0,97.9,A
3318,7.0,85.3,yes,yes,93.2,98.7,98.0,94.8,B
3319,4.3,78.8,yes,no,60.6,59.9,83.8,69.0,D
3320,3.4,52.1,yes,yes,54.8,60.2,58.2,52.4,E
3321,7.6,98.6,no,no,96.7,99.5,100.0,100.0,A
3322,1.0,72.4,yes,yes,41.4,37.8,38.9,38.1,F
3323,4.2,89.8,yes,no,70.2,81.9,81.0,73.4,C
3324,4.2,68.9,yes,no,73.8,50.8,92.3,61.8,D
3325,3.4,72.8,yes,no,69.5,54.7,65.0,56.9,D
3326,1.3,73.1,yes,yes,41.6,56.3,61.1,47.6,E
3327,2.4,99.5,yes,yes,56.6,46.6,60.1,49.5,E
3328,7.9,60.6,yes,no,100.0,58.4,96.6,95.9,A
3329,6.6,75.1,yes,yes,100.0,92.5,72.4,90.8,B
3330,6.8,57.7,no,no,68.1,88.9,77.9,81.9,C
3331,4.3,74.7,yes,no,75.2,76.0,71.9,71.0,C
3332,5.5,77.3,yes,yes,55.3,70.7,71.4,65.7,D
3333,4.3,56.8,yes,yes,53.1,54.1,65.9,58.2,D
3334,5.6,84.9,yes,yes,77.5,68.6,83.6,76.5,C
3335,7.0,91.4,yes,no,88.6,100.0,70.2,94.8,B
3336,2.3,90.8,yes,yes,51.1,51.2,50.4,51.0,E
3337,7.6,86.5,yes,no,100.0,96.2,97.0,99.6,A
3338,7.4,57.0,yes,no,85.6,78.2,71.6,82.6,C
3339,3.6,81.1,yes,no,48.3,54.1,55.8,52.9,E
3340,7.8,84.9,yes,no,100.0,100.0,100.0,100.0,A
3341,7.1,88.0,yes,yes,90.9,82.6,80.5,88.7,B
3342,0.8,85.5,yes,yes,51.5,45.9,54.7,45.8,E
3343,0.8,81.4,yes,no,32.8,27.2,26.5,42.3,E
3344,5.8,86.4,yes,no,87.0,95.7,81.1,89.8,B
3345,6.4,92.6,yes,no,93.2,95.8,100.0,93.0,B
3346,2.4,78.5,yes,yes,60.5,46.5,51.8,44.7,E
3347,4.2,57.3,yes,yes,44.0,48.8,60.3,51.9,E
3348,4.5,90.8,yes,yes,83.2,95.5,85.1,80.5,C
3349,3.8,83.1,yes,yes,53.6,53.5,57.9,58.6,D
3350,1.0,84.3,yes,no,32.7,27.9,35.5,42.9,E
3351,2.1,64.7,no,no,50.5,41.9,44.0,46.4,E
3352,6.6,57.5,yes,no,62.1,55.5,86.0,67.9,D
3353,1.0,89.0,yes,no,46.9,7.2,56.0,37.0,F
3354,5.2,52.5,yes,yes,56.9,83.1,61.9,64.9,D
3355,5.3,70.1,yes,yes,70.5,65.2,89.4,71.4,C
3356,7.7,75.4,yes,no,85.0,93.5,100.0,82.4,C
3357,7.9,50.9,yes,no,87.8,91.4,74.6,87.8,B
3358,7.6,79.9,no,yes,69.9,95.7,83.3,84.0,C
3359,4.6,56.0,yes,no,50.9,55.2,54.4,64.1,D
3360,0.8,62.1,yes,yes,29.8,45.9,43.1,24.9,F
3361,2.6,99.7,yes,no,73.7,50.7,51.3,61.2,D
3362,4.1,78.0,yes,yes,54.2,68.5,63.9,66.7,D
3363,0.8,98.4,yes,yes,17.5,36.7,44.4,41.1,E
3364,0.8,74.6,yes,yes,37.9,45.2,33.3,33.8,F
3365,2.9,90.2,yes,yes,66.0,65.6,49.5,60.3,D
3366,3.4,51.9,yes,no,62.5,34.5,46.5,54.2,E
3367,4.9,64.6,yes,no,71.5,64.9,60.9,67.5,D
3368,7.5,64.2,yes,yes,88.9,95.4,70.2,82.0,C
3369,3.4,53.5,yes,yes,65.7,38.5,52.7,46.2,E
3370,0.9,97.6,yes,yes,41.7,44.6,53.7,48.1,E
3371,4.6,75.2,yes,no,79.1,67.1,63.5,67.5,D
3372,3.2,79.6,yes,no,85.2,62.6,64.0,66.8,D
3373,7.3,76.0,yes,yes,90.8,100.0,85.1,89.8,B
3374,3.7,62.4,yes,yes,48.5,44.1,36.8,50.6,E
3375,2.9,96.2,yes,yes,65.1,71.5,71.1,70.9,C
3376,5.9,83.4,yes,yes,77.2,98.4,95.3,90.4,B
3377,4.2,56.2,yes,yes,20.9,54.4,37.4,51.5,E
3378,4.7,73.1,yes,no,81.3,78.5,62.0,69.9,D
3379,1.6,50.1,yes,no,18.3,19.1,37.5,22.9,F
3380,3.3,83.7,yes,yes,67.4,64.3,75.9,69.1,D
3381,0.8,76.2,no,no,34.9,46.3,44.7,44.8,E
3382,6.2,95.2,yes,no,81.7,82.1,84.1,83.2,C
3383,2.3,97.4,yes,no,58.9,48.7,46.2,48.0,E
3384,1.4,54.9,yes,no,20.2,27.1,36.8,26.7,F
3385,4.9,54.5,yes,yes,87.8,72.2,62.6,68.9,D
3386,4.8,95.0,yes,no,75.3,79.2,72.0,77.4,C
3387,2.9,75.6,yes,yes,54.2,58.8,50.1,53.1,E
3388,7.7,73.5,yes,yes,100.0,92.7,99.3,96.1,A
3389,5.3,78.5,yes,no,83.3,81.6,89.6,74.5,C
3390,7.4,73.3,yes,no,100.0,90.7,76.4,94.3,B
3391,2.8,80.7,yes,yes,86.7,83.6,60.4,61.1,D
3392,4.6,97.5,yes,no,79.7,83.1,60.8,71.0,C
3393,3.6,80.3,yes,yes,63.1,79.5,70.8,61.5,D
3394,3.6,66.0,yes,yes,63.3,54.2,44.0,54.4,E
3395,0.9,60.7,yes,yes,26.8,26.2,50.0,35.0,F
3396,2.1,98.3,yes,yes,56.3,27.6,59.5,54.3,E
3397,7.0,79.0,yes,no,100.0,75.0,100.0,85.4,B
3398,6.9,78.3,yes,yes,90.4,95.3,93.9,94.3,B
3399,1.3,51.7,yes,no,44.7,51.6,32.1,37.2,F
3400,0.6,95.9,yes,no,46.8,46.6,57.0,52.4,E
3401,1.3,73.5,yes,yes,23.5,27.9,31.3,32.1,F
3402,5.3,100.0,no,yes,76.2,88.1,80.9,81.2,C
3403,2.3,58.4,yes,yes,65.1,27.9,61.7,48.1,E
3404,6.2,66.3,no,no,85.4,88.9,71.5,81.2,C
3405,0.5,60.5,yes,no,24.5,38.8,32.3,27.1,F
3406,5.9,68.9,yes,yes,70.3,89.7,84.3,72.9,C
3407,7.1,98.8,yes,no,97.0,100.0,95.8,99.4,A
3408,0.8,70.7,yes,no,40.7,39.6,57.5,39.3,F
3409,7.0,91.4,yes,yes,89.8,100.0,82.1,98.4,A
3410,7.4,87.8,yes,no,92.7,96.6,84.1,87.6,B
3411,4.5,64.9,yes,no,71.7,71.2,53.1,60.9,D
3412,2.6,79.0,yes,yes,54.1,55.8,36.1,55.0,E
3413,4.7,92.6,yes,no,67.0,75.1,88.6,80.1,C
3414,2.8,80.6,yes,yes,48.5,37.6,59.9,45.9,E
3415,7.5,63.2,yes,yes,76.1,92.5,94.6,88.4,B
3416,4.6,93.2,yes,no,51.8,70.5,75.9,66.3,D
3417,6.5,77.8,yes,no,87.9,74.1,81.8,80.8,C
3418,5.1,99.0,yes,yes,51.4,74.3,60.3,75.0,C
3419,2.7,82.8,no,yes,48.2,70.4,41.2,46.6,E
3420,4.3,72.4,no,yes,65.3,70.9,56.5,56.6,D
3421,7.1,71.8,yes,no,100.0,100.0,83.3,87.5,B
3422,3.4,94.0,yes,no,48.1,73.1,72.9,65.0,D
3423,3.1,99.0,yes,no,68.5,87.7,50.1,72.2,C
3424,7.7,70.5,yes,no,76.3,77.8,100.0,84.4,C
3425,3.0,58.2,yes,no,43.8,50.3,32.3,38.8,F
3426,6.9,52.0,no,yes,64.3,78.9,84.4,74.2,C
3427,1.8,66.1,yes,no,68.3,57.1,46.0,46.1,E
3428,6.4,67.1,yes,yes,60.4,71.2,61.3,70.1,C
3429,5.1,71.3,yes,yes,60.5,48.5,58.0,59.5,D
3430,1.4,57.3,yes,no,45.1,33.6,41.1,38.8,F
3431,1.0,74.6,yes,yes,34.9,45.3,55.7,29.4,F
3432,2.7,97.2,yes,yes,55.5,48.8,50.8,57.9,D
3433,5.4,61.6,yes,yes,48.1,68.2,66.0,64.8,D
3434,3.2,84.2,no,no,46.7,47.1,41.8,49.4,E
3435,2.5,51.9,yes,yes,34.8,61.6,56.7,50.5,E
3436,4.9,82.2,yes,no,73.7,59.9,65.2,74.5,C
3437,7.6,96.9,yes,no,97.5,88.5,98.2,94.5,B
3438,1.4,64.1,yes,no,29.2,19.5,25.4,34.4,F
3439,5.3,90.8,no,no,77.5,76.3,83.3,82.0,C
3440,7.3,54.1,no,yes,74.4,93.9,77.0,85.8,B
3441,4.6,67.9,yes,yes,88.7,44.7,64.4,62.0,D
3442,7.7,50.3,yes,no,88.5,73.4,72.0,82.9,C
3443,5.0,67.8,yes,yes,51.7,55.9,85.3,63.9,D
3444,5.5,65.5,yes,no,49.8,57.5,60.4,60.6,D
3445,6.4,84.6,yes,no,84.5,75.0,59.1,79.9,C
3446,2.0,64.7,yes,yes,22.8,43.6,57.3,42.3,E
3447,4.7,91.2,yes,yes,61.8,77.4,63.1,69.9,D
3448,5.1,64.6,yes,no,67.3,40.6,74.3,58.7,D
3449,1.4,61.2,yes,no,53.3,47.6,37.2,43.6,E
3450,3.9,74.7,yes,no,68.2,62.9,50.2,65.3,D
3451,6.3,82.8,yes,yes,90.7,93.8,86.7,90.9,B
3452,0.8,94.4,yes,yes,57.8,38.1,43.5,41.9,E
3453,3.6,90.7,yes,yes,58.4,80.7,54.1,69.5,D
3454,1.6,76.2,yes,no,39.1,43.3,46.8,46.0,E
3455,1.8,98.9,yes,yes,67.7,65.0,51.2,50.9,E
3456,4.3,64.8,yes,yes,56.1,72.5,45.4,57.1,D
3457,0.7,100.0,no,yes,52.5,44.9,31.9,47.3,E
3458,3.7,69.3,yes,no,48.7,52.1,47.5,47.6,E
3459,0.7,63.1,yes,yes,50.7,24.9,34.7,22.7,F
3460,7.4,69.1,yes,no,84.6,92.3,86.4,89.8,B
3461,7.1,79.3,yes,yes,100.0,73.5,99.9,94.0,B
3462,2.1,73.7,yes,yes,20.0,8.2,35.7,37.6,F
3463,1.0,52.5,yes,yes,31.2,29.7,30.3,28.3,F
3464,2.4,67.8,yes,yes,62.6,61.3,64.3,51.0,E
3465,0.7,74.6,yes,no,42.5,37.6,33.6,33.5,F
3466,6.0,83.2,yes,no,79.1,79.6,77.7,73.7,C
3467,4.8,97.7,yes,no,88.5,83.3,62.9,80.4,C
3468,4.6,97.8,no,yes,78.1,85.4,74.6,84.6,C
3469,6.9,75.7,yes,yes,100.0,100.0,79.4,93.5,B
3470,6.6,78.5,no,yes,100.0,87.2,95.3,91.6,B
3471,3.6,84.9,no,yes,65.7,80.9,64.3,72.0,C
3472,5.1,91.8,yes,no,100.0,81.4,90.4,83.7,C
3473,3.8,87.3,yes,yes,61.9,60.2,51.1,60.5,D
3474,5.2,86.0,yes,no,87.2,96.3,76.2,82.9,C
3475,1.6,72.4,yes,yes,22.9,49.2,55.5,47.4,E
3476,2.8,93.4,yes,no,52.1,68.9,64.6,64.1,D
3477,2.4,83.1,yes,no,59.4,69.1,55.9,59.7,D
3478,1.8,58.0,yes,yes,39.5,3.2,29.3,27.7,F
3479,3.6,79.9,yes,yes,55.8,65.1,67.8,61.1,D
3480,5.9,65.5,yes,yes,71.9,80.4,68.5,79.2,C
3481,3.5,60.2,yes,no,43.4,33.6,41.4,48.3,E
3482,7.9,82.4,yes,yes,100.0,85.9,96.5,89.7,B
3483,2.8,82.1,yes,no,58.4,51.4,36.1,48.0,E
3484,7.6,97.7,yes,no,97.7,90.2,100.0,100.0,A
3485,2.0,98.8,yes,no,56.0,58.4,55.1,55.8,D
3486,2.9,70.4,yes,no,27.2,41.1,49.6,48.9,E
3487,1.7,58.9,yes,yes,35.3,37.9,53.4,45.3,E
3488,2.3,57.0,yes,yes,36.0,39.9,46.7,45.9,E
3489,1.7,98.7,yes,no,51.4,61.6,38.8,53.8,E
3490,5.2,69.8,no,no,87.7,89.0,73.0,75.1,C
3491,2.0,67.1,yes,yes,37.5,46.4,42.8,40.6,E
3492,1.1,81.1,yes,no,29.3,35.6,49.0,40.8,E
3493,2.5,52.9,yes,yes,44.7,53.7,36.4,48.6,E
3494,5.6,82.3,yes,yes,81.4,92.1,75.2,84.4,C
3495,3.7,93.8,yes,no,68.4,69.2,56.6,70.2,C
3496,1.7,86.2,no,yes,45.8,37.3,45.2,46.7,E
3497,1.0,70.9,yes,no,46.5,59.3,39.1,41.6,E
3498,6.0,55.8,yes,yes,65.1,72.2,66.3,75.2,C
3499,5.8,62.1,no,no,83.5,68.4,70.6,69.0,D
3500,4.0,63.3,yes,no,45.6,48.2,33.3,54.1,E
3501,4.5,69.2,yes,no,74.1,87.3,66.5,70.1,C
3502,2.3,56.7,yes,yes,37.5,61.2,55.2,48.0,E
3503,4.1,78.8,no,no,47.2,61.0,63.7,57.3,D
3504,6.0,68.3,yes,yes,92.8,91.7,95.1,81.5,C
3505,6.3,74.8,yes,no,87.8,78.6,89.7,79.9,C
3506,3.1,64.3,yes,no,61.5,59.7,51.4,49.3,E
3507,5.6,72.7,yes,yes,81.1,70.5,57.7,70.5,C
3508,4.1,85.6,yes,no,44.9,66.9,59.5,64.4,D
3509,6.0,54.4,yes,no,81.2,69.3,71.0,75.7,C
3510,5.7,75.5,no,no,80.4,59.4,91.3,78.7,C
3511,6.1,80.9,yes,yes,68.4,72.0,88.8,79.0,C
3512,1.7,83.4,no,yes,43.1,50.6,40.3,50.4,E
3513,2.9,96.1,yes,no,50.6,54.0,84.2,61.1,D
3514,2.5,89.1,yes,no,60.1,80.0,53.5,55.2,D
3515,3.9,86.9,yes,no,85.2,84.0,68.8,74.9,C
3516,4.0,93.4,yes,no,69.8,73.1,63.9,69.6,D
3517,5.5,95.7,yes,no,68.2,87.7,72.3,86.7,B
3518,4.8,92.0,yes,yes,76.1,81.0,70.4,78.1,C
3519,4.8,80.7,yes,yes,57.9,85.3,92.0,73.9,C
3520,5.2,92.2,yes,no,100.0,81.0,91.4,80.8,C
3521,2.5,66.3,yes,yes,52.8,36.5,44.4,42.4,E
3522,2.2,97.6,yes,yes,74.5,61.0,77.6,65.4,D
3523,2.1,58.7,yes,yes,20.4,23.8,32.0,35.5,F
3524,6.3,61.5,yes,no,88.5,70.0,83.7,78.7,C
3525,1.2,57.9,yes,no,36.3,42.1,40.4,33.9,F
3526,2.9,88.9,yes,no,56.0,65.7,74.5,58.1,D
3527,2.6,71.7,yes,yes,48.3,52.2,51.9,43.9,E
3528,4.9,86.9,no,no,55.7,66.9,64.1,78.3,C
3529,7.4,75.5,yes,yes,82.3,91.2,94.3,80.8,C
3530,7.1,70.2,yes,no,88.8,88.2,90.1,92.1,B
3531,1.3,94.8,yes,no,47.4,50.2,47.7,54.0,E
3532,4.6,71.6,yes,yes,61.3,61.1,44.1,70.5,C
3533,0.8,80.9,yes,no,24.7,15.7,12.6,29.5,F
3534,6.4,92.9,yes,no,94.4,88.0,100.0,97.9,A
3535,3.3,60.6,yes,no,47.3,33.8,36.4,42.7,E
3536,2.1,70.1,yes,no,38.4,37.1,31.4,41.9,E
3537,4.1,57.2,no,no,26.1,64.2,57.9,55.3,D
3538,3.8,77.1,yes,yes,63.7,78.0,69.5,69.5,D
3539,7.6,89.5,yes,yes,98.8,100.0,96.6,100.0,A
3540,0.7,52.8,yes,yes,21.8,17.6,2.2,22.6,F
3541,7.6,53.0,yes,no,100.0,81.0,80.3,86.3,B
3542,2.3,87.1,yes,yes,37.8,57.5,34.3,47.2,E
3543,1.6,85.5,yes,yes,32.3,31.7,50.5,46.9,E
3544,6.1,70.1,yes,yes,78.7,49.1,63.2,69.8,D
3545,4.4,68.0,no,yes,56.3,42.3,46.7,54.9,E
3546,7.2,64.1,yes,no,100.0,94.7,100.0,91.8,B
3547,4.6,53.1,no,yes,38.6,60.9,53.4,61.5,D
3548,4.3,75.7,yes,no,50.1,44.1,61.5,56.7,D
3549,2.0,80.8,yes,yes,51.5,47.7,27.2,46.2,E
3550,7.6,93.3,yes,no,93.4,100.0,100.0,100.0,A
3551,5.5,77.1,yes,yes,83.5,95.7,75.3,70.0,C
3552,5.0,57.6,yes,no,58.9,83.0,61.1,69.7,D
3553,6.4,65.4,yes,yes,87.3,71.4,67.2,68.6,D
3554,1.3,89.3,yes,yes,37.4,50.7,41.2,41.6,E
3555,7.0,80.9,yes,yes,94.3,100.0,95.2,90.3,B
3556,4.3,88.6,yes,yes,59.0,59.6,74.3,68.2,D
3557,6.5,70.7,yes,yes,81.8,71.6,90.1,85.6,B
3558,5.8,53.4,yes,no,91.5,85.6,75.3,74.1,C
3559,3.9,94.6,yes,yes,53.4,58.5,52.7,60.3,D
3560,6.3,67.5,yes,no,73.7,63.6,60.0,74.2,C
3561,5.9,54.2,yes,no,90.3,75.7,97.3,76.8,C
3562,0.5,79.3,yes,yes,29.9,29.9,42.2,38.5,F
3563,5.8,87.2,yes,yes,86.4,67.0,66.7,77.9,C
3564,4.3,73.9,yes,yes,62.6,72.4,82.9,65.7,D
3565,6.8,80.7,yes,yes,64.6,74.7,67.6,80.6,C
3566,6.6,70.9,yes,no,99.6,75.5,90.0,90.5,B
3567,1.8,90.7,no,no,81.4,57.0,53.1,56.5,D
3568,0.7,89.2,no,no,50.3,34.2,45.5,38.0,F
3569,2.0,86.0,yes,no,51.7,52.4,46.7,48.3,E
3570,6.1,51.0,yes,yes,68.9,72.3,70.5,74.6,C
3571,7.0,75.8,yes,no,91.4,83.0,97.2,88.6,B
3572,5.8,89.3,yes,yes,91.6,95.6,73.0,83.0,C
3573,6.7,62.2,yes,no,60.0,61.2,65.1,72.5,C
3574,4.9,63.0,yes,yes,42.2,76.8,61.1,65.7,D
3575,4.3,95.2,yes,yes,65.3,81.8,79.3,81.3,C
3576,7.8,92.1,no,yes,89.0,100.0,74.8,96.5,A
3577,1.1,99.4,yes,yes,49.4,53.3,55.6,53.0,E
3578,3.7,74.9,yes,yes,45.2,53.3,45.2,50.0,E
3579,2.6,56.2,yes,yes,48.2,52.8,70.6,49.1,E
3580,1.4,50.4,yes,no,25.3,49.7,18.3,35.5,F
3581,5.0,85.3,yes,yes,67.4,69.3,58.9,65.8,D
3582,2.5,90.8,yes,no,61.6,52.7,48.8,65.2,D
3583,4.0,71.4,yes,yes,64.5,72.6,72.4,70.3,C
3584,1.5,71.3,yes,no,43.8,55.0,53.0,44.1,E
3585,3.4,92.0,yes,yes,61.8,79.9,81.2,68.1,D
3586,2.0,59.3,no,yes,53.8,36.0,50.3,39.7,F
3587,7.2,53.2,yes,no,64.0,63.3,63.2,69.0,D
3588,4.4,98.3,no,yes,73.8,63.7,76.1,75.1,C
3589,6.5,77.1,yes,no,100.0,99.5,81.0,90.8,B
3590,4.1,88.6,yes,no,63.5,78.6,84.1,70.7,C
3591,0.8,97.7,yes,yes,64.2,69.8,53.2,54.8,E
3592,5.7,90.5,yes,yes,85.5,84.5,100.0,90.6,B
3593,0.9,73.4,yes,no,53.0,34.2,30.8,32.0,F
3594,3.5,82.4,yes,no,60.5,63.9,70.0,65.4,D
3595,4.6,81.6,yes,no,61.8,68.1,67.6,73.4,C
3596,6.3,96.3,yes,yes,100.0,98.5,100.0,98.9,A
3597,7.2,57.1,yes,no,99.6,65.9,85.1,77.3,C
3598,2.0,84.8,yes,yes,47.4,49.2,38.8,41.8,E
3599,5.5,93.1,yes,yes,69.7,82.8,66.7,72.9,C
3600,4.0,68.0,yes,yes,45.6,66.3,57.5,59.4,D
3601,6.3,85.4,no,yes,93.3,90.7,85.8,90.6,B
3602,7.5,62.5,yes,no,100.0,94.8,90.1,86.0,B
3603,4.5,54.4,yes,yes,74.4,63.8,86.5,67.6,D
3604,2.7,51.3,yes,yes,45.5,35.0,30.1,48.7,E
3605,6.5,76.5,yes,yes,87.8,89.0,78.5,92.0,B
3606,4.5,52.6,yes,no,52.1,43.2,49.2,49.0,E
3607,7.1,79.6,yes,no,70.7,100.0,85.7,80.6,C
3608,4.7,68.8,yes,yes,76.6,81.8,60.0,73.8,C
3609,7.5,50.3,yes,yes,88.0,77.4,87.6,77.1,C
3610,0.6,61.3,yes,yes,25.3,32.3,29.8,20.6,F
3611,6.0,86.9,yes,no,79.9,85.2,93.2,78.4,C
3612,3.1,68.9,no,yes,34.3,46.1,48.8,45.0,E
3613,5.5,86.3,yes,yes,89.2,83.4,97.3,84.6,C
3614,7.6,90.7,yes,no,90.7,91.9,100.0,100.0,A
3615,5.4,89.8,no,yes,92.9,89.0,100.0,85.0,B
3616,6.1,83.5,yes,no,82.4,83.9,69.2,74.5,C
3617,1.7,87.3,yes,yes,39.2,40.1,60.9,53.1,E
3618,1.8,78.5,yes,no,27.4,41.1,31.6,36.1,F
3619,4.8,73.2,yes,no,61.7,67.9,63.0,63.5,D
3620,3.7,53.1,yes,yes,36.7,35.3,14.1,43.0,E
3621,1.3,98.8,yes,no,51.7,57.5,54.1,57.3,D
3622,6.0,92.0,yes,no,88.5,66.3,83.3,80.8,C
3623,5.7,83.6,yes,no,94.0,89.5,88.1,87.3,B
3624,1.2,82.2,yes,no,39.8,37.5,37.9,32.6,F
3625,0.9,78.8,yes,yes,45.0,45.4,45.8,38.2,F
3626,3.3,54.7,yes,no,74.7,61.2,49.6,56.9,D
3627,5.2,66.0,yes,yes,60.9,74.0,78.6,63.2,D
3628,7.2,67.0,yes,yes,92.3,78.9,68.7,85.5,B
3629,3.8,89.7,yes,yes,38.9,69.1,65.0,61.8,D
3630,1.1,80.2,yes,no,19.6,30.0,5.7,33.4,F
3631,6.8,69.9,yes,no,96.2,81.6,100.0,89.6,B
3632,1.4,66.4,yes,yes,31.6,25.9,24.0,31.1,F
3633,5.3,92.7,yes,yes,80.3,69.2,97.2,80.4,C
3634,3.6,89.3,yes,yes,63.9,68.9,46.4,65.5,D
3635,7.3,90.7,yes,no,64.0,73.9,100.0,85.0,C
3636,5.8,69.8,yes,yes,72.1,90.5,80.2,81.8,C
3637,0.5,74.0,yes,yes,24.9,29.3,20.5,25.3,F
3638,3.3,78.7,yes,no,68.0,59.7,51.7,54.9,E
3639,1.9,59.6,no,yes,36.2,31.7,47.7,33.9,F
3640,2.6,68.1,yes,no,38.6,19.4,23.8,40.3,E
3641,3.5,74.6,no,no,56.4,53.9,64.0,57.2,D
3642,4.6,83.5,yes,no,69.4,77.5,86.4,76.6,C
3643,6.5,72.5,yes,no,100.0,85.6,89.4,90.0,B
3644,1.1,57.7,yes,yes,19.6,30.4,18.3,22.1,F
3645,3.8,71.3,no,no,85.1,65.4,67.8,68.6,D
3646,6.9,76.6,no,yes,86.3,95.3,85.2,89.5,B
3647,3.7,82.5,yes,yes,59.8,53.3,49.7,60.6,D
3648,4.4,92.7,yes,yes,71.3,81.8,78.1,72.4,C
3649,6.3,61.6,yes,yes,76.4,86.1,80.9,73.8,C
3650,5.8,78.0,no,yes,58.5,66.0,70.5,72.6,C
3651,4.3,70.9,no,yes,71.3,80.7,68.0,71.0,C
3652,7.8,84.3,yes,yes,81.4,90.3,92.3,87.7,B
3653,0.8,93.7,yes,no,42.6,33.8,44.5,43.4,E
3654,0.9,73.9,yes,no,40.1,45.6,34.8,44.0,E
3655,3.7,92.2,yes,no,47.5,69.2,44.2,64.6,D
3656,1.7,50.1,yes,no,25.4,12.0,27.1,29.1,F
3657,2.1,95.6,yes,yes,62.2,46.2,47.9,53.1,E
3658,1.6,89.4,yes,yes,55.6,60.1,45.0,57.4,D
3659,5.7,56.7,yes,no,65.0,57.9,81.2,70.6,C
3660,3.7,83.8,no,yes,35.0,40.2,42.3,56.1,D
3661,6.8,75.7,yes,no,85.8,100.0,82.0,89.9,B
3662,2.4,98.5,yes,yes,52.0,69.0,58.1,49.0,E
3663,5.2,65.2,yes,no,74.0,68.1,70.2,61.5,D
3664,2.1,80.5,yes,no,20.0,49.8,32.5,51.2,E
3665,0.6,76.1,no,yes,39.9,21.9,25.8,26.9,F
3666,5.7,61.1,yes,no,66.7,69.9,53.5,60.7,D
3667,1.6,90.7,no,no,50.0,46.8,70.1,51.6,E
3668,5.7,87.2,yes,yes,82.5,100.0,100.0,90.2,B
3669,5.7,77.2,yes,no,78.1,73.0,62.0,68.9,D
3670,5.5,97.2,yes,no,94.2,100.0,86.6,92.9,B
3671,4.9,96.3,yes,no,62.7,84.1,78.4,77.8,C
3672,7.1,90.9,yes,yes,100.0,92.8,100.0,99.5,A
3673,1.1,57.6,yes,no,37.5,46.2,40.2,34.0,F
3674,7.5,94.7,yes,no,100.0,100.0,84.6,95.6,A
3675,1.0,65.3,yes,yes,30.6,14.2,37.5,26.7,F
3676,4.2,78.5,yes,no,84.7,56.9,64.4,67.7,D
3677,7.4,98.7,yes,yes,100.0,78.3,87.6,100.0,A
3678,2.5,61.5,yes,no,36.4,39.8,56.3,40.6,E
3679,6.8,60.0,yes,no,91.5,75.8,90.3,77.3,C
3680,4.9,92.6,yes,yes,66.6,85.3,64.4,75.7,C
3681,7.0,50.7,yes,yes,52.7,85.9,75.5,68.5,D
3682,0.9,58.7,yes,yes,16.5,26.8,34.1,21.1,F
3683,4.7,66.4,yes,yes,87.5,54.5,82.5,72.3,C
3684,1.9,86.9,yes,yes,58.3,60.5,48.2,54.2,E
3685,0.6,74.0,no,yes,46.1,39.3,33.8,44.1,E
3686,5.7,69.7,yes,no,90.7,83.7,77.0,81.8,C
3687,6.1,95.9,yes,yes,85.4,100.0,89.4,95.5,A
3688,6.0,87.8,yes,yes,73.0,69.0,49.0,76.6,C
3689,6.0,81.6,yes,yes,83.5,67.6,85.3,81.4,C
3690,6.5,67.0,yes,no,79.1,76.6,64.0,76.8,C
3691,4.0,92.9,yes,yes,72.0,56.9,68.1,71.9,C
3692,3.1,62.7,yes,yes,39.4,55.4,64.4,56.1,D
3693,6.3,97.3,yes,no,91.7,99.9,100.0,99.1,A
3694,5.5,63.0,yes,yes,58.2,43.5,67.9,60.7,D
3695,2.0,91.0,yes,yes,45.3,50.4,66.2,56.9,D
3696,3.8,95.7,yes,no,62.8,84.2,83.0,74.1,C
3697,1.9,61.3,yes,no,49.6,60.0,56.2,45.6,E
3698,6.3,61.5,yes,yes,54.5,83.0,67.9,70.2,C
3699,2.4,53.9,yes,yes,20.2,45.1,31.3,33.6,F
3700,5.2,67.1,yes,yes,59.2,68.6,48.9,66.0,D
3701,6.0,75.0,yes,no,91.2,60.4,74.0,76.3,C
3702,7.9,54.3,no,yes,100.0,98.9,74.7,90.9,B
3703,3.7,57.3,yes,no,45.5,60.5,52.6,62.4,D
3704,7.0,71.1,yes,no,86.9,68.5,100.0,91.8,B
3705,5.5,59.0,yes,yes,71.2,66.1,52.1,62.6,D
3706,0.6,88.7,yes,no,54.3,37.7,42.4,38.9,F
3707,3.4,66.1,yes,no,51.4,61.0,42.1,60.1,D
3708,3.5,52.3,yes,yes,51.2,39.3,62.1,47.3,E
3709,1.4,57.7,yes,yes,17.7,18.4,41.2,26.7,F
3710,3.8,65.4,yes,yes,65.9,58.0,40.4,56.2,D
3711,1.4,57.3,yes,yes,34.6,36.1,50.0,38.7,F
3712,6.8,60.8,yes,yes,82.5,81.9,77.3,84.5,C
3713,3.2,60.3,yes,no,40.5,45.2,43.8,55.0,E
3714,1.9,70.9,yes,no,46.2,25.7,33.8,37.8,F
3715,5.0,76.2,yes,no,75.1,64.1,70.0,71.2,C
3716,6.9,81.1,yes,yes,82.9,88.3,94.3,80.5,C
3717,7.5,95.5,yes,yes,85.8,97.0,87.4,90.2,B
3718,7.2,84.4,yes,no,93.3,81.0,100.0,98.4,A
3719,7.1,59.9,yes,no,81.7,76.1,78.3,76.1,C
3720,3.1,72.5,yes,yes,52.0,52.1,51.4,58.2,D
3721,4.3,86.5,yes,yes,82.3,94.1,63.5,74.0,C
3722,3.3,77.8,yes,yes,63.9,44.3,61.0,51.8,E
3723,7.4,58.5,yes,no,69.1,64.2,97.3,73.4,C
3724,1.2,89.4,no,no,42.3,33.6,38.7,42.1,E
3725,4.7,59.8,yes,no,43.0,74.5,51.9,61.6,D
3726,2.4,67.2,yes,no,41.2,25.5,42.0,43.3,E
3727,6.9,86.7,yes,yes,84.3,75.0,96.8,86.0,B
3728,3.0,98.5,yes,yes,56.9,54.6,49.3,53.9,E
3729,7.0,94.5,yes,no,100.0,100.0,85.6,95.3,A
3730,7.5,98.5,yes,yes,100.0,100.0,95.5,98.9,A
3731,1.8,69.8,yes,no,61.3,27.0,48.8,50.3,E
3732,6.2,71.8,yes,no,71.3,63.5,69.8,71.0,C
3733,3.1,58.1,yes,no,37.8,52.8,58.9,48.1,E
3734,3.5,73.6,yes,yes,70.0,49.7,65.7,58.0,D
3735,2.6,89.0,yes,yes,45.1,44.5,57.8,56.5,D
3736,5.1,53.4,yes,yes,44.5,60.6,35.6,53.6,E
3737,3.1,66.0,yes,yes,43.7,56.3,21.7,44.6,E
3738,6.1,96.3,yes,no,66.6,72.7,76.7,78.1,C
3739,6.3,59.1,yes,no,65.0,65.2,67.5,68.2,D
3740,3.5,64.9,yes,yes,37.8,44.2,61.2,53.5,E
3741,0.5,96.8,yes,yes,42.3,55.4,65.5,47.8,E
3742,1.0,67.2,yes,no,17.0,50.1,29.1,31.9,F
3743,2.6,91.5,yes,no,59.3,55.0,48.0,54.1,E
3744,7.7,64.4,yes,yes,87.9,85.0,72.3,86.4,B
3745,3.5,62.9,yes,yes,43.5,54.2,66.9,55.2,D
3746,6.1,59.4,no,no,62.8,77.2,71.0,76.0,C
3747,7.5,53.1,yes,no,72.9,53.5,76.7,78.6,C
3748,3.1,70.8,yes,yes,44.7,31.1,55.2,48.0,E
3749,4.7,85.7,yes,no,79.9,86.0,59.7,72.3,C
3750,6.9,75.3,yes,no,74.0,100.0,78.4,88.2,B
3751,5.1,70.4,yes,yes,74.0,60.5,59.2,64.5,D
3752,1.3,60.2,yes,no,20.8,17.5,13.8,25.6,F
3753,6.3,84.2,yes,yes,85.7,100.0,75.7,90.9,B
3754,7.3,62.6,yes,yes,78.6,100.0,93.0,91.4,B
3755,6.3,51.6,yes,yes,71.7,84.3,79.1,75.1,C
3756,6.1,98.2,yes,no,81.2,81.4,99.4,93.8,B
3757,6.2,97.1,yes,yes,98.8,82.6,100.0,98.4,A
3758,5.1,60.7,yes,yes,69.9,44.2,70.4,59.0,D
3759,2.4,61.9,yes,no,59.1,32.9,36.1,38.0,F
3760,7.3,79.0,yes,no,91.9,87.4,95.4,92.7,B
3761,1.5,71.4,yes,no,52.6,53.9,58.0,50.3,E
3762,6.7,94.4,yes,no,95.1,100.0,94.6,92.9,B
3763,3.2,71.3,yes,yes,80.3,50.6,72.8,62.9,D
3764,5.6,56.8,yes,yes,76.7,84.8,68.0,76.6,C
3765,6.5,77.3,yes,yes,81.0,100.0,91.4,89.8,B
3766,6.5,55.7,yes,yes,73.4,100.0,94.3,75.6,C
3767,1.7,72.4,yes,yes,33.9,48.4,38.3,46.7,E
3768,5.1,78.9,yes,no,92.7,75.8,66.8,75.8,C
3769,2.1,97.3,yes,no,60.2,53.2,53.5,55.6,D
3770,1.3,64.7,yes,yes,39.2,30.7,35.5,29.1,F
3771,4.4,82.5,yes,yes,52.2,81.5,37.5,59.5,D
3772,7.9,50.0,yes,yes,78.3,81.6,58.7,73.5,C
3773,7.9,93.6,yes,no,98.7,100.0,100.0,100.0,A
3774,4.8,65.9,yes,yes,44.3,45.8,78.8,62.6,D
3775,6.3,62.0,yes,yes,55.3,71.2,74.4,67.2,D
3776,2.4,55.1,yes,yes,49.2,35.6,55.0,46.1,E
3777,2.2,89.3,yes,no,79.7,69.3,54.0,55.8,D
3778,5.8,52.8,no,no,75.8,64.0,65.5,66.8,D
3779,6.4,80.9,yes,no,99.0,74.2,90.2,92.6,B
3780,6.1,65.8,yes,yes,88.6,59.8,64.5,73.5,C
3781,1.3,85.6,yes,no,38.7,37.8,33.2,44.8,E
3782,3.2,98.3,yes,no,78.4,71.7,75.7,72.5,C
3783,0.8,63.7,yes,no,28.8,37.4,29.4,40.3,E
3784,6.4,81.0,no,yes,85.3,80.8,80.2,85.3,B
3785,2.8,68.5,no,yes,43.2,67.1,51.1,50.1,E
3786,3.7,75.5,yes,no,62.2,47.9,39.9,53.3,E
3787,4.8,54.2,yes,no,30.1,43.7,65.4,50.6,E
3788,0.5,60.2,yes,yes,24.9,35.0,28.0,34.8,F
3789,3.2,89.7,yes,yes,73.0,54.0,59.0,58.3,D
3790,6.0,67.2,yes,no,92.8,84.8,87.7,83.0,C
3791,2.6,50.1,yes,no,42.0,31.0,53.9,41.0,E
3792,4.8,66.0,yes,yes,65.4,61.6,72.2,60.2,D
3793,7.8,83.5,no,no,90.6,68.8,97.9,87.5,B
3794,1.4,98.6,no,no,73.2,40.4,40.7,49.8,E
3795,2.5,92.7,yes,no,69.4,62.2,60.4,66.8,D
3796,5.6,87.8,yes,no,88.9,79.3,72.6,84.5,C
3797,5.0,96.5,no,no,73.3,78.3,84.0,78.3,C
3798,7.8,83.0,no,yes,88.1,77.1,80.6,87.2,B
3799,0.8,76.0,yes,no,22.4,35.9,22.4,36.3,F
3800,7.1,77.0,yes,yes,83.5,84.6,64.4,81.1,C
3801,4.2,97.2,yes,yes,77.0,69.2,85.2,72.3,C
3802,2.2,50.1,yes,yes,33.8,31.8,5.6,30.9,F
3803,4.3,75.8,yes,yes,67.9,50.9,77.6,55.3,D
3804,3.6,88.5,no,no,87.0,71.7,83.1,73.2,C
3805,1.8,51.9,yes,yes,54.4,35.9,31.2,39.8,F
3806,2.1,91.2,no,no,49.9,88.1,58.3,61.3,D
3807,2.7,92.2,yes,no,62.2,53.4,54.5,53.6,E
3808,4.6,76.2,yes,no,73.6,56.8,67.8,67.7,D
3809,1.1,91.4,yes,no,53.4,40.8,40.2,43.8,E
3810,1.2,57.1,yes,no,26.5,15.3,26.5,28.4,F
3811,3.0,97.2,no,no,64.3,40.3,76.6,63.3,D
3812,5.8,52.4,yes,no,69.6,77.5,88.9,76.9,C
3813,7.8,51.9,yes,no,94.5,90.9,91.4,80.8,C
3814,0.6,76.2,no,yes,31.8,35.8,40.5,30.9,F
3815,7.8,86.8,yes,no,100.0,88.8,79.1,87.8,B
3816,5.6,85.0,yes,yes,58.1,78.1,61.3,69.4,D
3817,7.3,77.5,yes,yes,91.2,84.7,87.9,89.4,B
3818,4.5,89.2,yes,yes,74.8,49.0,72.8,73.9,C
3819,4.0,80.4,yes,yes,53.7,75.4,64.1,70.6,C
3820,6.4,92.5,yes,yes,92.2,81.3,90.5,84.9,C
3821,4.6,55.8,yes,yes,73.7,67.1,69.0,62.3,D
3822,7.2,99.1,yes,no,80.0,92.0,74.7,87.3,B
3823,7.2,94.0,yes,yes,86.5,86.2,96.1,86.2,B
3824,4.5,94.8,yes,yes,72.5,82.0,81.3,80.5,C
3825,4.8,68.2,yes,yes,72.5,64.6,64.7,59.3,D
3826,3.9,97.3,yes,no,57.9,71.4,86.7,75.0,C
3827,5.7,57.1,yes,yes,54.8,82.0,83.5,74.8,C
3828,5.6,53.9,yes,yes,83.6,98.4,82.1,75.8,C
3829,5.4,69.9,yes,no,70.2,67.1,75.3,65.1,D
3830,1.0,96.7,yes,no,59.6,56.9,49.5,53.3,E
3831,7.7,98.4,yes,no,98.4,100.0,100.0,95.7,A
3832,3.0,74.7,yes,no,57.5,58.8,37.4,47.6,E
3833,2.3,87.6,yes,no,56.4,54.7,51.6,55.9,D
3834,2.1,76.9,yes,yes,36.9,23.1,22.5,40.5,E
3835,1.0,55.7,yes,yes,53.3,24.4,47.5,33.8,F
3836,3.9,82.7,yes,no,74.1,72.1,68.2,69.9,D
3837,0.8,57.3,yes,no,33.1,32.6,31.0,36.8,F
3838,1.7,82.8,yes,no,37.9,31.1,40.7,39.1,F
3839,0.5,62.0,no,no,10.1,24.3,21.8,20.9,F
3840,1.8,63.2,yes,no,55.2,34.0,20.2,40.8,E
3841,8.0,83.7,yes,yes,89.9,100.0,100.0,100.0,A
3842,4.6,73.2,no,no,71.1,63.5,85.0,70.9,C
3843,1.0,91.5,no,yes,41.3,37.4,40.0,37.3,F
3844,4.7,84.0,yes,yes,56.6,71.5,70.7,75.1,C
3845,5.0,64.7,yes,yes,64.0,63.1,65.1,67.1,D
3846,4.6,88.9,yes,no,67.6,70.0,68.3,67.2,D
3847,3.0,53.2,yes,yes,33.2,15.6,46.5,40.2,E
3848,5.4,86.7,no,no,83.4,87.2,90.0,87.3,B
3849,1.6,69.3,yes,yes,52.4,54.2,32.9,46.3,E
3850,2.1,65.1,yes,no,49.6,46.4,37.2,37.8,F
3851,8.0,76.1,yes,no,90.2,91.7,96.1,87.1,B
3852,3.6,95.4,yes,yes,56.0,77.3,74.0,72.1,C
3853,1.6,62.8,yes,no,28.2,39.1,18.0,34.0,F
3854,2.1,100.0,yes,yes,40.4,60.3,44.1,46.9,E
3855,5.9,79.4,yes,yes,69.5,84.3,74.3,81.8,C
3856,1.4,62.6,no,yes,21.9,34.9,36.2,36.5,F
3857,3.2,84.6,no,no,55.8,46.1,56.1,53.6,E
3858,3.0,86.8,yes,yes,60.9,64.5,65.0,67.1,D
3859,2.2,76.6,yes,yes,60.1,59.2,48.6,53.2,E
3860,4.1,56.5,yes,yes,60.9,57.5,63.3,49.7,E
3861,1.3,90.8,yes,yes,34.8,51.8,51.2,56.6,D
3862,3.9,90.5,yes,no,83.2,59.4,64.1,64.2,D
3863,0.7,88.3,yes,yes,41.8,41.2,18.0,36.0,F
3864,7.8,87.8,yes,yes,95.2,100.0,99.4,89.5,B
3865,5.0,69.1,yes,yes,76.5,93.0,67.0,70.7,C
3866,1.1,74.6,yes,yes,39.0,46.1,32.4,40.6,E
3867,1.9,83.1,yes,no,34.1,41.9,33.4,47.3,E
3868,6.0,58.3,no,yes,68.8,60.8,68.4,70.2,C
3869,6.0,80.2,yes,yes,52.1,97.1,94.3,80.6,C
3870,3.2,55.5,no,yes,56.6,43.1,46.8,39.4,F
3871,1.6,92.4,yes,yes,41.9,46.1,47.0,49.1,E
3872,4.5,56.0,yes,yes,69.0,61.3,60.5,66.7,D
3873,2.6,88.6,yes,yes,49.2,78.1,76.9,63.0,D
3874,1.2,61.1,yes,yes,49.1,34.3,28.4,37.0,F
3875,3.1,96.4,no,no,72.1,84.1,73.5,71.8,C
3876,6.1,82.9,yes,yes,100.0,99.3,90.1,91.5,B
3877,3.2,71.6,yes,yes,69.7,55.7,74.1,58.4,D
3878,0.8,52.2,yes,no,2.6,37.1,18.1,19.5,F
3879,1.4,80.4,yes,no,32.0,34.4,58.1,34.4,F
3880,5.0,68.9,yes,yes,69.2,68.9,76.2,73.4,C
3881,4.4,89.9,yes,no,63.1,87.0,59.9,72.7,C
3882,5.6,89.6,yes,yes,90.3,90.5,92.5,82.3,C
3883,4.8,84.4,yes,yes,72.7,68.9,88.1,73.1,C
3884,4.2,63.4,yes,yes,52.1,58.4,52.0,49.8,E
3885,4.1,58.6,yes,yes,46.0,59.2,56.7,48.0,E
3886,7.7,74.9,yes,yes,87.5,92.9,100.0,86.1,B
3887,7.0,72.6,yes,no,82.6,82.1,93.9,87.2,B
3888,3.4,83.6,yes,yes,73.1,65.1,46.3,61.8,D
3889,5.4,76.6,yes,yes,67.3,53.5,54.4,64.0,D
3890,0.7,74.7,yes,yes,18.3,29.9,33.4,33.4,F
3891,0.7,74.0,yes,no,30.6,25.0,25.8,28.1,F
3892,2.9,75.2,yes,no,48.7,58.7,42.3,50.4,E
3893,6.2,93.6,yes,no,91.8,96.4,99.4,86.9,B
3894,7.4,58.5,no,no,81.0,68.1,78.3,81.6,C
3895,5.6,50.9,yes,yes,73.5,75.8,92.5,71.3,C
3896,5.8,61.1,yes,yes,68.1,62.1,59.7,62.5,D
3897,0.7,65.5,yes,yes,38.5,30.0,33.2,26.1,F
3898,7.5,80.6,no,no,92.7,100.0,100.0,92.2,B
3899,1.2,92.1,yes,yes,53.6,47.4,59.4,51.4,E
3900,7.6,85.7,yes,yes,100.0,97.4,100.0,100.0,A
3901,1.6,99.9,no,yes,58.4,59.8,62.7,52.5,E
3902,0.8,50.0,yes,yes,0.0,35.8,46.1,34.8,F
3903,4.7,59.5,yes,no,52.3,48.2,67.7,63.3,D
3904,1.4,54.4,yes,no,39.2,57.2,44.9,39.7,F
3905,0.7,83.2,yes,yes,43.1,38.9,47.0,36.1,F
3906,5.5,71.3,yes,no,81.9,78.5,67.3,68.6,D
3907,6.0,65.6,yes,no,62.5,75.2,71.2,79.3,C
3908,2.7,65.6,yes,yes,41.2,35.2,68.4,48.8,E
3909,4.5,94.6,yes,yes,78.0,74.4,75.2,75.1,C
3910,4.9,53.8,yes,yes,62.8,69.0,57.7,66.4,D
3911,1.7,65.7,yes,yes,43.3,55.3,48.3,43.2,E
3912,3.8,75.0,yes,no,52.6,50.9,38.5,55.1,D
3913,5.3,70.6,yes,yes,67.2,73.7,69.4,63.4,D
3914,7.1,84.4,no,yes,97.4,67.9,78.6,80.9,C
3915,3.6,80.4,yes,no,62.8,62.3,46.1,65.5,D
3916,5.7,90.0,no,no,78.9,85.4,83.5,82.7,C
3917,4.3,92.2,yes,no,71.7,57.9,59.2,68.5,D
3918,5.8,70.0,no,yes,67.7,82.8,69.0,66.8,D
3919,6.4,93.3,no,no,100.0,80.4,79.3,82.4,C
3920,4.5,81.6,yes,no,68.4,64.5,62.5,71.5,C
3921,1.0,93.0,yes,yes,44.3,28.3,43.1,38.2,F
3922,7.1,73.3,yes,no,81.0,75.3,72.3,87.1,B
3923,5.0,51.3,no,no,55.6,66.7,50.7,59.2,D
3924,5.0,82.9,yes,no,67.0,69.2,77.6,76.8,C
3925,4.3,98.3,no,yes,83.0,84.1,79.8,80.2,C
3926,1.8,96.5,yes,yes,48.2,57.3,56.2,61.2,D
3927,4.1,57.6,yes,yes,65.1,74.3,56.0,64.8,D
3928,4.5,74.5,yes,yes,76.5,69.0,56.0,65.0,D
3929,3.4,93.6,no,no,75.1,76.0,74.7,68.6,D
3930,1.6,70.8,yes,yes,42.7,69.6,45.5,44.0,E
3931,6.2,75.9,yes,no,100.0,76.3,90.0,80.4,C
3932,3.9,99.9,yes,yes,65.3,74.7,58.7,72.9,C
3933,5.8,74.1,yes,no,97.3,83.5,87.6,81.4,C
3934,0.9,59.5,no,no,31.3,42.5,37.9,38.1,F
3935,4.3,51.9,yes,yes,54.8,45.8,46.6,49.7,E
3936,1.1,73.1,yes,no,21.9,36.7,30.9,29.6,F
3937,6.0,75.7,no,no,75.8,94.2,74.8,72.6,C
3938,4.9,96.0,yes,no,96.2,83.1,83.8,83.5,C
3939,3.9,89.6,yes,no,63.5,68.6,56.4,68.3,D
3940,7.8,53.1,yes,no,100.0,77.2,79.7,86.5,B
3941,2.9,90.8,yes,yes,63.3,48.7,67.6,64.6,D
3942,3.7,53.5,no,no,38.2,35.6,45.9,45.1,E
3943,6.0,50.7,no,no,86.8,59.1,63.8,71.9,C
3944,4.4,77.3,yes,no,52.4,47.7,68.2,59.4,D
3945,5.4,76.5,yes,yes,55.8,68.6,75.2,74.9,C
3946,7.8,65.8,yes,no,64.1,71.6,85.1,81.3,C
3947,5.7,73.0,yes,no,75.7,61.1,84.0,69.7,D
3948,1.6,96.0,yes,yes,44.0,43.3,56.3,53.1,E
3949,2.1,83.8,yes,yes,56.4,49.5,55.2,59.3,D
3950,7.0,67.1,yes,yes,77.0,100.0,62.8,80.5,C
3951,0.9,96.7,yes,yes,61.2,40.5,36.7,48.6,E
3952,4.3,58.1,yes,no,70.9,59.1,51.2,64.6,D
3953,7.3,58.8,yes,yes,84.1,81.9,62.2,77.9,C
3954,6.3,61.7,yes,no,87.3,69.5,81.6,82.4,C
3955,1.4,61.6,no,yes,36.1,23.3,16.4,39.5,F
3956,6.1,53.5,yes,yes,55.6,53.4,62.9,64.7,D
3957,3.4,65.5,yes,yes,41.0,51.3,52.3,52.8,E
3958,7.3,77.4,yes,no,99.3,96.5,97.7,95.4,A
3959,4.8,61.1,yes,no,58.0,68.6,67.5,62.3,D
3960,4.6,55.3,yes,yes,71.6,67.3,66.3,63.0,D
3961,0.6,82.5,yes,yes,31.0,49.6,39.1,33.1,F
3962,2.4,71.0,yes,yes,48.2,43.2,34.1,42.6,E
3963,3.6,82.7,no,yes,84.2,68.0,61.8,67.7,D
3964,5.9,62.4,yes,yes,91.9,61.9,100.0,71.0,C
3965,4.4,87.8,yes,no,72.5,73.9,83.0,74.0,C
3966,6.9,98.6,yes,no,100.0,92.4,100.0,100.0,A
3967,0.8,63.1,yes,no,24.6,29.4,25.7,41.5,E
3968,2.9,82.0,yes,no,45.0,73.8,67.5,55.6,D
3969,5.0,88.3,yes,yes,77.6,64.0,57.6,76.6,C
3970,5.4,77.2,yes,no,77.9,88.6,52.9,70.3,C
3971,4.3,64.6,yes,no,56.3,73.7,70.3,62.1,D
3972,3.5,60.7,no,no,50.4,58.1,74.6,59.0,D
3973,1.0,82.3,no,yes,26.2,20.5,21.8,34.1,F
3974,5.7,74.0,yes,no,74.5,64.9,54.7,66.6,D
3975,7.3,91.9,no,no,94.8,83.8,88.2,93.7,B
3976,6.6,54.5,yes,no,77.9,90.8,49.5,74.6,C
3977,5.8,51.6,yes,yes,60.5,63.9,59.5,57.6,D
3978,5.3,68.5,yes,yes,72.4,77.2,72.3,67.0,D
3979,6.3,73.7,yes,no,72.6,70.0,65.4,72.8,C
3980,6.3,82.0,yes,no,96.2,92.0,69.3,92.7,B
3981,0.6,55.7,yes,no,32.8,35.3,21.7,29.4,F
3982,3.2,79.4,yes,no,41.6,56.4,73.3,60.1,D
3983,7.0,90.7,no,yes,88.4,97.6,90.4,82.5,C
3984,6.9,95.5,yes,yes,86.5,78.9,84.0,84.6,C
3985,5.8,95.0,no,no,81.8,94.8,80.0,81.2,C
3986,2.8,75.9,yes,no,35.6,36.5,42.0,45.6,E
3987,6.5,95.0,yes,yes,78.5,76.4,90.1,81.8,C
3988,2.2,76.9,yes,yes,43.2,41.7,51.9,44.5,E
3989,2.2,53.7,yes,no,25.3,44.0,34.2,48.0,E
3990,4.5,98.7,yes,no,83.8,76.5,81.3,84.2,C
3991,4.8,50.1,yes,yes,58.3,39.2,55.2,59.9,D
3992,3.1,64.3,yes,yes,54.4,51.5,61.5,50.2,E
3993,5.0,52.3,yes,yes,55.4,50.9,69.1,58.3,D
3994,5.8,77.2,yes,no,84.3,82.7,78.9,87.0,B
3995,1.9,78.4,no,no,40.5,47.3,46.1,41.0,E
3996,2.7,81.9,no,no,33.3,43.5,57.6,51.0,E
3997,5.7,57.0,yes,yes,64.4,70.5,70.2,71.2,C
3998,7.5,50.9,yes,no,86.2,77.5,85.4,85.1,B
3999,7.1,63.3,no,yes,58.3,89.0,85.8,72.3,C
4000,1.5,52.6,yes,yes,26.1,36.0,22.6,27.7,F
4001,4.8,51.8,no,no,44.8,51.9,64.4,52.3,E
4002,6.5,63.2,yes,yes,60.4,69.6,80.0,69.1,D
4003,2.3,99.9,yes,yes,68.7,46.2,65.7,63.4,D
4004,5.3,90.2,yes,no,67.9,74.5,72.9,81.1,C
4005,3.7,68.1,yes,no,54.7,75.3,65.3,60.3,D
4006,5.5,68.8,yes,no,49.4,60.5,69.3,66.5,D
4007,0.7,96.5,yes,yes,48.9,52.6,37.4,54.1,E
4008,2.8,83.1,no,yes,44.3,47.6,70.5,64.6,D
4009,2.8,91.8,yes,no,58.5,62.5,51.0,57.7,D
4010,3.6,93.2,yes,yes,69.5,57.9,64.2,59.3,D
4011,1.4,58.5,yes,yes,26.5,18.4,43.1,29.5,F
4012,3.8,50.8,yes,yes,52.5,37.7,33.0,51.4,E
4013,4.6,63.4,yes,yes,58.2,87.1,56.0,66.8,D
4014,0.7,79.7,no,no,22.4,23.9,16.8,29.0,F
4015,2.8,95.4,no,yes,72.1,60.6,57.6,67.6,D
4016,1.8,65.4,yes,no,26.0,42.3,36.3,35.1,F
4017,7.8,92.5,yes,no,90.3,79.2,95.6,100.0,A
4018,1.5,83.1,yes,no,25.3,61.5,30.9,46.5,E
4019,5.2,82.7,yes,yes,64.2,70.1,58.8,75.3,C
4020,3.5,85.8,no,no,49.9,53.1,31.6,56.3,D
4021,2.7,75.6,yes,yes,37.1,44.9,59.7,53.8,E
4022,6.9,83.7,yes,no,86.6,88.2,81.1,88.4,B
4023,5.5,89.7,yes,no,83.8,74.2,68.6,81.7,C
4024,5.2,79.5,yes,no,73.4,79.9,74.2,82.0,C
4025,1.2,52.0,yes,no,23.7,13.5,23.9,24.4,F
4026,2.4,75.5,yes,no,49.1,55.6,48.7,54.9,E
4027,2.6,79.8,yes,no,68.6,49.9,63.0,54.6,E
4028,3.8,93.8,yes,yes,60.2,78.5,80.6,77.6,C
4029,7.4,50.3,yes,no,82.7,71.1,71.7,75.1,C
4030,3.5,52.4,yes,yes,59.3,72.2,44.7,56.6,D
4031,3.0,68.4,yes,yes,34.3,43.2,55.9,45.5,E
4032,1.0,90.1,yes,no,46.1,53.7,54.0,47.5,E
4033,3.4,74.2,yes,no,61.8,58.9,39.5,60.3,D
4034,0.9,65.3,yes,yes,43.2,40.2,40.9,32.6,F
4035,3.2,84.7,yes,yes,59.5,51.2,62.7,57.6,D
4036,7.8,75.2,yes,yes,82.4,95.9,100.0,100.0,A
4037,4.7,78.7,yes,no,73.9,73.4,80.5,73.7,C
4038,2.1,71.4,yes,no,57.3,29.1,53.0,50.6,E
4039,2.7,86.3,yes,no,81.0,64.5,76.3,61.6,D
4040,4.8,50.8,yes,no,45.9,46.5,52.1,54.6,E
4041,0.6,50.1,yes,yes,34.7,13.9,0.0,18.2,F
4042,7.2,84.1,yes,yes,85.5,92.7,89.2,84.6,C
4043,4.8,51.3,yes,no,42.9,60.5,70.6,61.1,D
4044,4.2,66.9,no,yes,74.8,53.8,59.2,59.4,D
4045,5.9,68.3,no,no,62.7,73.0,64.8,71.1,C
4046,2.0,80.7,yes,no,49.4,35.0,51.5,41.5,E
4047,0.7,88.6,yes,no,25.3,35.2,38.2,35.9,F
4048,5.1,91.1,no,yes,84.3,63.5,53.2,73.4,C
4049,1.7,64.0,yes,yes,44.3,51.1,38.3,42.0,E
4050,0.6,58.1,yes,yes,24.1,18.4,18.0,30.7,F
4051,7.5,99.0,yes,yes,91.0,100.0,100.0,100.0,A
4052,6.4,52.2,yes,yes,69.8,57.1,67.5,77.0,C
4053,1.4,90.7,no,no,44.1,50.9,67.9,52.0,E
4054,7.2,51.0,yes,no,52.7,72.8,49.3,69.2,D
4055,1.0,74.3,no,no,28.1,30.5,62.4,40.5,E
4056,6.5,82.1,yes,yes,100.0,97.0,100.0,92.8,B
4057,3.6,73.9,yes,no,63.6,67.9,61.0,68.2,D
4058,4.4,78.2,no,no,59.1,52.7,49.9,57.0,D
4059,5.5,51.3,yes,no,56.4,63.9,69.4,62.7,D
4060,1.2,57.7,yes,no,38.9,40.7,40.5,27.9,F
4061,7.3,77.7,yes,yes,91.4,85.8,74.3,83.5,C
4062,1.6,91.4,yes,yes,47.1,41.1,47.7,52.9,E
4063,7.6,77.4,yes,yes,80.8,80.2,100.0,89.6,B
4064,1.2,75.0,yes,yes,33.8,36.8,52.3,45.8,E
4065,1.8,99.4,no,yes,49.2,53.0,56.0,57.7,D
4066,0.9,69.5,yes,yes,37.0,35.7,29.4,31.8,F
4067,3.5,69.3,yes,yes,44.5,55.0,66.5,48.9,E
4068,4.9,53.7,yes,yes,43.9,57.1,49.8,52.6,E
4069,5.2,89.2,yes,no,66.7,42.0,65.5,74.0,C
4070,6.7,53.4,yes,yes,85.3,76.6,75.7,73.1,C
4071,4.5,56.8,yes,no,45.3,46.4,57.3,50.6,E
4072,4.3,52.8,yes,yes,60.1,61.1,45.1,55.2,D
4073,2.9,59.6,yes,no,56.0,64.2,55.0,53.2,E
4074,5.4,71.9,yes,no,68.4,52.0,67.0,67.5,D
4075,7.3,52.1,no,yes,65.1,68.6,75.1,70.8,C
4076,3.2,70.6,yes,yes,74.7,69.6,74.0,62.1,D
4077,3.2,74.1,yes,no,56.0,54.9,54.3,51.5,E
4078,3.1,55.5,yes,no,41.7,54.5,52.1,43.7,E
4079,2.2,52.8,yes,yes,23.1,42.0,23.4,30.7,F
4080,4.8,65.7,yes,no,58.6,63.9,68.0,66.9,D
4081,1.3,82.5,no,no,59.3,39.6,37.3,47.6,E
4082,6.8,80.4,no,no,89.3,73.4,70.3,81.7,C
4083,1.5,56.3,yes,yes,50.2,40.8,39.7,31.9,F
4084,1.8,54.6,yes,yes,47.8,51.9,44.5,45.4,E
4085,1.0,59.3,yes,yes,38.4,35.8,38.8,33.1,F
4086,3.4,93.7,yes,yes,47.8,70.4,68.3,70.7,C
4087,6.2,96.6,yes,yes,91.0,90.2,76.2,85.4,B
4088,7.3,76.1,yes,no,94.5,86.4,100.0,85.3,B
4089,3.8,95.1,yes,no,75.6,57.2,52.0,61.4,D
4090,2.3,56.6,yes,no,10.7,47.5,32.1,35.5,F
4091,5.9,82.9,yes,yes,62.9,68.0,100.0,79.9,C
4092,5.7,82.4,yes,yes,79.5,82.4,71.9,74.0,C
4093,5.6,72.5,no,no,71.8,58.5,66.9,69.9,D
4094,3.8,86.9,yes,no,51.5,69.5,63.5,66.5,D
4095,4.7,73.7,yes,yes,76.3,83.3,53.6,72.0,C
4096,1.0,92.8,yes,no,52.1,62.9,46.8,55.1,D
4097,2.4,56.8,yes,no,24.5,34.4,41.0,33.4,F
4098,7.5,50.9,yes,yes,68.0,60.3,71.4,78.1,C
4099,0.8,68.9,no,yes,22.9,20.8,9.8,31.2,F
4100,2.8,56.4,yes,no,31.9,44.2,26.2,40.2,E
4101,2.2,59.0,no,yes,16.8,30.5,38.6,33.5,F
4102,1.5,52.4,yes,yes,44.7,21.7,25.8,27.5,F
4103,7.4,71.5,yes,yes,98.9,56.2,100.0,83.8,C
4104,1.4,86.9,yes,no,57.2,42.7,32.1,46.3,E
4105,4.2,77.8,yes,no,53.7,55.6,55.4,55.4,D
4106,6.8,67.8,yes,no,72.7,75.5,75.9,81.5,C
4107,0.5,50.6,yes,yes,15.3,32.8,30.7,33.2,F
4108,1.3,75.5,yes,no,53.2,42.0,31.0,46.4,E
4109,3.1,66.4,yes,no,50.4,60.6,45.4,54.3,E
4110,1.6,61.9,yes,no,54.8,35.7,48.9,37.6,F
4111,1.9,72.6,yes,yes,43.3,40.0,40.2,42.8,E
4112,4.9,58.5,yes,no,58.2,56.5,69.5,58.2,D
4113,1.8,66.1,yes,yes,33.2,37.1,39.1,42.9,E
4114,5.3,96.3,yes,no,98.3,90.1,85.1,80.4,C
4115,7.4,80.5,yes,no,75.3,90.5,92.1,97.2,A
4116,2.2,99.5,yes,no,53.5,60.3,51.5,53.7,E
4117,2.1,81.4,yes,yes,36.3,35.6,34.3,44.3,E
4118,0.6,54.8,yes,yes,40.6,47.9,33.0,31.9,F
4119,0.6,83.3,yes,yes,38.9,62.9,56.7,39.1,F
4120,3.5,93.3,no,no,62.2,74.7,72.3,70.7,C
4121,4.2,95.6,yes,yes,80.4,83.5,94.2,78.2,C
4122,1.9,77.7,yes,no,60.1,46.9,54.2,47.8,E
4123,2.9,56.0,yes,yes,48.7,46.1,46.7,45.5,E
4124,1.6,82.2,yes,no,61.3,46.9,44.3,55.1,D
4125,5.6,57.1,no,yes,84.7,64.3,69.7,74.5,C
4126,3.4,52.8,yes,no,48.2,56.5,60.8,52.1,E
4127,6.0,60.6,no,no,90.1,64.9,60.4,73.6,C
4128,4.6,54.9,yes,yes,51.2,57.4,48.4,51.7,E
4129,3.3,72.3,yes,no,44.6,53.8,52.2,45.5,E
4130,5.2,97.2,yes,yes,100.0,98.0,87.7,85.8,B
4131,0.6,83.0,yes,no,29.0,22.6,60.5,31.5,F
4132,5.7,84.7,yes,yes,87.3,69.4,86.5,80.6,C
4133,3.3,90.2,yes,yes,47.1,70.9,64.8,64.6,D
4134,4.4,62.0,yes,no,49.5,70.3,58.2,63.6,D
4135,4.4,78.6,yes,yes,77.0,73.2,61.5,67.0,D
4136,4.7,85.6,no,no,71.2,85.0,73.1,77.7,C
4137,5.8,65.2,yes,yes,77.4,61.0,74.1,70.3,C
4138,1.3,69.4,yes,yes,43.9,29.5,57.7,29.9,F
4139,4.2,85.1,yes,no,63.9,72.3,73.0,75.0,C
4140,1.1,90.4,yes,no,61.5,44.5,37.6,37.1,F
4141,2.3,68.1,yes,yes,37.2,51.9,44.1,46.7,E
4142,1.9,81.3,yes,no,42.3,43.6,35.0,38.5,F
4143,5.0,83.2,yes,no,86.8,77.9,59.9,75.5,C
4144,5.0,96.4,no,no,78.7,76.1,67.7,75.2,C
4145,6.7,89.4,yes,yes,98.9,88.6,86.3,92.1,B
4146,4.4,59.7,yes,no,51.3,59.5,73.7,57.8,D
4147,6.1,81.3,yes,yes,86.5,95.3,77.1,90.0,B
4148,7.2,97.9,yes,no,95.6,100.0,92.5,91.8,B
4149,1.5,68.9,no,no,42.3,47.3,42.1,35.5,F
4150,5.9,88.3,yes,no,66.9,85.4,81.9,79.8,C
4151,3.0,77.0,yes,yes,51.6,58.6,35.3,46.3,E
4152,2.6,71.9,no,no,51.6,63.5,55.5,56.8,D
4153,7.7,78.5,yes,yes,77.9,69.5,57.4,84.9,C
4154,2.0,71.3,yes,no,51.4,46.8,48.8,38.5,F
4155,7.4,65.9,yes,yes,76.2,67.9,82.5,78.1,C
4156,6.7,88.1,no,no,81.2,95.7,70.3,81.4,C
4157,7.1,76.6,no,yes,90.4,65.3,95.8,85.4,B
4158,4.9,96.7,yes,yes,77.4,50.8,69.2,71.4,C
4159,4.9,50.4,yes,yes,66.7,83.9,70.3,67.0,D
4160,3.5,88.5,no,yes,72.0,91.0,72.3,72.1,C
4161,3.5,57.9,yes,no,37.0,56.5,40.6,44.8,E
4162,6.9,88.1,yes,yes,86.7,98.9,77.8,84.8,C
4163,3.4,93.5,yes,no,63.7,48.0,73.2,60.7,D
4164,4.2,89.2,yes,yes,80.2,80.6,68.8,70.1,C
4165,8.0,79.7,yes,yes,100.0,86.9,89.4,95.6,A
4166,3.2,56.1,yes,yes,39.2,56.9,42.6,45.6,E
4167,6.7,98.0,yes,no,98.6,83.8,91.3,88.2,B
4168,2.6,66.3,yes,no,43.8,53.4,56.1,54.4,E
4169,0.7,51.4,yes,no,28.6,36.1,35.0,25.9,F
4170,5.0,50.1,yes,no,64.2,52.0,56.5,52.4,E
4171,4.1,86.9,yes,yes,85.9,77.9,74.5,72.8,C
4172,6.4,91.7,yes,yes,89.6,77.4,88.2,84.2,C
4173,0.5,90.2,yes,no,57.7,38.9,52.8,46.1,E
4174,1.0,78.0,yes,yes,48.0,41.3,29.5,43.9,E
4175,6.9,81.6,no,no,75.5,69.5,76.6,80.3,C
4176,4.1,95.3,yes,yes,79.7,74.2,53.7,67.4,D
4177,4.3,83.2,no,yes,46.7,73.6,62.2,70.3,C
4178,2.2,67.6,no,yes,55.1,36.2,47.7,49.6,E
4179,7.4,97.5,yes,yes,92.6,100.0,94.5,96.8,A
4180,7.4,98.3,yes,no,100.0,100.0,95.5,99.8,A
4181,4.4,81.4,yes,yes,82.9,59.1,54.9,59.6,D
4182,2.1,78.3,yes,no,44.7,33.0,25.8,38.2,F
4183,7.9,96.8,yes,yes,90.7,100.0,87.3,96.6,A
4184,7.2,88.9,yes,no,75.1,84.3,73.1,93.1,B
4185,4.4,55.9,yes,no,50.5,74.7,51.9,58.6,D
4186,5.2,97.9,yes,yes,81.3,71.8,69.4,71.8,C
4187,3.8,86.2,yes,yes,68.7,86.9,71.0,73.4,C
4188,2.0,87.0,yes,no,42.2,51.0,51.1,43.4,E
4189,5.6,70.0,yes,yes,77.3,100.0,89.3,80.3,C
4190,5.5,50.4,yes,yes,63.7,81.0,69.5,73.1,C
4191,4.6,63.6,yes,no,80.1,81.5,57.3,61.9,D
4192,6.6,66.6,yes,no,87.8,81.0,100.0,85.6,B
4193,3.9,72.8,yes,no,65.6,51.8,60.4,61.3,D
4194,7.0,85.1,yes,yes,100.0,79.7,77.7,81.8,C
4195,2.1,72.5,yes,yes,37.2,40.3,41.2,39.0,F
4196,7.7,68.6,no,yes,84.4,90.0,98.5,88.9,B
4197,2.0,62.4,yes,no,38.3,38.0,43.5,37.8,F
4198,1.7,88.4,yes,no,40.1,57.2,57.8,53.7,E
4199,5.0,89.4,yes,yes,73.8,79.7,70.8,71.6,C
4200,1.2,68.2,no,no,27.8,15.6,24.1,28.4,F
4201,1.8,60.9,yes,yes,42.6,43.3,69.0,44.7,E
4202,6.0,61.0,yes,no,84.5,69.5,50.1,73.6,C
4203,2.8,83.1,yes,no,58.8,59.2,53.1,56.8,D
4204,6.5,88.6,yes,yes,88.1,84.2,86.3,84.9,C
4205,1.7,89.2,no,yes,52.3,62.4,43.6,48.7,E
4206,3.4,93.5,yes,yes,61.1,61.6,46.7,56.8,D
4207,3.4,87.7,yes,no,64.1,77.3,59.3,66.6,D
4208,4.1,74.3,yes,no,39.6,52.7,48.8,55.0,D
4209,3.6,63.4,yes,no,51.6,69.0,67.0,60.0,D
4210,3.4,68.7,yes,no,50.5,48.3,52.2,53.5,E
4211,3.0,64.2,yes,no,47.2,30.8,36.4,40.5,E
4212,0.6,55.0,no,yes,39.1,48.6,38.1,35.0,F
4213,5.1,57.2,no,no,84.9,70.9,53.7,71.5,C
4214,4.1,50.6,yes,no,45.6,44.7,40.1,45.0,E
4215,3.3,59.8,yes,yes,67.6,33.5,32.6,41.4,E
4216,2.1,91.8,yes,no,61.4,39.7,45.5,49.2,E
4217,7.2,76.9,yes,no,79.4,100.0,73.9,86.4,B
4218,2.3,69.5,yes,yes,45.9,57.6,55.2,47.3,E
4219,7.4,61.9,yes,yes,82.9,78.9,78.1,87.7,B
4220,2.1,79.5,yes,yes,64.9,50.7,43.7,58.1,D
4221,7.8,98.7,yes,no,100.0,100.0,95.0,100.0,A
4222,3.6,67.4,yes,no,64.0,53.0,52.5,57.1,D
4223,4.5,92.4,yes,no,62.1,74.4,84.6,82.0,C
4224,2.7,97.0,yes,no,50.2,50.4,71.0,57.8,D
4225,7.5,89.3,yes,no,90.2,98.0,99.8,100.0,A
4226,2.6,79.6,yes,yes,50.6,35.7,54.6,49.7,E
4227,6.0,65.1,yes,no,68.6,70.9,71.7,78.8,C
4228,0.7,51.7,yes,no,24.4,41.4,17.0,30.6,F
4229,4.7,86.8,yes,yes,66.7,68.4,83.8,79.3,C
4230,6.1,97.8,yes,yes,83.1,80.7,97.4,81.5,C
4231,4.0,84.5,yes,yes,84.1,68.7,61.2,66.0,D
4232,5.3,51.8,yes,yes,60.7,63.4,49.9,53.2,E
4233,6.3,57.0,yes,no,90.7,67.4,88.7,80.4,C
4234,4.3,69.6,no,yes,77.6,48.7,63.6,57.3,D
4235,2.1,99.5,yes,yes,72.1,63.2,58.9,63.9,D
4236,3.5,54.2,yes,yes,54.7,59.5,61.4,49.8,E
4237,6.0,65.9,yes,no,60.2,84.1,68.5,77.7,C
4238,2.5,77.6,no,yes,55.7,62.0,46.7,45.8,E
4239,5.2,55.6,yes,no,59.8,58.3,52.9,64.7,D
4240,1.6,55.9,yes,no,44.5,32.9,40.1,40.4,E
4241,7.5,53.4,yes,no,92.6,78.2,89.4,84.9,C
4242,5.0,75.1,yes,no,71.4,66.4,68.0,73.3,C
4243,4.0,64.3,yes,no,61.8,51.7,58.7,60.8,D
4244,6.6,52.0,yes,no,48.4,68.5,65.5,64.4,D
4245,6.5,75.1,yes,yes,61.3,55.5,75.2,72.7,C
4246,1.2,86.5,yes,yes,52.1,64.0,45.6,51.9,E
4247,2.8,83.4,yes,yes,37.9,56.3,74.2,57.9,D
4248,3.9,84.2,yes,no,86.8,74.2,70.3,70.2,C
4249,3.1,77.5,yes,no,59.8,47.7,65.7,61.4,D
4250,2.9,89.1,yes,no,69.3,58.0,52.7,66.0,D
4251,3.1,53.1,yes,yes,37.5,46.6,55.5,52.7,E
4252,1.6,59.5,yes,yes,23.2,25.3,19.0,30.5,F
4253,1.4,85.2,yes,yes,43.5,41.4,56.6,46.9,E
4254,2.5,66.8,yes,yes,26.5,46.5,48.8,46.7,E
4255,1.0,61.9,yes,no,40.5,31.6,30.7,37.3,F
4256,4.3,51.4,yes,no,74.7,69.5,61.7,62.9,D
4257,1.6,93.4,yes,yes,57.5,65.7,65.2,57.8,D
4258,1.0,91.9,no,yes,38.5,55.2,36.4,37.6,F
4259,6.8,53.0,yes,no,77.0,81.4,74.3,79.1,C
4260,4.9,65.2,yes,no,50.3,56.8,63.3,58.7,D
4261,7.2,60.7,yes,no,83.9,84.8,83.6,83.7,C
4262,7.9,60.3,yes,yes,82.9,86.2,95.0,81.9,C
4263,5.0,62.9,yes,no,60.9,48.5,70.8,55.6,D
4264,6.5,64.9,yes,no,60.7,77.6,54.5,69.1,D
4265,1.7,85.3,yes,no,47.0,54.5,44.0,47.2,E
4266,5.7,98.5,no,yes,75.9,64.7,100.0,81.4,C
4267,4.6,52.3,yes,yes,62.8,85.2,71.8,66.3,D
4268,5.6,66.1,yes,no,68.9,68.9,74.2,65.9,D
4269,1.3,83.4,no,no,29.1,42.4,54.4,51.4,E
4270,7.5,65.3,yes,yes,99.0,79.4,91.9,89.0,B
4271,3.6,59.6,yes,no,55.1,54.5,28.7,52.2,E
4272,6.3,58.4,yes,no,81.3,60.1,73.9,68.2,D
4273,7.9,79.9,yes,yes,61.9,76.4,100.0,85.4,B
4274,7.0,57.6,yes,yes,86.0,73.6,66.2,77.6,C
4275,2.8,54.8,yes,no,32.7,48.0,35.0,42.9,E
4276,3.5,87.5,yes,no,65.8,54.1,56.3,57.5,D
4277,5.4,67.2,yes,yes,82.4,66.1,57.7,74.4,C
4278,4.5,94.7,yes,no,94.8,92.4,72.7,76.8,C
4279,3.6,74.8,yes,no,59.0,60.1,43.1,55.1,D
4280,5.4,56.6,yes,yes,54.0,66.1,79.2,74.6,C
4281,7.3,59.6,yes,no,83.3,90.7,90.2,88.4,B
4282,2.8,94.1,yes,yes,65.2,62.6,57.8,61.2,D
4283,1.5,56.3,yes,no,41.4,40.8,36.1,40.8,E
4284,5.6,65.8,yes,no,66.6,78.1,78.4,77.6,C
4285,4.9,65.2,yes,no,71.8,63.4,75.5,65.0,D
4286,7.3,99.4,yes,no,100.0,100.0,94.3,100.0,A
4287,6.1,98.7,yes,no,92.3,91.2,91.8,91.4,B
4288,3.5,84.6,yes,yes,63.2,54.5,66.2,52.4,E
4289,5.2,61.8,yes,yes,68.6,70.0,57.2,65.4,D
4290,7.0,59.0,yes,no,76.7,84.9,95.7,85.3,B
4291,3.1,53.0,yes,yes,31.1,52.2,42.1,44.8,E
4292,0.6,53.1,yes,no,36.4,47.6,52.5,34.2,F
4293,5.2,97.0,yes,yes,88.2,83.6,59.7,86.1,B
4294,0.7,80.2,yes,yes,34.7,33.3,31.1,38.5,F
4295,7.5,59.9,yes,yes,81.3,67.5,83.2,81.0,C
4296,1.8,89.1,yes,no,32.6,50.4,45.5,43.3,E
4297,3.3,53.8,yes,yes,56.2,55.6,65.0,57.0,D
4298,7.6,76.1,yes,yes,87.5,76.0,85.9,87.4,B
4299,1.1,59.8,yes,yes,20.9,22.6,40.8,27.8,F
4300,0.5,72.4,yes,no,20.8,36.8,40.0,32.2,F
4301,1.3,61.5,yes,no,21.9,43.0,25.0,34.9,F
4302,7.9,56.8,yes,yes,100.0,100.0,100.0,95.9,A
4303,7.8,96.3,yes,yes,81.5,92.6,96.5,93.0,B
4304,3.4,96.0,yes,no,74.5,80.5,79.9,73.1,C
4305,6.1,74.7,yes,yes,79.4,72.7,85.4,71.5,C
4306,6.0,89.3,no,yes,94.6,85.6,65.7,83.4,C
4307,1.2,60.1,yes,no,61.3,33.2,24.4,40.9,E
4308,2.3,69.8,yes,no,38.9,63.3,57.6,52.3,E
4309,7.2,61.3,no,yes,91.2,99.0,67.5,92.0,B
4310,1.7,54.2,yes,no,28.0,34.2,36.1,37.8,F
4311,4.4,71.2,no,no,71.1,80.0,70.6,68.7,D
4312,2.3,87.2,no,no,53.9,49.9,58.4,62.3,D
4313,4.7,87.2,yes,no,71.2,63.0,82.5,70.7,C
4314,2.0,72.2,no,yes,33.0,31.2,45.1,43.1,E
4315,2.1,72.3,yes,yes,36.4,44.6,72.7,48.4,E
4316,0.9,80.1,yes,yes,36.3,38.9,34.6,46.0,E
4317,7.9,96.7,yes,no,85.2,100.0,100.0,97.3,A
4318,1.3,57.5,yes,yes,41.9,40.1,45.7,38.6,F
4319,3.6,70.2,yes,yes,59.7,60.7,61.5,63.3,D
4320,3.6,95.3,yes,yes,70.0,73.2,73.5,68.7,D
4321,2.8,77.4,yes,no,31.9,55.6,47.1,47.5,E
4322,6.5,89.6,yes,no,95.5,100.0,79.7,93.8,B
4323,3.0,73.1,yes,no,57.5,61.0,63.6,61.6,D
4324,5.2,96.1,yes,yes,89.8,77.0,93.9,76.9,C
4325,4.6,94.5,yes,yes,88.1,58.2,84.8,68.2,D
4326,7.0,72.3,yes,yes,97.8,95.6,83.8,93.5,B
4327,6.6,50.3,yes,yes,70.9,66.3,64.4,63.5,D
4328,2.1,78.3,yes,yes,53.2,50.9,70.8,56.3,D
4329,6.1,60.2,yes,no,74.4,72.0,59.0,71.3,C
4330,6.4,62.0,yes,yes,75.8,77.3,80.9,79.4,C
4331,7.4,71.5,no,no,85.8,88.7,75.9,84.8,C
4332,7.7,72.5,yes,yes,83.4,84.9,96.9,86.8,B
4333,6.0,93.0,yes,yes,80.3,79.7,80.2,77.5,C
4334,3.9,51.6,yes,no,58.4,48.6,46.0,53.8,E
4335,2.7,64.8,yes,yes,52.9,59.7,47.5,51.8,E
4336,7.0,81.6,yes,no,83.4,86.2,92.0,81.2,C
4337,7.4,81.1,no,yes,100.0,100.0,95.5,97.4,A
4338,1.2,65.9,yes,yes,29.7,31.7,21.6,30.5,F
4339,4.7,58.9,yes,yes,66.0,57.8,65.1,58.3,D
4340,1.5,63.9,yes,yes,27.9,15.9,32.7,29.9,F
4341,2.4,94.6,yes,yes,70.5,71.5,62.3,62.8,D
4342,3.4,63.1,yes,yes,55.3,46.6,41.8,45.7,E
4343,2.8,74.6,yes,yes,57.4,44.8,50.1,47.2,E
4344,5.9,97.1,yes,yes,86.3,86.2,85.9,78.0,C
4345,1.1,55.9,yes,no,51.9,47.5,31.3,39.9,F
4346,5.1,93.5,yes,yes,72.3,77.8,74.5,81.5,C
4347,4.9,87.2,no,yes,67.4,81.1,80.9,77.7,C
4348,6.4,74.3,yes,yes,100.0,90.7,89.4,90.2,B
4349,1.2,97.4,no,yes,38.2,58.6,47.1,47.2,E
4350,3.0,53.7,yes,yes,47.8,35.8,38.4,45.8,E
4351,5.7,92.7,yes,yes,88.5,89.5,82.6,76.3,C
4352,5.8,59.9,yes,no,68.3,80.9,61.7,70.3,C
4353,3.9,67.7,no,yes,57.0,58.2,73.2,62.0,D
4354,4.0,56.1,yes,yes,37.0,43.1,60.8,48.3,E
4355,7.7,74.8,yes,yes,85.8,86.4,96.6,82.4,C
4356,2.9,58.5,yes,yes,43.4,28.5,62.4,41.7,E
4357,1.6,62.8,no,yes,45.6,31.9,25.4,29.6,F
4358,7.6,53.0,yes,yes,92.6,89.9,100.0,88.1,B
4359,6.6,65.3,no,no,100.0,91.7,80.3,86.5,B
4360,2.3,58.2,yes,no,48.7,30.7,23.1,37.2,F
4361,6.9,84.3,yes,yes,92.4,100.0,72.0,83.8,C
4362,2.4,81.9,yes,no,46.8,57.1,47.0,55.2,D
4363,6.7,83.3,yes,no,100.0,100.0,76.4,92.6,B
4364,5.2,83.8,yes,yes,71.9,83.3,99.2,79.0,C
4365,4.1,55.2,yes,no,54.3,65.6,54.9,57.0,D
4366,7.5,60.7,yes,yes,75.1,69.7,93.5,81.2,C
4367,6.6,86.9,yes,no,94.0,100.0,100.0,90.9,B
4368,1.5,74.1,yes,no,37.7,50.1,37.3,44.8,E
4369,5.8,81.5,no,yes,57.2,77.9,74.4,73.3,C
4370,6.4,52.8,yes,no,92.1,68.8,49.0,62.9,D
4371,4.6,69.3,yes,no,54.9,72.3,71.6,67.6,D
4372,2.6,71.9,yes,no,59.8,48.0,51.7,46.0,E
4373,2.3,84.6,no,no,53.6,40.6,59.6,42.8,E
4374,7.8,95.6,yes,yes,97.4,80.3,89.9,91.0,B
4375,3.8,78.7,yes,no,53.1,71.8,63.2,54.7,E
4376,4.4,88.1,yes,no,49.1,52.3,55.8,62.2,D
4377,5.0,82.2,yes,yes,79.7,87.3,93.0,77.0,C
4378,1.3,95.5,yes,no,70.0,62.0,64.0,57.2,D
4379,1.1,90.5,yes,yes,44.9,31.3,23.8,37.7,F
4380,2.0,62.4,yes,no,46.1,51.9,33.6,44.6,E
4381,1.0,61.1,yes,no,49.9,29.0,33.9,32.9,F
4382,7.2,95.6,yes,yes,100.0,100.0,100.0,99.9,A
4383,1.6,79.9,yes,no,37.2,38.0,33.5,38.4,F
4384,2.2,72.5,yes,yes,47.2,47.8,41.2,39.1,F
4385,4.5,85.0,yes,no,76.4,72.0,55.0,76.6,C
4386,7.2,64.1,no,yes,75.5,80.5,80.2,89.3,B
4387,0.9,90.4,yes,yes,75.8,51.5,43.4,52.0,E
4388,2.1,76.4,yes,yes,48.2,57.1,52.7,41.6,E
4389,5.9,93.5,yes,no,59.6,70.2,76.8,85.2,B
4390,4.4,82.2,yes,yes,75.7,60.0,46.3,65.7,D
4391,5.0,63.0,yes,no,86.3,72.0,80.1,72.3,C
4392,0.6,98.3,no,no,53.8,36.0,54.0,44.7,E
4393,7.0,70.1,yes,yes,91.5,66.4,62.0,77.4,C
4394,4.8,88.3,yes,no,76.1,78.9,68.4,69.7,D
4395,6.8,62.8,yes,no,75.4,74.9,66.5,81.5,C
4396,7.7,70.9,yes,no,96.0,83.7,88.0,91.0,B
4397,6.0,86.9,yes,no,100.0,82.2,84.1,87.9,B
4398,0.7,84.8,yes,no,63.1,47.7,63.4,49.5,E
4399,5.8,96.9,yes,yes,73.3,88.4,95.2,83.6,C
4400,4.7,89.9,no,no,88.4,62.2,67.6,73.3,C
4401,1.3,66.2,yes,no,34.8,36.0,42.2,38.0,F
4402,2.5,93.2,yes,yes,60.3,55.4,56.5,61.2,D
4403,1.8,96.1,no,yes,49.1,35.9,53.3,48.0,E
4404,7.4,97.7,yes,no,100.0,95.3,100.0,100.0,A
4405,6.5,95.0,yes,no,71.1,93.3,80.5,84.9,C
4406,5.8,84.8,yes,no,75.7,81.8,89.8,78.9,C
4407,6.2,89.8,yes,no,93.2,92.4,84.3,85.7,B
4408,5.0,82.4,yes,yes,74.0,50.1,90.1,72.1,C
4409,6.9,66.0,yes,no,84.5,76.3,77.4,82.9,C
4410,2.2,90.8,yes,yes,62.0,54.6,56.7,50.2,E
4411,2.4,61.4,yes,no,40.9,49.7,44.0,53.5,E
4412,4.9,71.6,yes,no,66.3,70.8,76.8,70.4,C
4413,6.6,67.2,yes,no,100.0,73.7,89.9,73.2,C
4414,6.8,58.6,yes,no,75.2,68.8,90.7,83.3,C
4415,7.8,89.9,no,no,99.5,91.7,100.0,95.9,A
4416,6.2,73.6,yes,no,72.8,66.4,65.1,75.2,C
4417,2.2,76.3,yes,no,37.1,56.9,60.7,54.1,E
4418,2.2,75.1,yes,no,39.7,44.4,46.6,48.2,E
4419,3.8,84.5,yes,yes,46.8,43.3,43.9,55.2,D
4420,5.4,58.8,yes,no,80.8,68.6,69.0,69.6,D
4421,4.3,75.0,yes,no,50.3,71.7,70.3,57.6,D
4422,1.0,63.0,yes,no,50.5,20.3,36.1,36.7,F
4423,4.1,98.6,yes,no,67.5,82.9,79.5,73.3,C
4424,6.6,53.0,yes,no,76.7,63.6,61.9,70.4,C
4425,2.3,96.4,yes,no,69.5,64.4,73.6,64.7,D
4426,5.3,53.0,yes,yes,59.9,42.5,58.8,58.3,D
4427,2.5,55.5,yes,no,47.7,40.1,37.2,37.8,F
4428,4.7,95.3,yes,yes,74.3,74.1,73.9,71.1,C
4429,5.8,82.4,yes,yes,88.6,96.9,100.0,79.8,C
4430,2.1,66.2,yes,yes,26.2,44.8,54.8,40.6,E
4431,6.0,79.4,yes,yes,65.5,58.8,67.1,76.7,C
4432,5.6,58.3,yes,yes,67.8,73.9,76.2,72.8,C
4433,2.8,53.2,yes,yes,43.1,55.9,49.9,53.4,E
4434,7.2,52.5,yes,yes,82.0,64.4,78.5,78.0,C
4435,6.4,63.5,yes,yes,80.9,58.5,75.1,79.6,C
4436,4.4,59.0,yes,no,80.5,45.5,66.0,63.5,D
4437,1.1,70.2,yes,no,49.4,42.9,55.9,40.7,E
4438,3.8,93.8,yes,no,68.5,70.9,60.3,73.5,C
4439,3.0,68.9,yes,yes,58.5,65.1,52.5,55.9,D
4440,2.5,69.9,yes,no,67.0,70.1,55.1,57.3,D
4441,5.3,56.0,yes,yes,81.1,80.1,65.4,73.0,C
4442,7.4,99.4,yes,no,100.0,100.0,95.3,100.0,A
4443,1.6,57.3,yes,yes,25.3,44.7,21.8,33.5,F
4444,6.1,66.9,no,no,86.4,89.0,94.5,85.3,B
4445,5.2,97.3,yes,yes,68.6,82.1,63.4,77.8,C
4446,5.5,72.7,yes,no,77.9,49.4,91.1,69.1,D
4447,6.8,66.9,yes,no,81.0,66.1,69.8,72.0,C
4448,3.3,85.8,yes,yes,65.2,59.2,61.0,70.1,C
4449,4.8,51.7,yes,yes,69.3,78.4,55.8,66.3,D
4450,2.6,66.1,no,yes,45.3,32.1,47.9,42.0,E
4451,2.6,79.0,yes,no,52.2,40.0,47.1,50.2,E
4452,4.3,99.6,yes,yes,61.8,65.1,89.4,68.8,D
4453,0.6,98.4,no,no,47.7,68.4,50.0,53.9,E
4454,2.4,81.3,yes,yes,50.4,59.1,52.5,42.3,E
4455,1.6,67.0,yes,no,35.1,28.5,27.5,30.0,F
4456,1.4,77.5,yes,yes,54.0,50.1,38.2,46.3,E
4457,3.4,96.7,yes,yes,62.1,59.1,67.5,59.8,D
4458,1.3,83.4,yes,no,20.3,39.3,48.3,33.8,F
4459,1.7,57.5,yes,no,40.9,19.3,27.6,38.8,F
4460,5.5,98.6,yes,no,83.1,94.3,68.0,82.8,C
4461,5.4,95.1,yes,yes,73.0,78.4,75.8,78.7,C
4462,7.6,60.8,yes,no,57.7,69.9,44.8,75.4,C
4463,7.4,82.8,yes,no,70.5,78.0,85.1,84.0,C
4464,7.1,93.9,yes,no,92.3,100.0,88.9,100.0,A
4465,5.7,61.0,yes,yes,79.0,92.9,73.6,78.8,C
4466,2.5,96.2,yes,no,63.7,68.5,55.0,55.2,D
4467,1.8,59.0,no,no,59.9,37.5,61.1,44.6,E
4468,7.6,67.9,yes,no,91.1,100.0,97.9,95.4,A
4469,7.7,97.2,yes,yes,100.0,91.9,100.0,100.0,A
4470,4.3,97.3,yes,no,85.3,74.9,92.0,81.8,C
4471,4.6,51.2,yes,yes,79.0,65.9,71.1,67.2,D
4472,0.5,93.3,yes,no,52.3,41.3,58.3,37.0,F
4473,1.6,84.7,yes,yes,50.7,41.8,41.6,36.8,F
4474,4.6,93.6,yes,yes,80.7,74.4,75.4,72.4,C
4475,1.9,73.1,yes,yes,48.3,34.2,55.6,48.6,E
4476,4.1,99.1,yes,yes,71.1,75.1,94.2,69.3,D
4477,6.5,87.4,no,yes,88.5,100.0,91.0,87.3,B
4478,6.5,88.0,yes,yes,81.3,90.1,83.8,84.0,C
4479,7.0,71.3,yes,no,71.7,94.3,64.8,82.6,C
4480,2.3,69.6,yes,yes,25.8,52.3,49.6,45.7,E
4481,3.7,60.3,no,yes,45.4,69.7,51.2,61.1,D
4482,5.2,52.9,yes,yes,66.7,55.1,51.9,69.0,D
4483,4.9,95.1,yes,yes,86.4,78.1,84.0,86.3,B
4484,8.0,79.5,yes,no,95.3,100.0,100.0,90.8,B
4485,2.6,77.9,yes,yes,52.3,59.9,61.3,51.2,E
4486,1.0,66.9,no,no,46.2,35.4,46.0,38.4,F
4487,3.4,87.0,yes,yes,61.0,64.3,73.7,62.2,D
4488,4.4,70.3,no,yes,71.8,71.1,43.9,61.5,D
4489,3.4,90.5,yes,yes,62.8,59.8,49.4,56.6,D
4490,2.9,54.0,yes,no,40.1,56.2,49.0,46.2,E
4491,2.4,62.4,yes,yes,65.6,49.7,41.8,53.0,E
4492,3.7,64.2,yes,yes,57.7,71.4,64.1,60.4,D
4493,5.7,51.2,yes,yes,64.9,69.0,61.3,65.7,D
4494,1.6,83.2,no,yes,48.0,38.5,63.6,47.9,E
4495,7.0,85.1,yes,no,89.3,100.0,66.6,83.0,C
4496,5.3,70.7,no,yes,92.0,95.1,55.6,74.4,C
4497,1.3,89.8,yes,no,40.6,43.6,59.2,48.7,E
4498,0.7,97.7,yes,no,51.0,36.8,42.2,40.5,E
4499,0.9,86.8,yes,no,68.6,58.7,63.3,51.4,E
4500,1.2,83.7,yes,no,51.6,36.6,28.4,37.9,F
4501,5.3,72.5,yes,no,62.1,68.6,89.2,68.8,D
4502,7.6,77.7,yes,yes,100.0,100.0,99.7,91.6,B
4503,1.5,64.4,yes,no,49.3,34.4,44.3,46.5,E
4504,2.6,62.2,yes,yes,30.8,37.0,42.7,42.7,E
4505,7.0,51.3,yes,yes,67.4,78.1,74.9,78.0,C
4506,4.3,74.0,yes,yes,46.8,61.5,51.9,60.1,D
4507,3.7,61.3,yes,no,47.4,60.6,43.3,46.2,E
4508,4.0,73.4,yes,no,61.6,68.7,61.0,58.8,D
4509,1.3,90.6,yes,yes,54.2,46.4,51.4,53.0,E
4510,2.1,68.4,yes,no,32.9,46.0,25.3,41.9,E
4511,7.7,66.1,yes,yes,79.1,83.9,98.9,89.8,B
4512,5.3,72.3,yes,yes,79.3,90.0,50.2,75.8,C
4513,2.6,74.8,yes,yes,58.4,47.6,32.6,51.3,E
4514,7.6,63.6,yes,no,82.7,72.4,87.1,82.2,C
4515,3.5,80.0,yes,yes,61.2,80.8,67.0,69.8,D
4516,1.6,51.4,yes,no,23.8,10.6,36.2,28.7,F
4517,7.7,74.3,no,no,91.4,79.4,82.6,84.8,C
4518,5.5,82.5,yes,no,74.9,56.8,97.2,82.5,C
4519,6.1,73.3,yes,yes,73.9,73.5,58.7,68.2,D
4520,0.7,98.9,yes,no,41.8,35.4,49.5,44.8,E
4521,2.6,57.8,yes,yes,39.4,54.4,55.4,41.3,E
4522,7.6,72.7,yes,no,96.2,96.3,89.3,85.1,B
4523,1.7,64.6,no,no,39.3,33.1,47.7,38.5,F
4524,7.1,95.2,yes,yes,87.5,100.0,98.5,95.0,A
4525,6.3,59.0,yes,yes,58.6,63.3,80.7,72.5,C
4526,3.3,76.1,yes,yes,45.9,54.1,53.7,65.1,D
4527,7.2,71.2,yes,no,96.9,90.5,98.6,95.7,A
4528,7.4,95.9,no,no,88.4,90.5,86.7,89.0,B
4529,7.0,77.9,no,no,100.0,100.0,91.4,94.6,B
4530,3.6,73.3,yes,no,63.3,74.9,39.6,59.1,D
4531,4.9,79.3,yes,yes,75.5,71.5,78.0,70.1,C
4532,2.8,85.6,yes,no,56.4,58.4,69.4,61.7,D
4533,1.5,51.6,no,yes,30.4,36.7,48.3,37.2,F
4534,7.3,62.3,no,yes,97.1,96.9,85.1,89.5,B
4535,7.9,61.8,no,yes,77.0,70.3,70.0,80.0,C
4536,0.9,70.8,yes,yes,17.9,19.9,36.0,26.6,F
4537,5.7,78.8,yes,yes,94.6,99.7,74.9,80.9,C
4538,7.6,95.8,yes,yes,97.3,91.9,95.0,100.0,A
4539,5.1,78.3,yes,yes,70.4,66.8,81.9,79.0,C
4540,0.9,59.1,yes,no,57.6,54.3,27.7,37.5,F
4541,0.6,76.3,yes,yes,28.6,39.0,28.0,34.9,F
4542,4.3,71.4,yes,yes,55.9,72.6,59.2,60.1,D
4543,7.5,82.3,yes,yes,100.0,77.0,100.0,92.4,B
4544,2.6,81.8,yes,no,68.3,63.0,41.0,48.2,E
4545,3.1,83.0,yes,no,52.7,16.2,48.2,51.4,E
4546,6.5,99.9,yes,yes,100.0,97.7,100.0,98.1,A
4547,6.5,51.4,no,no,65.4,83.8,67.5,66.6,D
4548,7.6,88.1,no,yes,81.3,100.0,93.3,90.1,B
4549,6.8,92.7,no,yes,73.4,92.5,90.1,83.8,C
4550,5.0,62.3,no,no,74.6,76.7,54.6,60.4,D
4551,7.5,87.9,yes,yes,91.6,84.7,99.6,85.8,B
4552,5.1,55.2,yes,yes,58.5,43.5,60.7,55.3,D
4553,5.0,77.1,yes,no,64.0,66.6,71.2,71.2,C
4554,0.6,66.1,yes,no,34.8,25.6,35.5,38.5,F
4555,3.9,61.4,yes,yes,69.6,62.8,55.7,65.1,D
4556,0.8,82.4,yes,no,25.5,20.9,35.5,35.4,F
4557,7.2,70.1,yes,no,71.4,92.5,84.4,83.6,C
4558,0.6,58.3,yes,yes,18.2,4.1,18.7,22.6,F
4559,2.8,80.3,no,no,55.3,50.3,64.4,54.3,E
4560,8.0,75.3,yes,yes,94.6,90.3,97.8,97.1,A
4561,6.5,52.1,yes,yes,95.8,76.1,85.8,79.6,C
4562,6.2,91.0,yes,no,98.0,79.1,80.5,81.5,C
4563,5.8,99.3,yes,yes,96.4,100.0,100.0,93.3,B
4564,0.9,67.1,yes,no,27.4,32.6,36.1,36.9,F
4565,2.7,99.4,yes,no,73.4,57.8,74.6,69.2,D
4566,6.5,99.8,yes,yes,82.5,91.1,70.1,86.7,B
4567,7.2,73.2,yes,yes,55.6,82.4,79.4,83.5,C
4568,3.1,96.0,yes,yes,71.5,52.1,52.5,53.6,E
4569,2.4,89.1,yes,yes,42.9,51.0,61.6,54.4,E
4570,2.3,91.7,yes,yes,72.8,48.9,51.0,52.6,E
4571,4.6,56.1,yes,no,68.1,69.4,63.5,68.2,D
4572,2.7,89.0,yes,yes,75.9,55.0,67.2,62.9,D
4573,0.7,61.8,yes,no,54.5,46.4,36.1,39.0,F
4574,3.4,87.4,yes,yes,76.9,91.3,80.3,67.6,D
4575,4.7,61.8,yes,yes,62.3,52.6,63.3,59.0,D
4576,5.3,89.2,yes,no,81.5,78.5,80.1,79.7,C
4577,3.1,94.7,yes,yes,68.6,71.4,58.7,66.3,D
4578,2.9,75.1,yes,no,45.1,66.4,45.8,58.1,D
4579,2.6,71.7,yes,no,46.7,58.9,49.3,53.4,E
4580,5.2,57.3,yes,no,38.3,47.9,63.0,57.4,D
4581,2.6,61.8,no,no,39.3,26.5,48.7,43.3,E
4582,7.4,99.6,yes,yes,75.2,74.9,94.3,89.7,B
4583,2.6,86.5,no,yes,57.7,59.0,49.4,51.5,E
4584,6.4,88.5,yes,yes,70.2,87.8,100.0,92.0,B
4585,2.9,90.7,yes,yes,54.1,49.7,52.6,56.8,D
4586,5.3,79.2,yes,no,67.3,61.1,54.4,65.0,D
4587,5.7,72.1,no,no,86.9,89.9,77.0,84.2,C
4588,1.8,67.4,yes,no,19.4,51.2,36.9,35.1,F
4589,3.3,51.4,yes,no,57.2,36.4,43.9,43.5,E
4590,1.5,90.5,yes,no,39.6,29.1,53.6,39.7,F
4591,4.3,93.2,yes,no,74.6,82.7,89.5,79.2,C
4592,7.3,67.1,no,yes,70.6,84.8,70.8,81.7,C
4593,5.0,75.8,yes,yes,64.0,60.1,59.5,65.3,D
4594,5.8,78.9,yes,no,68.4,91.1,84.0,84.1,C
4595,2.6,82.9,no,no,56.2,58.7,42.7,55.2,D
4596,4.0,82.5,yes,no,55.9,63.6,68.8,73.6,C
4597,6.1,59.8,yes,no,72.3,75.6,82.7,77.9,C
4598,1.5,84.3,yes,no,36.5,51.2,44.6,40.3,E
4599,1.4,87.6,yes,yes,33.6,50.8,45.5,41.2,E
4600,2.2,50.9,yes,no,31.8,39.8,38.0,37.8,F
4601,2.3,80.9,yes,no,45.9,77.1,65.6,51.8,E
4602,7.7,70.8,yes,no,89.3,92.8,76.0,89.4,B
4603,1.7,94.3,yes,no,62.0,55.3,61.5,52.0,E
4604,1.3,97.2,yes,no,73.1,56.2,63.7,59.1,D
4605,1.5,79.2,no,no,52.0,40.2,44.0,42.0,E
4606,2.0,70.0,yes,yes,55.8,47.0,42.1,42.0,E
4607,3.3,96.9,no,yes,81.6,64.8,71.6,70.8,C
4608,2.0,63.5,yes,no,48.3,56.1,29.4,49.0,E
4609,1.2,74.6,yes,yes,32.3,42.8,32.3,35.4,F
4610,1.5,67.7,yes,yes,64.6,32.6,53.9,46.7,E
4611,6.4,57.7,yes,no,81.6,66.2,66.9,81.2,C
4612,4.4,94.7,yes,yes,57.6,65.9,79.6,68.8,D
4613,6.1,62.5,yes,no,74.0,86.4,73.3,68.7,D
4614,1.8,89.8,yes,yes,71.0,72.9,71.2,54.3,E
4615,2.8,87.7,yes,yes,70.8,23.2,59.6,62.1,D
4616,7.9,83.3,yes,no,98.1,100.0,100.0,100.0,A
4617,1.1,55.4,yes,no,33.4,22.0,18.9,21.7,F
4618,3.8,70.0,yes,yes,51.8,52.7,49.2,62.2,D
4619,2.7,96.3,yes,no,73.2,67.4,71.0,69.0,D
4620,0.6,68.3,yes,no,26.5,22.4,35.5,29.2,F
4621,4.6,51.0,yes,yes,43.5,48.0,70.6,50.2,E
4622,4.6,86.3,yes,no,65.9,71.9,72.5,73.7,C
4623,2.9,84.4,yes,no,52.3,39.2,41.0,50.3,E
4624,4.0,79.0,yes,yes,57.9,55.6,55.4,57.9,D
4625,3.4,68.1,yes,no,55.8,42.9,41.6,45.6,E
4626,4.0,66.1,yes,no,43.7,60.6,71.1,53.7,E
4627,6.9,61.5,yes,no,100.0,84.1,75.7,82.4,C
4628,5.9,79.6,yes,no,76.2,81.5,83.3,73.6,C
4629,2.6,99.8,yes,no,65.5,66.4,64.8,61.7,D
4630,2.3,89.2,no,no,67.7,73.5,71.2,59.5,D
4631,5.9,82.7,yes,yes,64.3,76.5,75.9,79.5,C
4632,2.2,78.5,yes,no,77.0,65.6,44.6,56.4,D
4633,7.3,85.3,yes,yes,80.2,87.5,100.0,86.7,B
4634,6.7,75.1,yes,no,100.0,100.0,98.0,93.1,B
4635,2.4,92.4,yes,yes,55.5,54.1,66.9,50.4,E
4636,6.5,79.1,yes,yes,83.4,77.2,100.0,86.7,B
4637,1.9,62.4,no,no,48.7,40.4,35.6,41.0,E
4638,0.7,78.2,no,no,31.1,30.5,38.5,32.5,F
4639,7.7,62.3,yes,yes,84.7,72.5,88.2,80.7,C
4640,6.2,76.8,yes,yes,78.9,67.3,72.4,72.0,C
4641,4.2,90.2,yes,yes,75.9,54.6,84.3,75.5,C
4642,6.8,86.4,yes,no,85.4,76.4,94.7,82.2,C
4643,1.1,63.5,no,yes,31.2,43.7,29.9,36.8,F
4644,6.0,86.5,no,no,67.4,81.9,93.9,76.4,C
4645,7.7,56.2,yes,yes,94.3,80.0,87.3,85.1,B
4646,6.6,82.3,yes,yes,69.8,81.4,76.9,77.7,C
4647,3.7,65.7,yes,yes,68.5,66.0,50.4,53.3,E
4648,3.1,80.9,yes,yes,51.2,52.9,48.1,60.2,D
4649,7.2,93.1,yes,yes,100.0,85.4,100.0,100.0,A
4650,2.7,56.7,yes,yes,59.5,53.2,52.1,53.0,E
4651,7.5,84.8,yes,yes,100.0,100.0,88.8,100.0,A
4652,2.9,84.2,no,no,53.5,64.4,60.8,51.6,E
4653,1.4,87.8,yes,yes,61.1,38.3,29.6,40.2,E
4654,2.3,98.5,no,yes,36.8,60.4,48.8,53.0,E
4655,4.4,74.1,yes,yes,52.6,74.1,75.4,74.3,C
4656,1.5,56.8,yes,yes,29.2,64.2,22.8,44.4,E
4657,3.3,84.8,yes,no,54.5,75.5,77.2,70.0,C
4658,7.3,77.3,yes,yes,80.5,77.7,96.2,93.2,B
4659,1.2,90.6,yes,no,38.7,40.4,33.3,44.3,E
4660,5.1,89.6,yes,yes,77.9,84.0,100.0,83.2,C
4661,3.5,86.7,yes,no,65.7,60.3,63.3,70.0,C
4662,5.4,69.9,yes,no,54.9,69.5,46.2,67.1,D
4663,4.2,73.8,yes,yes,58.9,53.8,55.8,58.9,D
4664,7.1,95.8,yes,yes,100.0,100.0,93.9,100.0,A
4665,3.5,71.8,yes,no,53.9,48.7,61.9,58.8,D
4666,4.3,79.3,yes,yes,73.2,73.4,69.3,76.1,C
4667,1.5,84.2,yes,yes,58.1,60.5,47.9,48.4,E
4668,4.2,55.8,no,no,73.9,66.8,73.2,65.8,D
4669,1.4,88.5,yes,no,42.2,49.3,45.6,47.0,E
4670,4.9,50.7,no,yes,77.7,56.3,57.4,65.8,D
4671,3.7,99.1,yes,no,66.1,66.2,71.0,69.3,D
4672,6.4,78.4,yes,yes,96.9,85.5,86.5,90.8,B
4673,3.6,58.4,yes,no,37.2,47.7,55.0,49.1,E
4674,5.2,89.2,yes,yes,69.9,100.0,67.7,77.8,C
4675,0.9,92.2,yes,yes,25.3,44.7,34.1,37.7,F
4676,5.8,60.2,yes,no,76.1,79.6,80.4,76.6,C
4677,7.7,52.1,yes,no,73.7,74.7,82.8,78.8,C
4678,3.9,76.2,yes,no,44.0,46.5,61.3,51.9,E
4679,0.6,82.0,yes,no,34.3,33.1,25.2,31.8,F
4680,5.0,58.4,yes,yes,80.7,77.3,58.5,71.5,C
4681,1.6,78.1,yes,yes,41.0,43.8,59.7,42.7,E
4682,4.0,76.3,yes,no,57.2,48.4,45.6,55.1,D
4683,0.7,93.2,yes,yes,44.3,46.6,39.8,45.1,E
4684,3.8,90.8,yes,yes,65.8,82.8,80.4,75.5,C
4685,7.1,56.6,no,no,79.5,96.5,85.8,84.1,C
4686,1.5,85.4,no,no,62.8,60.0,51.1,49.0,E
4687,4.2,75.1,no,yes,62.1,62.0,56.8,66.0,D
4688,2.4,73.3,yes,yes,68.4,22.3,41.9,48.7,E
4689,2.5,58.1,yes,yes,36.7,29.6,43.8,41.7,E
4690,5.3,87.4,no,yes,65.7,60.5,80.3,72.9,C
4691,6.1,93.4,yes,yes,100.0,88.9,78.8,87.0,B
4692,7.0,60.3,yes,no,85.7,61.7,69.7,72.0,C
4693,2.6,51.5,yes,yes,26.0,24.7,30.3,31.9,F
4694,1.0,80.5,yes,yes,40.5,38.4,38.3,42.1,E
4695,3.8,99.1,yes,yes,45.1,98.4,55.1,66.8,D
4696,4.9,83.9,no,yes,85.4,94.3,82.9,78.7,C
4697,6.0,62.6,yes,yes,72.8,74.7,68.7,78.5,C
4698,6.2,93.6,yes,yes,93.1,100.0,100.0,94.3,B
4699,7.0,76.9,yes,yes,74.5,87.7,78.7,86.5,B
4700,0.7,75.5,yes,yes,54.6,35.5,60.9,42.8,E
4701,7.9,52.9,no,yes,80.3,92.0,92.1,87.6,B
4702,7.8,53.0,yes,no,95.8,82.6,78.1,92.1,B
4703,0.8,79.0,yes,no,35.9,17.7,36.6,37.3,F
4704,2.8,90.3,yes,no,76.9,41.2,60.6,62.0,D
4705,6.2,87.7,yes,yes,87.8,90.9,77.7,79.7,C
4706,4.1,97.0,no,yes,78.7,76.2,93.7,77.7,C
4707,0.5,75.1,yes,yes,36.5,27.8,55.8,38.7,F
4708,3.2,81.0,yes,yes,49.8,64.5,57.4,60.8,D
4709,4.8,81.4,yes,yes,47.0,49.0,79.1,63.9,D
4710,7.1,69.0,yes,no,70.3,72.8,78.1,83.7,C
4711,6.7,50.1,yes,yes,86.2,87.7,72.2,83.3,C
4712,7.6,91.9,no,yes,100.0,100.0,100.0,100.0,A
4713,4.0,53.4,yes,yes,73.8,49.0,57.3,62.4,D
4714,6.5,98.0,yes,no,99.6,88.9,100.0,100.0,A
4715,1.3,92.2,no,yes,51.5,49.1,55.1,51.0,E
4716,4.4,55.2,yes,yes,55.4,66.5,54.6,60.2,D
4717,7.4,56.1,yes,no,85.3,92.3,94.3,89.2,B
4718,6.8,86.9,yes,no,94.9,83.7,100.0,88.3,B
4719,5.4,77.2,yes,yes,63.2,68.9,68.5,70.5,C
4720,1.6,82.4,yes,no,55.3,55.4,57.0,53.2,E
4721,1.9,64.5,yes,no,34.2,50.3,26.7,32.9,F
4722,5.6,94.2,yes,no,80.0,89.2,87.7,80.4,C
4723,2.9,77.1,yes,yes,60.4,52.9,50.1,61.2,D
4724,3.0,78.3,yes,yes,72.5,46.2,64.5,61.4,D
4725,6.9,99.5,yes,no,98.2,99.3,85.4,92.9,B
4726,0.7,88.6,yes,yes,42.9,26.7,35.9,39.5,F
4727,3.4,84.4,yes,yes,65.7,62.8,40.3,58.7,D
4728,2.3,93.3,yes,no,56.5,68.3,50.6,60.9,D
4729,0.7,99.5,yes,yes,52.2,51.7,26.3,41.3,E
4730,2.1,90.6,no,yes,63.8,42.0,47.6,53.0,E
4731,1.9,90.3,yes,no,42.0,54.9,49.9,46.8,E
4732,4.3,59.6,yes,yes,65.5,75.5,55.6,64.6,D
4733,3.8,93.7,yes,yes,75.1,74.9,65.6,77.4,C
4734,4.0,94.1,yes,yes,68.2,52.4,54.7,61.4,D
4735,7.1,79.9,yes,no,91.6,87.6,90.4,87.7,B
4736,4.2,82.5,no,yes,59.2,70.3,55.8,69.4,D
4737,5.3,81.2,yes,yes,70.3,80.9,67.9,71.5,C
4738,5.4,77.2,yes,yes,82.4,69.2,82.5,68.6,D
4739,4.4,59.2,yes,no,47.4,53.4,46.7,50.4,E
4740,2.8,82.9,yes,yes,65.0,62.0,63.2,55.3,D
4741,7.3,69.0,yes,yes,98.7,80.8,71.4,82.6,C
4742,3.8,76.8,yes,yes,51.5,52.7,66.7,51.6,E
4743,4.8,95.1,no,no,90.5,68.4,54.9,77.3,C
4744,4.7,55.5,no,yes,51.9,62.8,38.3,62.7,D
4745,6.7,97.8,yes,yes,100.0,97.9,100.0,100.0,A
4746,4.5,78.4,yes,no,70.8,65.2,63.8,66.5,D
4747,3.9,97.5,no,yes,62.3,56.3,67.8,67.4,D
4748,4.0,60.0,yes,no,45.1,48.9,42.1,49.2,E
4749,6.3,52.7,yes,no,81.6,69.3,82.4,76.1,C
4750,3.0,81.1,yes,no,48.3,45.6,31.8,46.6,E
4751,7.5,76.3,yes,no,100.0,99.9,100.0,99.1,A
4752,6.8,86.7,yes,no,100.0,100.0,100.0,83.9,C
4753,1.5,80.1,yes,yes,34.8,30.7,17.0,36.5,F
4754,2.9,75.7,no,no,41.8,47.1,61.1,54.7,E
4755,7.3,95.1,yes,yes,91.0,96.7,100.0,98.6,A
4756,2.6,66.2,yes,yes,49.1,40.3,53.3,49.8,E
4757,2.9,63.6,yes,no,29.0,22.0,38.5,43.3,E
4758,2.1,90.2,no,no,61.7,56.0,50.2,59.3,D
4759,0.9,67.6,yes,no,40.2,24.4,28.9,25.6,F
4760,4.1,78.2,yes,yes,90.3,75.2,79.8,73.8,C
4761,6.2,80.7,yes,yes,81.7,78.8,71.0,81.4,C
4762,5.4,64.7,yes,yes,69.6,56.3,72.3,63.9,D
4763,0.7,67.8,yes,yes,44.4,37.9,36.6,34.8,F
4764,4.4,52.0,yes,yes,81.7,49.4,31.2,53.9,E
4765,3.0,64.0,yes,no,42.3,35.9,46.5,41.5,E
4766,5.3,66.3,yes,yes,54.8,69.6,43.6,63.6,D
4767,3.5,50.8,yes,yes,49.2,51.1,47.3,52.4,E
4768,7.9,91.2,yes,yes,92.2,100.0,100.0,100.0,A
4769,6.7,94.3,yes,yes,94.6,80.3,93.6,90.8,B
4770,5.8,58.9,yes,no,78.4,88.3,63.1,70.8,C
4771,4.4,80.3,yes,yes,66.7,71.0,72.9,66.2,D
4772,4.9,72.1,yes,yes,53.8,50.8,56.6,61.4,D
4773,3.8,56.4,yes,yes,45.5,49.3,61.8,51.6,E
4774,6.5,51.2,yes,yes,80.5,65.2,64.0,71.1,C
4775,7.3,83.2,yes,yes,91.4,100.0,91.7,96.5,A
4776,8.0,54.0,no,yes,100.0,70.9,80.0,76.9,C
4777,5.0,94.6,yes,no,63.2,64.3,86.7,72.9,C
4778,5.6,89.5,yes,yes,71.8,86.8,83.0,82.0,C
4779,3.5,86.2,no,yes,47.5,54.9,61.1,56.8,D
4780,0.6,92.1,yes,no,52.9,18.6,40.3,40.5,E
4781,5.8,55.3,yes,yes,65.6,79.8,82.0,68.4,D
4782,7.5,81.3,yes,yes,82.0,83.9,68.2,85.7,B
4783,6.9,60.3,yes,no,93.9,73.9,60.4,75.6,C
4784,7.1,76.0,yes,yes,63.2,98.8,79.5,89.0,B
4785,3.5,67.9,yes,no,63.6,66.0,69.7,60.6,D
4786,5.9,56.1,yes,no,66.5,91.2,73.5,69.1,D
4787,5.3,86.7,yes,yes,92.4,60.7,78.2,67.3,D
4788,4.6,65.1,yes,yes,61.4,74.2,69.9,66.3,D
4789,1.6,56.1,no,no,24.8,26.0,43.1,32.5,F
4790,4.8,94.0,yes,yes,82.0,79.1,79.9,75.1,C
4791,2.7,56.7,yes,yes,55.8,63.3,58.6,52.5,E
4792,5.8,60.3,no,no,74.8,64.0,51.9,68.9,D
4793,7.6,51.2,yes,yes,85.6,100.0,100.0,89.6,B
4794,6.0,75.9,no,yes,67.8,79.9,75.0,73.8,C
4795,2.4,91.3,no,no,50.3,56.2,72.5,59.6,D
4796,4.0,92.6,yes,no,70.4,39.6,80.3,67.7,D
4797,4.7,87.2,yes,yes,83.1,82.0,83.2,81.3,C
4798,5.9,73.6,yes,no,85.1,96.5,75.4,81.4,C
4799,1.6,94.5,yes,no,70.2,49.5,56.7,45.7,E
4800,4.4,88.4,yes,no,85.2,76.5,60.6,69.7,D
4801,7.0,94.5,yes,yes,99.6,98.6,100.0,100.0,A
4802,0.7,62.0,yes,yes,29.2,33.0,13.2,33.7,F
4803,6.0,80.1,yes,yes,99.8,87.0,90.8,87.3,B
4804,7.1,51.1,yes,no,81.2,69.5,82.2,73.6,C
4805,6.5,76.1,yes,no,90.9,87.0,94.5,87.7,B
4806,7.5,93.8,yes,yes,97.2,89.4,86.4,90.3,B
4807,6.4,86.9,yes,no,83.2,98.4,86.4,93.0,B
4808,4.4,88.8,yes,yes,80.0,70.8,78.9,71.6,C
4809,4.1,65.9,no,yes,44.9,60.4,62.7,50.3,E
4810,0.7,69.9,yes,no,27.7,50.4,9.6,28.9,F
4811,0.6,99.3,yes,yes,52.0,40.5,42.1,44.5,E
4812,5.3,63.4,no,yes,77.4,85.3,68.5,68.1,D
4813,2.6,54.3,yes,no,26.5,54.0,39.3,47.4,E
4814,2.8,69.5,no,no,67.4,46.0,62.5,51.3,E
4815,6.6,88.4,yes,no,100.0,100.0,96.6,93.9,B
4816,1.3,76.2,yes,no,39.1,53.6,47.6,47.1,E
4817,2.6,52.2,yes,yes,39.9,51.4,40.0,43.8,E
4818,5.6,83.2,yes,yes,74.8,49.4,75.8,72.4,C
4819,0.7,86.8,no,no,39.9,50.1,40.0,43.4,E
4820,4.4,80.1,no,no,53.2,65.5,57.2,66.0,D
4821,1.1,58.6,yes,yes,15.2,28.0,18.4,23.8,F
4822,6.2,59.6,no,yes,79.9,79.2,64.7,73.0,C
4823,5.3,70.4,yes,no,66.4,81.1,75.8,76.8,C
4824,5.1,67.9,yes,yes,66.3,71.5,75.3,66.7,D
4825,2.2,55.1,yes,yes,41.7,45.0,21.9,37.0,F
4826,5.9,93.0,yes,no,81.2,75.7,79.7,78.3,C
4827,2.8,96.2,yes,yes,58.7,79.6,84.7,62.0,D
4828,4.8,57.2,yes,no,50.5,62.7,61.1,56.4,D
4829,1.2,78.1,yes,no,32.4,35.9,45.3,43.2,E
4830,1.2,71.5,yes,yes,32.0,31.9,44.4,28.3,F
4831,2.0,70.5,no,yes,32.7,31.1,19.7,41.4,E
4832,2.1,79.0,yes,yes,74.4,61.7,70.1,53.6,E
4833,1.4,72.7,yes,yes,28.6,20.7,22.6,30.9,F
4834,1.4,72.6,yes,yes,34.9,30.6,35.6,32.2,F
4835,7.1,57.2,no,no,82.6,86.1,75.7,89.1,B
4836,4.7,85.5,yes,yes,68.6,70.3,47.3,62.0,D
4837,5.2,79.0,yes,no,59.4,70.8,75.4,78.4,C
4838,2.7,52.8,yes,no,44.2,44.3,41.0,39.9,F
4839,0.9,68.8,no,yes,28.2,17.1,32.8,30.5,F
4840,7.8,60.9,yes,no,100.0,100.0,100.0,91.0,B
4841,0.9,69.5,yes,no,41.5,41.6,22.0,41.9,E
4842,6.7,55.9,no,yes,66.8,70.8,72.0,74.7,C
4843,5.5,80.5,yes,no,75.8,68.3,49.7,66.2,D
4844,3.6,79.1,no,no,70.0,71.0,68.2,68.1,D
4845,6.1,79.6,yes,yes,74.5,83.8,100.0,88.6,B
4846,6.2,68.3,no,yes,95.7,94.8,92.0,78.8,C
4847,7.1,86.1,no,yes,73.6,96.7,75.1,86.1,B
4848,4.6,92.1,yes,yes,79.0,66.8,84.3,83.0,C
4849,2.1,70.8,no,yes,47.1,44.7,38.0,43.8,E
4850,4.8,71.7,yes,no,76.4,72.8,91.5,75.3,C
4851,1.2,94.9,yes,no,51.2,15.2,49.1,42.4,E
4852,3.3,80.3,yes,yes,53.6,68.3,54.5,66.8,D
4853,5.1,75.5,yes,no,74.2,68.3,79.2,76.0,C
4854,2.4,86.9,yes,yes,44.6,51.5,55.2,52.8,E
4855,7.0,65.5,no,no,79.6,76.9,76.2,73.1,C
4856,7.8,51.6,yes,yes,90.2,88.1,82.1,80.7,C
4857,1.1,85.1,yes,yes,46.9,53.3,60.9,50.1,E
4858,2.0,82.3,yes,yes,51.2,30.2,59.5,52.4,E
4859,4.0,71.4,yes,no,51.5,56.4,58.6,56.5,D
4860,0.8,52.3,yes,yes,18.7,11.7,25.6,29.3,F
4861,1.2,97.0,no,yes,63.3,46.4,56.5,57.1,D
4862,7.3,86.5,no,no,81.3,100.0,86.7,90.9,B
4863,0.8,69.3,yes,yes,28.5,30.0,20.6,28.6,F
4864,2.4,60.1,yes,no,56.4,32.6,38.3,50.2,E
4865,3.7,77.8,yes,yes,46.6,59.8,65.6,61.5,D
4866,0.7,51.1,yes,yes,29.1,49.3,40.9,27.5,F
4867,6.6,72.9,yes,yes,79.9,85.2,94.6,90.5,B
4868,6.7,99.4,yes,no,95.2,71.3,81.2,91.4,B
4869,3.5,87.0,no,no,68.1,66.6,58.2,67.4,D
4870,2.0,99.2,yes,yes,55.9,85.1,70.5,63.0,D
4871,7.2,69.8,no,yes,90.4,82.9,81.1,87.5,B
4872,5.6,54.4,yes,yes,73.9,84.3,67.7,68.7,D
4873,4.4,98.3,no,yes,62.3,74.2,71.2,74.4,C
4874,3.4,93.3,yes,no,57.5,80.6,42.3,56.3,D
4875,4.5,78.1,yes,no,56.0,61.3,68.0,62.9,D
4876,2.4,61.5,yes,yes,48.8,39.3,36.2,41.5,E
4877,3.9,86.9,yes,no,38.3,67.2,46.1,61.0,D
4878,5.6,51.0,yes,no,65.0,54.4,61.9,60.7,D
4879,3.6,95.7,yes,yes,61.5,70.6,74.6,74.5,C
4880,5.6,84.9,yes,yes,76.0,79.2,97.1,80.6,C
4881,6.0,58.8,no,no,94.1,97.5,79.7,80.4,C
4882,6.2,58.2,no,no,57.0,53.2,50.8,71.9,C
4883,4.8,52.9,no,yes,64.4,50.3,75.5,62.2,D
4884,1.9,88.5,yes,yes,41.6,68.1,58.0,52.0,E
4885,5.8,56.4,yes,no,91.2,78.5,70.5,77.8,C
4886,6.6,76.0,no,yes,79.3,64.8,99.2,75.6,C
4887,1.2,67.9,yes,yes,59.4,38.3,28.6,33.0,F
4888,7.2,77.5,yes,no,95.1,92.8,100.0,93.6,B
4889,7.6,84.7,yes,yes,100.0,94.1,100.0,100.0,A
4890,5.5,60.5,yes,yes,59.1,51.0,75.3,60.4,D
4891,1.3,60.0,yes,yes,54.4,31.7,28.4,35.5,F
4892,5.4,66.9,yes,yes,65.9,42.6,62.8,64.9,D
4893,3.2,96.8,no,no,84.6,65.7,67.5,71.3,C
4894,2.8,72.2,yes,yes,38.8,66.7,44.2,56.5,D
4895,0.8,62.8,yes,no,33.5,39.1,22.2,32.6,F
4896,5.9,76.0,yes,yes,75.6,75.7,61.8,80.1,C
4897,4.8,59.0,yes,no,78.0,56.7,78.4,70.5,C
4898,3.9,88.3,yes,yes,68.9,51.1,65.8,56.6,D
4899,3.4,66.0,yes,yes,75.3,32.7,67.4,56.2,D
4900,3.6,99.1,yes,no,48.2,63.9,54.2,59.9,D
4901,3.9,81.5,yes,yes,84.7,77.8,58.3,72.8,C
4902,4.1,80.6,yes,yes,59.2,69.7,51.3,62.2,D
4903,1.2,64.5,yes,yes,43.7,40.7,34.5,30.6,F
4904,3.4,58.9,yes,yes,41.4,48.6,35.8,40.9,E
4905,1.0,53.9,yes,no,35.6,20.2,7.3,19.8,F
4906,6.3,92.8,yes,no,90.4,91.6,100.0,96.9,A
4907,4.4,99.0,yes,no,90.1,74.5,72.5,80.4,C
4908,6.5,60.8,yes,no,72.9,84.1,99.8,85.1,B
4909,3.7,99.7,yes,yes,54.7,74.5,60.9,67.3,D
4910,1.6,80.8,no,yes,29.4,31.4,35.9,41.2,E
4911,2.7,89.3,no,no,60.4,64.3,60.9,62.0,D
4912,2.3,99.4,yes,yes,59.8,51.4,60.9,61.9,D
4913,3.8,98.8,yes,yes,83.8,83.2,84.4,79.0,C
4914,6.4,78.4,yes,yes,79.8,69.5,79.9,76.8,C
4915,1.4,76.4,yes,no,41.5,61.8,53.4,43.1,E
4916,3.5,83.8,yes,yes,66.8,59.8,50.4,63.3,D
4917,1.2,61.0,yes,no,35.7,40.1,28.4,38.2,F
4918,3.4,69.4,yes,yes,70.4,51.2,73.4,64.3,D
4919,4.9,91.4,yes,yes,74.8,89.0,74.1,84.1,C
4920,1.0,55.5,yes,yes,40.2,45.1,33.6,35.1,F
4921,1.0,73.0,yes,no,18.6,26.2,22.1,34.9,F
4922,6.0,65.8,yes,no,87.7,70.7,80.5,71.8,C
4923,3.6,79.1,no,no,53.4,54.2,48.9,64.0,D
4924,3.1,59.5,yes,yes,34.6,43.8,41.9,46.0,E
4925,5.6,96.4,yes,yes,100.0,97.2,77.9,88.3,B
4926,1.1,89.6,yes,yes,48.0,73.4,56.6,53.3,E
4927,6.9,54.1,yes,no,92.6,86.3,82.7,79.0,C
4928,6.3,66.3,yes,yes,80.7,67.5,93.4,80.1,C
4929,3.4,52.2,yes,no,35.5,50.6,54.4,51.7,E
4930,4.0,56.2,yes,no,54.4,64.1,49.1,56.7,D
4931,3.5,71.2,yes,yes,33.4,25.9,57.7,56.7,D
4932,6.4,66.5,no,no,88.5,87.0,89.3,83.9,C
4933,0.7,76.0,yes,yes,36.5,29.5,36.2,27.8,F
4934,5.5,64.5,yes,no,79.8,95.3,73.8,74.0,C
4935,2.8,66.6,no,yes,35.4,42.7,52.1,42.7,E
4936,6.3,97.9,yes,no,97.4,100.0,94.7,95.5,A
4937,7.9,93.7,no,no,86.5,97.5,89.1,100.0,A
4938,2.6,50.7,yes,no,44.5,45.9,29.6,39.3,F
4939,3.8,80.1,yes,no,67.0,64.3,59.0,60.9,D
4940,4.6,57.1,yes,no,47.8,71.1,51.9,54.1,E
4941,4.6,89.5,no,no,61.8,83.5,69.1,69.5,D
4942,1.7,91.8,yes,yes,33.3,39.0,59.3,43.5,E
4943,4.9,83.0,yes,yes,84.5,53.7,70.2,69.1,D
4944,5.9,83.7,yes,no,72.5,88.7,88.3,79.9,C
4945,7.6,92.6,yes,yes,100.0,100.0,96.8,92.3,B
4946,5.9,55.1,yes,no,57.8,44.1,66.2,59.4,D
4947,5.0,85.4,yes,no,66.2,98.1,70.7,80.5,C
4948,2.2,56.0,yes,yes,39.0,37.7,49.7,46.0,E
4949,1.2,52.1,yes,yes,36.6,52.4,53.2,38.6,F
4950,5.3,81.9,yes,yes,62.1,68.0,62.1,68.4,D
4951,5.2,63.6,yes,yes,66.7,72.4,53.9,59.7,D
4952,6.8,52.3,yes,no,64.9,74.0,65.1,69.8,D
4953,3.8,53.2,yes,yes,43.9,54.0,51.4,43.1,E
4954,1.8,99.0,yes,yes,53.8,53.6,49.0,56.9,D
4955,2.2,61.2,yes,yes,42.2,32.0,40.9,45.5,E
4956,4.1,70.4,no,yes,50.5,67.2,50.5,56.3,D
4957,2.8,63.3,yes,yes,48.3,63.1,42.6,51.9,E
4958,1.9,96.8,yes,yes,62.4,45.7,35.8,49.6,E
4959,1.3,53.7,yes,no,35.9,41.6,36.5,37.3,F
4960,3.6,77.2,yes,no,60.7,50.3,64.8,55.8,D
4961,3.0,73.9,yes,yes,58.8,38.2,37.3,52.3,E
4962,7.7,84.6,yes,no,89.8,100.0,100.0,100.0,A
4963,6.9,94.9,yes,yes,86.9,100.0,100.0,98.4,A
4964,1.9,50.0,yes,no,13.2,24.4,22.7,28.2,F
4965,6.2,50.8,no,yes,59.3,80.6,71.2,67.5,D
4966,4.1,68.9,yes,yes,62.4,48.1,59.7,56.1,D
4967,7.4,70.1,no,yes,68.0,98.3,76.8,86.0,B
4968,5.1,94.5,yes,no,77.2,62.2,74.1,73.3,C
4969,2.0,63.9,no,no,23.3,37.2,18.2,32.4,F
4970,2.0,92.4,yes,no,66.9,62.8,61.1,61.6,D
4971,7.8,54.5,yes,no,87.2,100.0,100.0,93.2,B
4972,7.4,53.9,yes,yes,82.2,81.8,100.0,77.6,C
4973,4.1,87.3,yes,no,74.3,72.4,53.3,68.0,D
4974,4.7,88.1,no,no,67.2,75.2,62.8,75.3,C
4975,4.6,54.7,no,yes,49.0,58.7,62.5,53.1,E
4976,6.2,99.7,yes,yes,89.7,83.5,95.4,95.9,A
4977,4.1,54.0,yes,no,47.3,25.8,56.4,49.3,E
4978,1.4,94.2,yes,no,43.6,65.2,48.5,45.3,E
4979,2.9,59.7,yes,yes,44.5,23.1,32.8,39.7,F
4980,4.8,51.1,yes,no,74.4,69.9,66.2,51.9,E
4981,3.1,92.7,no,no,76.3,56.6,47.9,63.7,D
4982,6.6,59.2,no,no,71.5,100.0,83.0,85.9,B
4983,7.6,76.5,no,yes,71.7,97.1,81.1,82.9,C
4984,2.3,91.3,yes,yes,52.5,46.6,38.1,47.7,E
4985,7.2,57.7,yes,yes,70.6,78.4,75.2,79.4,C
4986,5.9,87.1,yes,no,76.4,76.7,85.6,83.4,C
4987,4.9,76.6,yes,yes,55.2,67.2,68.9,66.7,D
4988,1.5,62.8,no,yes,27.3,32.6,37.2,29.2,F
4989,3.6,52.1,yes,no,43.6,78.7,76.9,57.2,D
4990,8.0,63.1,yes,no,100.0,73.5,93.1,91.6,B
4991,5.4,71.2,yes,yes,87.2,78.2,77.9,79.6,C
4992,4.9,68.4,yes,yes,52.6,76.4,67.4,68.9,D
4993,0.8,85.8,yes,yes,45.4,26.4,25.7,39.3,F
4994,2.9,70.5,yes,yes,56.2,62.7,57.4,50.9,E
4995,4.2,69.0,yes,yes,67.0,75.8,57.7,63.0,D
4996,5.3,90.6,yes,yes,71.6,78.9,85.5,70.3,C
4997,6.9,73.2,yes,no,80.2,75.9,72.6,80.0,C
4998,3.9,99.3,yes,yes,82.2,87.3,80.1,78.4,C
4999,2.6,78.7,yes,yes,51.3,60.9,73.8,62.3,D
5000,2.6,96.9,yes,yes,55.1,56.7,62.0,60.4,D
5001,1.5,94.1,yes,no,67.1,60.8,56.9,52.6,E
5002,1.6,70.7,yes,no,46.8,41.7,53.9,46.5,E
5003,2.8,80.6,yes,yes,66.0,72.7,57.0,63.3,D
5004,6.2,57.0,yes,no,79.0,71.9,82.3,62.6,D
5005,3.6,76.4,yes,no,71.1,74.5,46.0,63.3,D
5006,6.9,71.2,no,no,100.0,77.4,83.4,84.7,C
5007,7.6,74.2,yes,yes,81.5,89.8,82.3,83.7,C
5008,1.1,59.2,yes,yes,37.6,38.2,51.3,40.9,E
5009,5.8,93.3,yes,yes,85.2,100.0,84.7,87.2,B
5010,1.1,54.0,no,no,32.4,15.0,14.5,28.0,F
5011,1.0,89.1,yes,yes,43.7,35.8,34.7,34.2,F
5012,2.6,97.2,yes,yes,65.3,59.7,64.9,60.4,D
5013,1.3,55.3,yes,no,47.3,40.0,32.6,39.5,F
5014,5.5,71.7,yes,no,70.8,67.2,71.2,79.8,C
5015,5.9,79.2,no,no,86.7,81.0,87.4,88.4,B
5016,5.3,99.6,yes,no,86.0,62.4,63.5,76.1,C
5017,4.8,93.3,yes,yes,80.7,67.9,85.9,82.0,C
5018,6.4,70.7,no,yes,72.1,81.9,82.5,85.2,B
5019,6.3,98.4,yes,yes,100.0,100.0,90.1,95.3,A
5020,7.0,66.6,yes,yes,71.3,89.1,91.3,80.2,C
5021,5.7,67.0,yes,no,72.0,67.0,81.1,73.4,C
5022,3.2,75.3,yes,no,60.9,59.0,48.9,60.4,D
5023,4.4,89.0,no,no,44.3,50.7,59.3,62.2,D
5024,4.2,59.6,yes,yes,49.4,33.1,57.2,59.6,D
5025,1.3,87.1,no,no,44.1,49.4,58.6,48.8,E
5026,6.6,50.1,yes,yes,82.1,70.7,72.9,72.8,C
5027,7.3,63.1,yes,yes,93.9,89.7,92.9,91.5,B
5028,7.9,98.7,yes,no,100.0,95.7,99.6,100.0,A
5029,2.4,82.8,yes,yes,79.7,55.5,66.0,60.4,D
5030,1.2,73.1,yes,yes,42.6,50.1,28.9,45.0,E
5031,1.3,86.6,yes,yes,50.5,37.7,60.8,48.6,E
5032,6.5,71.8,yes,no,80.7,90.9,91.8,90.0,B
5033,5.2,55.3,yes,no,52.5,43.0,47.8,60.2,D
5034,6.2,74.9,yes,no,80.2,100.0,74.7,89.1,B
5035,7.3,97.8,yes,yes,75.3,100.0,93.9,92.9,B
5036,2.2,63.6,no,yes,26.2,30.4,34.5,36.9,F
5037,3.2,52.6,yes,no,68.9,50.7,51.2,54.1,E
5038,6.4,87.1,yes,yes,99.1,100.0,94.6,93.3,B
5039,2.4,72.7,yes,yes,23.2,52.6,51.0,43.2,E
5040,4.3,66.7,yes,no,53.7,53.0,51.2,58.4,D
5041,3.8,74.4,yes,yes,60.6,47.5,32.2,53.0,E
5042,5.0,96.5,yes,yes,65.6,66.5,72.9,72.5,C
5043,7.9,62.5,yes,yes,88.6,92.8,85.8,85.4,B
5044,1.3,60.0,yes,no,3.8,24.9,29.1,27.6,F
5045,4.1,76.7,no,yes,39.4,61.8,50.4,56.4,D
5046,7.7,73.2,yes,no,81.1,91.5,88.4,87.6,B
5047,3.1,57.5,yes,no,54.6,49.7,67.0,53.8,E
5048,6.1,79.0,yes,yes,91.0,74.8,82.9,87.9,B
5049,7.5,78.7,yes,no,68.0,97.6,81.9,87.1,B
5050,2.3,80.3,yes,yes,58.2,60.5,60.1,59.0,D
5051,1.1,70.7,yes,yes,36.4,29.2,37.5,27.2,F
5052,1.1,64.5,yes,no,17.6,30.4,22.4,30.6,F
5053,1.0,66.4,yes,no,35.8,23.9,38.5,36.3,F
5054,3.1,91.7,no,no,70.6,65.4,58.0,69.4,D
5055,1.4,81.3,yes,yes,58.6,54.2,63.4,51.5,E
5056,3.5,69.9,yes,no,64.6,56.2,50.2,61.5,D
5057,6.2,80.7,yes,no,79.9,84.1,71.0,80.4,C
5058,2.7,67.5,yes,yes,52.8,55.2,49.3,56.5,D
5059,4.1,93.1,yes,yes,60.0,46.7,59.0,60.5,D
5060,1.5,86.4,no,no,55.2,19.0,22.4,37.4,F
5061,5.7,55.0,yes,yes,59.5,75.4,83.8,71.3,C
5062,2.9,52.8,yes,no,27.4,30.2,37.0,38.2,F
5063,1.5,51.7,yes,yes,44.7,39.7,38.3,42.6,E
5064,7.7,51.4,yes,no,69.3,74.4,83.9,82.7,C
5065,6.3,74.8,no,yes,58.7,83.6,79.4,73.2,C
5066,5.4,59.0,yes,yes,100.0,62.3,68.4,75.9,C
5067,5.9,83.7,no,no,78.2,86.0,89.2,76.9,C
5068,3.7,74.1,yes,yes,59.8,40.8,53.8,54.9,E
5069,2.7,54.7,yes,yes,34.8,41.8,26.4,36.1,F
5070,4.2,50.3,no,no,70.5,60.1,46.0,61.7,D
5071,6.7,51.8,yes,yes,82.3,80.5,73.4,79.6,C
5072,7.7,76.7,yes,yes,88.1,100.0,81.6,98.1,A
5073,5.0,79.3,yes,yes,73.8,68.1,55.6,69.8,D
5074,3.3,67.7,yes,yes,49.4,62.8,46.4,56.0,D
5075,5.9,53.9,yes,yes,69.1,68.4,86.9,72.6,C
5076,5.7,96.7,no,yes,87.7,81.9,100.0,94.0,B
5077,2.4,70.3,yes,no,32.4,43.7,49.2,48.4,E
5078,3.8,71.5,yes,no,61.2,50.1,47.8,54.4,E
5079,1.5,69.1,yes,no,17.6,34.3,40.2,32.0,F
5080,3.5,53.0,yes,no,44.4,32.6,47.0,44.1,E
5081,6.2,85.5,yes,yes,50.7,83.6,77.7,74.3,C
5082,2.9,83.2,yes,no,59.3,62.6,51.8,49.4,E
5083,5.2,58.2,yes,yes,66.0,62.2,75.1,65.1,D
5084,3.0,63.4,yes,yes,37.0,45.1,34.2,39.5,F
5085,1.6,77.3,yes,yes,35.1,56.6,37.0,35.6,F
5086,6.1,68.8,yes,yes,70.3,69.0,71.8,67.3,D
5087,4.9,99.9,yes,no,85.1,67.1,70.4,79.7,C
5088,6.7,74.8,yes,no,82.0,70.7,88.6,74.0,C
5089,5.6,94.1,yes,yes,93.9,76.1,74.7,82.6,C
5090,6.6,60.2,no,no,98.2,81.4,76.9,79.1,C
5091,1.7,77.8,no,yes,41.2,51.2,40.5,39.2,F
5092,5.1,66.1,yes,no,68.4,57.9,74.3,75.7,C
5093,3.3,96.7,yes,yes,75.4,88.1,63.5,74.7,C
5094,6.1,77.6,yes,yes,65.5,90.8,92.1,88.3,B
5095,4.9,82.7,yes,no,67.6,87.4,68.4,80.4,C
5096,0.9,53.8,no,no,22.5,24.6,26.6,20.3,F
5097,4.5,74.4,yes,no,56.8,56.0,80.2,62.3,D
5098,6.1,79.0,yes,yes,81.2,80.4,81.4,75.6,C
5099,2.5,64.5,no,no,37.9,49.9,35.6,39.7,F
5100,5.4,86.8,yes,yes,80.7,91.9,94.5,79.6,C
5101,6.8,73.3,yes,no,86.7,100.0,78.6,90.4,B
5102,1.0,78.1,yes,no,50.7,41.6,41.0,46.5,E
5103,4.8,68.0,yes,no,54.3,73.3,69.3,60.0,D
5104,7.2,83.8,yes,no,75.1,99.2,91.1,88.6,B
5105,1.4,55.2,yes,yes,49.5,48.5,45.4,39.2,F
5106,2.5,75.3,yes,yes,60.9,43.8,47.5,55.6,D
5107,5.2,94.8,yes,no,92.4,81.7,74.0,86.9,B
5108,4.9,61.8,yes,no,73.7,57.3,53.5,55.8,D
5109,6.5,93.4,yes,yes,70.2,90.3,77.6,81.6,C
5110,5.2,94.3,no,no,93.7,70.1,86.1,84.5,C
5111,4.8,61.5,yes,no,69.5,56.2,76.5,67.5,D
5112,3.9,54.0,yes,no,43.4,60.4,52.8,59.3,D
5113,1.1,88.2,yes,no,55.4,42.4,50.3,53.0,E
5114,4.9,97.9,yes,no,94.3,84.2,91.7,87.9,B
5115,1.7,62.8,yes,yes,28.2,37.7,18.1,38.8,F
5116,8.0,95.7,yes,yes,94.4,79.8,100.0,100.0,A
5117,1.1,60.4,no,yes,26.6,33.0,11.9,30.7,F
5118,1.1,68.0,yes,no,33.4,41.3,32.8,43.1,E
5119,6.4,94.3,yes,no,100.0,78.0,100.0,93.6,B
5120,1.3,65.2,yes,no,53.3,31.5,42.0,37.5,F
5121,3.5,87.8,no,yes,55.1,67.8,68.0,60.2,D
5122,7.5,57.3,no,no,88.0,86.0,80.8,89.7,B
5123,6.4,68.9,no,no,86.5,83.6,78.2,83.8,C
5124,2.2,97.0,yes,no,69.4,60.8,54.7,58.4,D
5125,2.4,61.3,yes,yes,29.9,26.1,49.3,45.3,E
5126,4.9,85.1,yes,yes,68.4,80.4,73.4,66.4,D
5127,4.1,96.0,yes,no,65.2,76.5,77.9,72.1,C
5128,1.4,89.2,yes,no,40.3,44.4,41.8,40.5,E
5129,1.7,97.4,no,no,44.6,52.5,46.9,46.3,E
5130,6.5,97.2,yes,no,96.7,88.2,88.3,89.3,B
5131,3.1,55.7,yes,yes,58.4,54.9,51.1,55.3,D
5132,6.5,80.1,yes,no,80.5,100.0,70.3,85.2,B
5133,1.9,71.3,no,no,43.6,31.7,41.4,46.3,E
5134,5.0,84.1,yes,no,78.3,80.0,90.7,74.1,C
5135,4.3,87.1,yes,yes,55.6,54.7,62.3,65.3,D
5136,2.9,62.3,yes,no,49.8,55.5,38.3,41.7,E
5137,5.1,90.0,yes,yes,69.4,86.6,83.2,85.9,B
5138,1.4,70.5,no,no,61.0,23.5,32.8,37.7,F
5139,6.9,82.8,yes,no,100.0,93.8,85.8,88.6,B
5140,6.1,71.4,yes,no,74.8,84.3,65.1,73.8,C
5141,2.7,67.3,yes,no,54.0,52.2,50.2,48.9,E
5142,4.9,84.7,yes,no,78.1,90.6,88.4,81.8,C
5143,7.3,77.1,yes,yes,91.9,100.0,84.1,93.6,B
5144,3.7,92.6,yes,no,75.7,79.5,79.4,71.7,C
5145,3.2,89.3,no,no,66.9,64.2,72.0,68.5,D
5146,6.5,93.4,yes,no,93.1,100.0,85.1,97.7,A
5147,0.5,88.3,yes,no,52.7,49.2,53.5,44.6,E
5148,5.6,95.8,yes,no,84.8,82.6,90.5,87.5,B
5149,2.1,57.8,no,no,49.6,53.5,39.1,49.1,E
5150,5.7,82.0,no,yes,71.4,77.4,70.6,73.4,C
5151,3.8,54.1,yes,no,55.6,56.5,64.9,55.2,D
5152,0.7,75.0,yes,no,31.7,18.2,32.7,31.5,F
5153,7.1,93.1,yes,yes,76.9,100.0,83.4,88.5,B
5154,4.6,86.3,yes,no,41.7,71.8,66.4,64.3,D
5155,2.9,79.1,yes,yes,51.4,49.7,49.4,55.6,D
5156,5.8,84.7,no,yes,91.1,89.0,81.2,83.9,C
5157,4.2,58.7,yes,no,62.0,57.8,53.9,54.4,E
5158,0.8,96.5,yes,no,40.8,24.3,55.9,39.9,F
5159,5.4,60.6,yes,yes,58.0,67.4,60.6,68.2,D
5160,7.8,58.3,yes,no,65.9,85.8,94.3,82.5,C
5161,2.2,57.0,yes,no,39.0,51.0,7.5,34.5,F
5162,7.0,96.8,yes,yes,100.0,88.8,86.3,87.9,B
5163,5.2,73.0,no,yes,71.4,87.6,73.7,70.6,C
5164,1.1,76.7,no,no,54.2,35.1,46.0,37.8,F
5165,6.0,69.0,no,no,78.3,69.0,76.0,71.1,C
5166,3.8,51.4,yes,yes,44.8,30.8,19.7,47.2,E
5167,6.5,53.3,yes,no,60.5,71.8,84.6,72.3,C
5168,5.3,50.8,yes,yes,50.8,53.5,47.3,57.3,D
5169,0.5,76.9,yes,no,11.0,28.1,24.8,33.5,F
5170,1.4,59.7,yes,yes,33.0,24.2,13.6,29.3,F
5171,3.1,70.1,yes,yes,57.8,45.8,60.6,55.2,D
5172,4.1,73.0,yes,yes,77.9,60.6,74.0,69.6,D
5173,7.5,76.6,yes,yes,88.7,91.0,86.9,90.8,B
5174,6.7,94.6,yes,no,93.1,100.0,88.2,99.2,A
5175,6.5,52.2,yes,yes,81.9,95.2,83.5,81.4,C
5176,4.5,74.7,no,no,61.9,69.4,48.2,65.5,D
5177,1.2,56.6,yes,yes,32.8,9.6,53.9,25.3,F
5178,6.1,96.3,yes,no,98.0,87.8,85.6,84.6,C
5179,1.1,95.9,yes,yes,34.9,54.3,54.7,40.9,E
5180,1.2,57.0,yes,no,37.6,26.0,30.2,23.1,F
5181,2.4,55.9,yes,yes,46.2,46.3,31.9,34.0,F
5182,7.4,55.5,no,yes,81.4,81.9,78.0,85.1,B
5183,6.1,54.9,no,yes,78.8,71.0,86.3,76.7,C
5184,1.1,57.9,no,no,30.7,29.5,34.9,34.7,F
5185,7.4,57.8,yes,no,76.3,84.5,89.5,79.2,C
5186,6.4,58.2,yes,no,59.0,59.4,67.4,68.4,D
5187,5.0,57.4,no,no,50.9,57.9,78.3,60.9,D
5188,1.5,68.9,yes,no,37.2,39.3,39.9,35.3,F
5189,2.9,62.7,yes,no,47.2,69.7,48.5,56.2,D
5190,2.8,70.9,yes,no,48.0,49.1,67.3,57.4,D
5191,5.3,94.7,no,no,82.4,86.7,75.5,72.4,C
5192,4.9,67.6,yes,no,78.5,83.9,63.5,69.0,D
5193,2.6,64.3,yes,yes,46.9,35.0,42.3,45.6,E
5194,2.8,95.7,yes,yes,58.9,58.3,55.1,63.0,D
5195,4.4,66.1,yes,yes,75.2,55.8,53.8,61.4,D
5196,6.8,56.1,yes,no,59.2,61.0,77.5,70.8,C
5197,1.4,80.9,yes,no,43.5,44.1,56.2,41.5,E
5198,5.9,64.1,yes,yes,67.1,90.8,86.3,82.1,C
5199,8.0,76.0,yes,no,91.2,99.4,97.2,98.6,A
5200,6.1,88.4,yes,no,68.7,74.8,73.2,75.3,C
5201,3.8,78.3,yes,no,69.5,79.6,65.9,63.5,D
5202,6.0,90.4,yes,yes,71.6,73.1,82.1,78.1,C
5203,7.0,67.2,yes,no,83.7,88.3,76.5,86.9,B
5204,6.3,58.4,yes,yes,65.0,68.9,67.4,69.9,D
5205,0.6,69.7,yes,no,39.0,33.6,44.4,40.6,E
5206,1.5,70.6,yes,yes,34.9,25.7,24.2,33.6,F
5207,1.3,85.8,no,yes,48.4,54.1,66.0,50.9,E
5208,0.7,84.3,yes,no,37.0,47.1,57.8,31.0,F
5209,5.9,65.5,yes,no,88.3,76.6,82.9,72.1,C
5210,2.5,96.5,yes,yes,74.0,51.2,52.2,61.3,D
5211,5.9,63.8,yes,no,92.1,65.6,78.2,72.5,C
5212,5.5,99.8,yes,yes,75.2,81.9,86.2,79.9,C
5213,4.4,51.6,yes,yes,56.3,44.2,43.5,50.7,E
5214,0.9,83.7,yes,yes,51.4,53.9,44.3,50.5,E
5215,2.8,81.0,no,yes,71.7,58.0,44.3,52.5,E
5216,0.7,79.2,yes,yes,44.5,34.7,34.2,38.2,F
5217,7.3,89.0,yes,no,100.0,78.0,88.1,100.0,A
5218,2.8,79.5,no,yes,50.7,47.2,42.3,47.6,E
5219,1.2,80.5,yes,no,40.0,52.3,48.9,42.3,E
5220,0.5,93.9,yes,yes,70.9,52.4,39.9,48.2,E
5221,5.1,59.3,yes,yes,55.1,82.5,76.3,66.9,D
5222,5.2,76.6,yes,no,67.4,76.5,58.2,68.8,D
5223,8.0,85.6,yes,no,100.0,95.1,100.0,100.0,A
5224,2.7,65.4,yes,no,46.3,47.5,58.5,53.0,E
5225,0.8,61.0,yes,yes,24.6,24.4,26.9,27.1,F
5226,6.3,56.4,yes,yes,74.8,61.0,61.8,64.9,D
5227,2.8,63.1,yes,yes,48.3,52.3,51.0,50.2,E
5228,3.0,83.3,yes,no,55.0,54.9,74.4,66.4,D
5229,7.3,80.7,no,yes,100.0,92.7,90.3,100.0,A
5230,4.8,58.6,yes,no,69.0,65.8,69.1,68.9,D
5231,3.5,74.6,yes,no,53.0,56.8,52.2,56.6,D
5232,7.6,60.7,no,no,99.4,94.9,87.8,86.9,B
5233,2.5,96.8,no,yes,52.3,56.9,58.1,61.4,D
5234,0.7,86.2,yes,no,18.2,10.7,40.3,32.0,F
5235,2.2,58.7,yes,yes,39.2,51.0,27.0,41.1,E
5236,0.8,64.5,no,yes,27.4,22.7,22.9,25.3,F
5237,3.6,92.7,yes,no,58.1,71.3,73.9,73.5,C
5238,6.7,77.9,yes,yes,84.3,96.9,80.1,89.2,B
5239,7.8,67.8,yes,yes,82.4,92.3,65.6,81.3,C
5240,5.8,79.9,yes,no,67.1,75.7,80.5,71.5,C
5241,7.4,69.5,yes,no,82.4,90.6,86.4,90.4,B
5242,3.6,95.6,yes,yes,65.2,72.0,65.6,74.5,C
5243,2.8,93.7,yes,no,59.5,50.9,62.4,61.1,D
5244,1.7,58.0,no,yes,48.1,46.6,37.8,44.0,E
5245,4.3,83.9,yes,no,62.7,53.0,57.9,64.7,D
5246,3.0,91.9,yes,no,41.9,54.7,53.3,55.1,D
5247,1.3,60.6,yes,yes,37.6,62.6,39.8,43.6,E
5248,7.5,93.6,yes,no,96.0,76.0,100.0,90.1,B
5249,1.4,71.0,no,yes,35.9,39.9,39.3,35.7,F
5250,6.0,65.4,yes,yes,55.9,67.8,63.2,71.7,C
5251,1.0,99.2,yes,yes,68.1,40.3,60.9,47.9,E
5252,4.5,84.4,yes,yes,73.3,61.1,63.1,65.9,D
5253,5.6,64.5,yes,no,73.4,66.8,82.0,65.7,D
5254,2.3,76.5,yes,no,39.1,67.2,34.5,44.0,E
5255,1.1,82.2,yes,no,42.0,48.8,34.6,40.5,E
5256,5.0,85.6,yes,yes,78.2,89.3,67.7,83.0,C
5257,5.0,60.5,yes,yes,79.2,68.4,67.7,73.6,C
5258,2.8,80.8,yes,yes,60.5,44.8,91.0,55.4,D
5259,3.3,92.4,no,yes,36.9,48.9,53.9,56.3,D
5260,0.8,90.2,yes,no,61.0,60.6,53.6,48.1,E
5261,2.7,64.7,yes,no,51.5,39.0,37.5,44.1,E
5262,7.1,98.5,yes,no,95.6,91.2,87.1,88.8,B
5263,1.8,50.6,yes,yes,34.7,42.2,42.7,41.7,E
5264,4.0,89.0,no,no,61.4,59.6,66.6,58.1,D
5265,5.6,65.9,yes,yes,44.3,61.2,59.1,62.2,D
5266,6.5,97.1,yes,no,93.7,93.2,98.5,88.1,B
5267,1.1,93.1,yes,yes,39.3,33.0,33.0,40.4,E
5268,4.9,94.1,yes,no,87.4,87.3,79.6,80.9,C
5269,5.2,62.6,yes,yes,63.3,96.7,72.7,76.4,C
5270,2.0,89.8,yes,yes,44.0,51.8,55.2,51.4,E
5271,0.7,66.6,yes,yes,37.2,37.3,43.6,40.5,E
5272,6.8,72.4,yes,no,88.0,85.5,100.0,86.9,B
5273,3.8,95.2,yes,no,65.0,69.1,71.0,61.4,D
5274,1.0,86.0,no,yes,65.0,38.0,50.5,49.9,E
5275,4.8,82.0,yes,no,73.7,89.4,72.0,77.0,C
5276,3.3,56.4,yes,no,39.1,46.3,42.1,45.1,E
5277,1.1,76.9,yes,no,53.7,44.0,34.3,40.3,E
5278,2.7,56.2,no,no,32.0,37.0,37.1,37.9,F
5279,3.0,53.8,yes,no,44.2,37.6,50.5,37.5,F
5280,4.8,97.3,yes,no,63.2,64.0,84.0,72.9,C
5281,3.5,79.6,yes,no,56.9,55.4,79.0,64.4,D
5282,1.3,50.3,yes,no,37.1,8.7,10.7,21.0,F
5283,5.3,73.5,yes,no,79.7,56.9,80.3,71.0,C
5284,6.0,64.3,no,no,80.0,87.4,66.5,75.0,C
5285,4.3,57.7,no,no,69.0,56.1,61.7,57.6,D
5286,1.0,91.0,yes,yes,51.7,52.9,46.3,49.1,E
5287,1.3,57.7,yes,no,24.2,31.6,32.4,27.5,F
5288,7.6,58.3,yes,yes,89.3,95.0,100.0,93.6,B
5289,1.9,61.6,yes,no,44.1,47.1,37.6,39.8,F
5290,2.8,85.6,yes,yes,60.4,75.3,55.1,61.8,D
5291,5.7,59.5,yes,no,74.5,79.1,71.9,77.7,C
5292,6.4,66.1,yes,yes,89.6,66.0,84.5,72.6,C
5293,7.3,95.1,yes,no,100.0,100.0,100.0,100.0,A
5294,3.5,78.3,yes,no,53.5,48.0,52.8,62.3,D
5295,7.9,58.7,yes,yes,97.6,88.6,85.9,82.0,C
5296,1.3,93.0,yes,yes,40.5,49.4,55.7,47.8,E
5297,6.7,75.6,no,yes,78.5,86.2,100.0,79.7,C
5298,2.5,91.7,yes,yes,62.1,51.1,50.8,61.8,D
5299,7.5,53.9,yes,yes,96.1,94.4,88.7,87.6,B
5300,7.0,58.1,yes,no,85.4,74.0,70.0,77.0,C
5301,6.2,54.6,yes,yes,63.9,69.7,87.7,75.2,C
5302,5.0,74.1,no,yes,70.2,79.4,58.0,63.9,D
5303,2.1,69.4,yes,yes,34.0,51.2,35.4,40.9,E
5304,4.0,70.8,yes,no,66.1,67.8,66.9,63.2,D
5305,0.8,68.3,yes,no,16.6,31.7,24.4,28.8,F
5306,5.8,71.2,yes,no,85.9,70.1,91.8,78.3,C
5307,1.4,69.1,yes,no,23.7,24.3,52.3,31.8,F
5308,2.4,58.0,yes,yes,51.8,51.2,34.5,45.8,E
5309,2.3,78.5,yes,yes,44.6,33.8,53.4,45.4,E
5310,6.4,93.5,yes,yes,96.2,98.6,98.9,87.5,B
5311,3.5,99.7,yes,no,70.4,81.8,63.8,69.3,D
5312,4.5,55.9,no,no,53.4,61.0,57.4,50.4,E
5313,2.1,70.6,yes,no,40.3,53.2,59.3,47.0,E
5314,3.0,62.1,yes,yes,57.0,46.8,48.4,55.6,D
5315,4.3,78.3,yes,no,56.5,65.4,67.5,74.6,C
5316,2.0,68.0,yes,yes,54.9,60.0,44.6,46.9,E
5317,5.7,93.9,yes,yes,100.0,91.6,87.6,87.7,B
5318,3.9,96.8,yes,no,80.2,86.0,73.6,78.6,C
5319,7.9,66.3,yes,no,100.0,100.0,100.0,98.3,A
5320,2.3,67.8,yes,no,40.0,68.5,50.1,47.9,E
5321,3.5,76.7,yes,no,58.1,43.1,45.7,51.1,E
5322,7.4,81.8,yes,no,97.5,100.0,99.9,93.5,B
5323,7.1,87.6,no,no,94.9,72.5,83.2,88.8,B
5324,4.1,55.0,no,no,68.4,60.9,56.0,64.0,D
5325,1.4,52.6,yes,no,37.4,25.3,40.6,37.1,F
5326,3.6,83.9,yes,yes,62.5,70.0,49.8,64.7,D
5327,4.9,73.9,yes,no,59.2,82.0,62.1,64.1,D
5328,2.4,83.6,no,no,65.0,42.2,38.9,49.3,E
5329,1.9,65.1,yes,yes,38.7,19.8,41.4,36.8,F
5330,4.5,58.6,yes,yes,57.1,49.6,57.5,59.3,D
5331,1.8,55.6,yes,no,48.6,23.5,33.8,35.5,F
5332,7.1,89.3,yes,yes,99.8,68.2,79.3,93.3,B
5333,1.1,70.2,yes,yes,36.6,34.9,40.9,29.7,F
5334,7.9,54.1,no,yes,86.7,87.2,80.8,83.7,C
5335,4.5,62.3,yes,yes,84.1,62.3,65.2,68.2,D
5336,7.9,93.1,yes,yes,88.6,97.4,75.5,92.6,B
5337,6.1,74.1,yes,yes,62.7,75.0,81.0,68.5,D
5338,1.6,92.7,yes,no,43.3,67.8,49.0,52.0,E
5339,2.2,97.3,yes,no,53.7,54.6,48.3,51.5,E
5340,1.3,53.3,yes,no,37.8,22.0,48.0,32.4,F
5341,6.0,97.2,yes,yes,71.0,86.9,71.1,79.5,C
5342,1.8,68.6,yes,no,58.3,41.0,51.7,51.1,E
5343,5.9,84.9,no,no,87.9,87.9,93.9,84.4,C
5344,6.9,70.2,yes,yes,93.6,96.6,81.6,80.1,C
5345,3.6,80.7,yes,no,86.0,71.0,68.4,68.6,D
5346,5.5,83.5,yes,yes,76.4,89.8,86.8,82.5,C
5347,7.2,56.6,yes,no,68.3,58.5,77.7,73.5,C
5348,6.1,71.6,yes,no,75.0,99.8,84.3,86.3,B
5349,1.5,60.3,yes,yes,25.5,0.5,33.2,27.4,F
5350,2.7,56.0,yes,yes,33.7,70.8,63.4,53.4,E
5351,4.5,79.6,yes,yes,51.3,82.7,59.4,61.8,D
5352,2.5,84.0,yes,yes,53.4,42.3,52.5,45.1,E
5353,4.3,62.9,yes,yes,68.2,56.4,82.7,60.9,D
5354,7.6,50.4,yes,yes,88.3,78.4,88.2,79.7,C
5355,3.9,98.5,yes,yes,71.3,80.3,68.0,68.5,D
5356,2.5,73.7,yes,yes,62.4,41.8,48.0,57.5,D
5357,1.6,82.6,no,no,45.6,34.0,31.3,36.0,F
5358,7.3,53.8,yes,no,71.5,79.0,67.7,75.6,C
5359,2.2,81.0,yes,no,50.8,61.0,41.2,44.9,E
5360,2.0,88.1,no,yes,54.1,35.0,58.0,44.9,E
5361,4.6,52.4,yes,yes,54.4,57.0,63.5,51.0,E
5362,4.0,76.2,yes,no,57.2,60.4,76.7,57.7,D
5363,3.4,57.1,yes,no,54.1,53.4,35.7,43.2,E
5364,4.8,57.3,yes,no,33.0,65.0,53.9,55.6,D
5365,4.8,80.7,yes,no,44.9,65.7,54.9,72.0,C
5366,1.0,81.0,yes,yes,30.7,64.6,43.8,33.8,F
5367,3.6,77.7,yes,no,53.1,84.0,87.1,68.8,D
5368,5.9,75.5,yes,yes,91.1,62.6,63.4,73.5,C
5369,3.4,73.5,yes,no,76.0,50.7,78.6,57.7,D
5370,8.0,74.1,yes,yes,100.0,100.0,100.0,99.7,A
5371,2.3,66.7,no,no,31.7,45.2,58.5,50.0,E
5372,4.2,62.9,yes,no,38.0,48.1,38.1,49.4,E
5373,5.6,63.3,yes,yes,59.8,85.6,74.9,68.3,D
5374,4.6,95.4,yes,yes,78.9,92.2,93.2,80.7,C
5375,0.8,63.3,yes,yes,19.4,36.8,33.4,40.2,E
5376,4.4,68.7,yes,no,82.0,64.4,71.3,66.7,D
5377,7.7,75.2,yes,no,86.7,69.0,92.6,89.4,B
5378,3.5,87.1,yes,no,59.8,68.8,65.0,64.2,D
5379,1.4,88.9,yes,no,55.9,30.7,66.4,52.0,E
5380,0.7,86.1,yes,yes,37.0,28.5,39.2,38.8,F
5381,3.6,65.2,yes,no,47.4,50.7,71.1,62.8,D
5382,1.9,58.2,yes,no,48.1,45.1,46.1,34.7,F
5383,6.8,90.9,yes,no,92.3,100.0,81.7,99.6,A
5384,7.6,93.7,yes,yes,95.8,100.0,99.7,100.0,A
5385,7.6,95.6,yes,no,100.0,86.1,94.8,100.0,A
5386,3.3,92.9,yes,yes,58.4,85.8,69.1,72.8,C
5387,3.9,68.1,yes,no,44.2,49.3,42.1,48.9,E
5388,2.9,57.7,yes,no,64.6,39.9,47.9,52.5,E
5389,1.5,83.5,yes,yes,44.0,39.1,25.1,43.2,E
5390,4.7,82.5,no,no,53.7,82.0,58.2,64.3,D
5391,1.9,62.4,yes,yes,36.0,32.7,28.6,40.0,F
5392,0.9,81.0,yes,no,35.5,46.2,35.0,42.7,E
5393,6.9,99.9,yes,yes,71.7,88.8,95.2,88.1,B
5394,6.5,58.4,yes,yes,68.8,77.7,97.7,84.5,C
5395,7.4,68.9,yes,yes,92.3,100.0,99.1,94.5,B
5396,3.0,69.6,yes,no,41.0,66.2,66.3,61.3,D
5397,7.0,60.7,yes,no,66.4,74.8,68.0,76.0,C
5398,3.5,89.4,yes,no,49.1,61.6,55.6,63.3,D
5399,1.0,85.4,yes,yes,46.0,39.7,49.1,49.4,E
5400,3.9,60.8,yes,yes,61.8,41.3,56.9,57.3,D
5401,4.7,92.9,no,yes,75.6,90.1,87.7,81.5,C
5402,3.7,71.3,no,no,46.4,41.4,52.6,48.1,E
5403,6.4,77.5,yes,no,92.2,87.3,86.9,82.6,C
5404,3.1,84.2,no,no,56.1,70.0,85.2,66.6,D
5405,7.4,93.7,no,no,99.6,100.0,100.0,100.0,A
5406,1.1,61.3,yes,yes,36.5,45.2,31.7,25.1,F
5407,5.9,79.6,yes,yes,100.0,71.8,100.0,85.0,B
5408,7.5,83.6,yes,no,100.0,86.9,92.4,89.4,B
5409,4.6,94.3,yes,no,68.8,76.9,75.9,77.2,C
5410,7.1,88.6,yes,yes,81.7,95.0,78.0,89.6,B
5411,5.7,95.7,yes,no,98.1,90.1,79.1,91.3,B
5412,0.6,53.8,yes,no,42.3,25.8,41.4,33.4,F
5413,5.5,71.3,yes,no,89.4,66.9,83.5,81.1,C
5414,5.4,65.3,yes,no,49.5,66.9,78.1,70.1,C
5415,0.5,74.9,no,yes,18.4,23.0,33.4,35.1,F
5416,3.6,90.5,yes,yes,68.9,65.3,50.9,57.5,D
5417,0.8,74.6,yes,no,41.6,25.1,28.6,39.1,F
5418,2.7,51.8,yes,yes,53.0,53.8,53.8,51.6,E
5419,7.9,83.5,yes,yes,95.5,100.0,95.0,100.0,A
5420,7.6,50.5,yes,no,69.6,90.8,73.2,78.6,C
5421,5.6,54.9,yes,yes,60.2,64.6,81.8,61.8,D
5422,3.3,86.4,yes,no,50.0,56.4,70.3,57.9,D
5423,3.5,91.6,yes,yes,68.4,79.7,66.2,71.2,C
5424,0.8,65.9,yes,yes,56.2,50.8,44.2,33.8,F
5425,3.0,78.5,yes,no,52.4,40.5,45.7,50.2,E
5426,6.4,77.4,yes,yes,77.2,70.2,92.0,84.2,C
5427,4.4,52.8,yes,yes,46.8,42.5,60.9,53.0,E
5428,4.1,77.2,yes,yes,64.4,60.7,43.2,65.8,D
5429,1.2,50.5,no,yes,8.3,24.5,25.4,26.9,F
5430,7.4,91.0,no,no,100.0,100.0,100.0,100.0,A
5431,2.6,87.4,yes,no,72.9,57.7,50.1,55.7,D
5432,3.4,64.2,yes,yes,58.4,49.2,49.4,53.7,E
5433,3.0,63.1,yes,yes,33.6,56.8,37.9,40.0,E
5434,3.0,59.5,yes,yes,50.5,55.2,54.6,56.6,D
5435,5.0,97.6,yes,yes,68.1,79.0,60.0,70.1,C
5436,5.2,92.3,no,yes,72.0,61.8,69.3,71.1,C
5437,5.0,91.9,yes,no,68.0,81.3,58.7,68.7,D
5438,1.0,73.3,yes,no,34.4,29.3,34.2,31.4,F
5439,7.8,90.6,yes,no,94.7,94.4,84.1,97.2,A
5440,5.9,79.6,yes,yes,80.1,51.7,57.4,70.0,D
5441,7.1,65.0,yes,no,59.0,73.3,95.5,79.3,C
5442,1.7,71.5,yes,yes,34.9,34.0,60.3,47.4,E
5443,7.5,70.5,no,yes,100.0,93.7,100.0,91.9,B
5444,5.9,67.6,yes,yes,61.3,55.4,70.3,65.4,D
5445,4.3,62.1,yes,yes,65.7,48.7,73.2,65.5,D
5446,0.7,69.9,yes,yes,26.6,37.1,56.8,31.2,F
5447,2.4,80.0,yes,yes,43.1,50.1,38.7,57.6,D
5448,6.8,59.8,no,no,79.4,68.5,81.1,76.5,C
5449,3.3,57.1,yes,yes,58.7,83.1,72.3,57.7,D
5450,5.6,84.5,yes,yes,100.0,79.5,74.8,85.9,B
5451,6.0,76.3,no,yes,75.7,84.6,70.6,74.7,C
5452,6.3,67.6,yes,no,92.6,67.4,70.1,79.5,C
5453,3.4,95.4,yes,no,63.4,67.1,52.9,64.2,D
5454,7.3,73.1,yes,no,100.0,92.7,69.7,86.8,B
5455,2.7,66.6,yes,yes,40.0,28.9,50.4,47.1,E
5456,6.8,60.8,yes,no,70.0,68.3,92.1,81.6,C
5457,3.7,66.2,yes,no,41.8,66.2,58.2,54.3,E
5458,2.3,63.7,no,yes,40.2,42.6,44.0,46.9,E
5459,3.1,93.3,yes,no,53.5,58.8,58.1,58.1,D
5460,6.5,94.6,yes,yes,86.7,100.0,96.6,97.8,A
5461,5.1,70.6,yes,yes,85.7,90.3,91.9,77.3,C
5462,1.5,63.0,yes,yes,10.1,34.7,36.5,41.0,E
5463,1.4,56.5,no,no,40.9,35.1,43.1,35.4,F
5464,5.7,85.8,yes,yes,79.5,77.4,100.0,82.7,C
5465,2.3,94.0,yes,no,69.5,51.6,55.5,53.6,E
5466,2.1,70.6,no,no,41.8,37.1,27.4,43.4,E
5467,6.1,93.7,no,yes,84.8,82.1,100.0,86.5,B
5468,2.9,62.4,yes,yes,55.0,64.1,33.1,44.3,E
5469,1.0,80.4,no,no,25.1,30.4,46.8,35.7,F
5470,3.7,54.1,yes,yes,51.1,24.8,60.4,51.8,E
5471,4.8,78.2,yes,no,81.5,70.2,69.2,72.9,C
5472,5.0,81.9,yes,no,74.0,54.7,62.8,72.6,C
5473,0.9,82.2,yes,no,45.4,37.6,49.7,34.3,F
5474,3.9,88.9,yes,yes,57.9,62.3,62.0,64.3,D
5475,3.2,54.7,yes,yes,45.3,72.7,38.3,51.6,E
5476,3.9,63.9,no,no,69.8,72.4,71.9,62.4,D
5477,0.8,84.7,yes,yes,37.2,23.9,50.4,45.4,E
5478,2.7,79.6,yes,no,49.4,43.5,39.2,56.7,D
5479,5.3,97.5,yes,yes,75.8,72.8,85.1,76.1,C
5480,1.4,89.2,yes,yes,49.6,47.4,47.8,45.0,E
5481,7.7,73.5,yes,no,100.0,100.0,100.0,92.1,B
5482,8.0,76.7,yes,yes,99.5,100.0,100.0,100.0,A
5483,3.2,83.0,yes,yes,57.9,57.5,42.5,52.4,E
5484,5.6,50.5,yes,yes,82.2,61.9,69.6,67.0,D
5485,5.3,68.2,yes,no,77.3,64.1,67.4,67.8,D
5486,1.8,56.1,yes,no,33.0,38.4,43.1,35.2,F
5487,3.4,62.0,yes,yes,61.6,60.2,51.0,57.0,D
5488,7.9,91.5,yes,no,100.0,100.0,100.0,100.0,A
5489,1.5,77.4,yes,no,50.5,34.6,57.7,43.6,E
5490,4.8,93.0,yes,yes,65.1,66.2,86.3,66.8,D
5491,5.0,94.4,yes,yes,90.2,79.2,74.7,69.6,D
5492,1.8,90.3,yes,yes,64.6,44.9,39.2,51.0,E
5493,4.5,88.1,yes,yes,90.4,83.0,89.3,78.1,C
5494,7.4,58.3,yes,no,78.9,73.5,66.2,82.5,C
5495,1.4,63.5,yes,yes,29.9,37.2,18.2,37.9,F
5496,1.9,85.2,yes,yes,71.5,65.3,51.7,59.2,D
5497,2.4,65.1,yes,yes,32.3,48.2,30.5,40.1,E
5498,6.1,68.8,yes,no,61.4,68.1,79.3,76.9,C
5499,4.8,96.8,yes,no,88.8,51.2,92.9,82.4,C
5500,4.3,85.3,yes,yes,93.8,91.1,82.4,77.6,C
5501,6.4,55.3,yes,yes,65.8,92.5,61.8,79.8,C
5502,7.8,86.1,yes,yes,100.0,77.9,82.8,97.5,A
5503,2.0,89.7,no,yes,47.4,59.7,53.2,54.9,E
5504,6.6,95.7,no,yes,100.0,98.2,96.9,97.3,A
5505,3.3,84.3,yes,no,69.1,71.0,65.8,57.3,D
5506,1.6,54.8,yes,yes,40.2,53.4,48.7,40.7,E
5507,2.4,88.3,no,no,62.4,64.7,60.6,55.4,D
5508,3.5,82.8,yes,no,54.5,54.3,48.2,57.6,D
5509,7.2,72.8,no,yes,95.7,61.5,57.4,85.6,B
5510,4.1,88.0,yes,no,91.3,80.8,64.0,76.4,C
5511,5.1,76.3,no,yes,70.8,61.6,85.9,73.0,C
5512,0.7,96.6,yes,no,46.8,34.6,78.7,52.7,E
5513,1.0,96.6,yes,no,50.7,84.3,37.2,55.4,D
5514,7.5,61.3,yes,yes,92.6,80.6,73.6,87.7,B
5515,6.8,72.0,yes,yes,63.3,79.8,90.4,74.5,C
5516,4.2,59.9,yes,no,71.9,74.8,66.7,66.0,D
5517,2.0,66.5,yes,yes,49.2,52.0,56.6,47.6,E
5518,0.8,61.2,yes,yes,33.2,0.6,16.7,29.1,F
5519,7.8,75.6,yes,yes,91.9,100.0,91.1,91.7,B
5520,0.5,50.0,yes,no,21.6,14.1,33.0,14.5,F
5521,2.3,89.6,yes,yes,52.9,66.2,60.1,61.7,D
5522,5.6,57.9,yes,yes,50.3,69.2,76.0,76.5,C
5523,7.5,63.7,yes,no,84.5,68.6,85.5,77.7,C
5524,1.4,58.7,yes,no,27.0,31.4,55.6,39.9,F
5525,6.3,67.7,yes,no,80.3,70.1,83.6,78.1,C
5526,3.0,53.9,no,no,27.6,32.5,43.1,38.6,F
5527,5.6,92.9,no,yes,94.5,97.6,78.6,85.4,B
5528,1.2,70.7,no,no,36.5,39.3,51.4,43.6,E
5529,7.0,96.2,yes,no,88.1,100.0,100.0,95.4,A
5530,5.8,52.3,no,yes,68.8,54.8,68.9,60.7,D
5531,7.7,58.6,yes,no,100.0,98.4,100.0,94.3,B
5532,4.3,91.8,yes,no,77.9,70.4,81.7,70.8,C
5533,7.2,73.2,no,no,85.7,89.7,100.0,95.9,A
5534,4.6,53.0,yes,yes,44.9,41.5,48.7,55.5,D
5535,4.3,52.3,yes,yes,62.9,60.2,64.9,56.4,D
5536,1.2,94.7,yes,yes,45.2,38.2,59.7,48.1,E
5537,6.6,63.1,yes,no,59.1,76.1,74.7,71.1,C
5538,3.6,70.5,yes,yes,67.0,49.8,62.2,65.6,D
5539,5.0,94.9,yes,no,100.0,73.7,85.7,80.9,C
5540,5.4,83.4,yes,no,79.2,61.3,77.7,83.3,C
5541,6.3,88.5,yes,no,68.2,66.3,68.9,76.6,C
5542,4.8,73.6,no,yes,53.8,54.3,60.5,59.1,D
5543,5.1,84.8,yes,yes,65.0,85.9,73.9,72.7,C
5544,4.4,79.2,yes,no,86.6,90.5,68.4,76.2,C
5545,5.1,58.5,yes,yes,88.8,81.6,78.0,71.5,C
5546,3.8,78.6,yes,no,73.1,73.8,72.4,68.1,D
5547,6.3,96.3,yes,no,97.6,95.9,84.6,94.2,B
5548,6.6,67.3,yes,no,82.2,76.0,88.7,82.4,C
5549,4.4,74.7,yes,yes,87.4,66.4,64.9,68.9,D
5550,1.6,70.8,yes,yes,49.0,31.9,51.0,38.9,F
5551,3.3,84.4,yes,yes,84.4,78.4,57.4,67.8,D
5552,6.8,81.4,yes,yes,69.1,79.5,83.4,83.8,C
5553,7.4,73.9,no,no,100.0,97.5,87.6,86.5,B
5554,2.5,52.4,no,yes,41.2,20.2,35.4,34.3,F
5555,7.6,63.2,no,no,89.6,92.1,96.2,76.9,C
5556,2.6,65.7,yes,no,58.6,34.0,50.8,41.5,E
5557,7.4,86.6,no,yes,77.7,81.5,89.5,86.0,B
5558,7.5,69.8,yes,yes,92.0,91.0,89.6,88.5,B
5559,4.3,68.9,yes,yes,47.6,44.1,68.4,58.1,D
5560,7.6,72.3,no,yes,100.0,87.4,75.0,87.7,B
5561,4.6,71.6,yes,yes,55.8,60.0,74.1,64.7,D
5562,3.3,85.9,yes,no,39.9,68.9,53.3,57.1,D
5563,6.6,83.5,yes,yes,69.4,73.2,68.8,79.7,C
5564,1.3,88.1,yes,yes,31.4,51.8,39.9,37.8,F
5565,2.1,60.4,yes,yes,40.1,49.8,45.5,48.7,E
5566,2.1,87.1,yes,no,50.0,40.4,57.8,48.5,E
5567,5.2,64.8,yes,yes,74.1,68.2,63.6,65.5,D
5568,5.8,50.0,yes,no,60.0,74.6,82.7,73.2,C
5569,6.8,82.0,yes,no,96.9,73.7,90.5,84.4,C
5570,7.2,50.6,yes,yes,86.4,78.4,78.6,83.0,C
5571,7.1,54.9,yes,no,85.0,73.8,65.9,73.1,C
5572,5.6,52.1,yes,yes,59.4,69.4,65.1,57.1,D
5573,7.4,80.3,yes,no,100.0,100.0,100.0,97.0,A
5574,2.6,60.4,yes,no,35.1,43.1,43.6,46.4,E
5575,5.9,90.5,yes,yes,77.1,85.1,84.9,76.3,C
5576,1.1,67.8,yes,yes,28.2,52.2,29.1,35.4,F
5577,1.4,66.8,yes,yes,50.1,39.1,44.2,43.6,E
5578,2.2,75.7,yes,no,63.4,51.8,50.0,57.8,D
5579,1.3,88.8,no,no,51.8,41.6,40.8,43.3,E
5580,7.7,84.8,yes,no,100.0,100.0,98.0,93.8,B
5581,4.0,60.3,yes,yes,70.3,68.4,48.9,61.9,D
5582,7.3,88.2,yes,no,87.2,83.5,90.9,84.7,C
5583,4.1,75.3,yes,yes,60.3,70.2,70.1,64.5,D
5584,5.7,99.4,yes,yes,96.7,71.3,96.6,85.7,B
5585,2.9,75.8,yes,no,39.3,35.5,60.0,47.0,E
5586,7.6,64.3,yes,yes,81.7,93.2,93.5,86.0,B
5587,0.8,88.1,yes,yes,58.6,31.4,59.4,51.4,E
5588,5.7,51.5,no,no,71.0,64.8,60.5,72.2,C
5589,7.6,86.2,yes,yes,91.7,100.0,100.0,95.2,A
5590,6.4,77.2,no,no,100.0,90.3,100.0,87.3,B
5591,6.7,58.8,yes,yes,47.5,83.0,87.1,74.1,C
5592,2.7,51.2,yes,yes,43.6,33.9,40.1,34.7,F
5593,3.9,52.3,yes,yes,28.0,74.1,61.0,49.1,E
5594,1.5,54.1,yes,yes,26.8,45.1,47.4,27.0,F
5595,3.3,74.4,yes,yes,65.3,50.2,52.5,55.8,D
5596,0.6,85.4,yes,no,54.1,23.2,60.5,48.5,E
5597,6.3,56.7,yes,yes,72.4,73.6,88.3,78.8,C
5598,7.6,57.9,yes,no,92.6,100.0,80.4,87.9,B
5599,5.8,90.7,yes,no,72.3,80.7,85.6,80.1,C
5600,6.6,61.4,yes,no,57.5,56.8,77.9,70.5,C
5601,4.4,91.4,yes,no,66.0,78.3,70.3,75.4,C
5602,1.9,54.8,yes,no,20.2,25.6,20.5,29.6,F
5603,5.9,91.8,yes,yes,91.1,73.6,92.0,84.6,C
5604,2.7,86.6,yes,yes,90.1,45.1,64.7,63.1,D
5605,3.9,57.4,yes,yes,65.5,56.1,57.6,61.8,D
5606,7.3,66.9,yes,no,79.4,83.0,69.9,84.5,C
5607,3.3,66.7,no,yes,30.7,54.0,46.0,43.7,E
5608,2.7,56.7,yes,no,46.2,52.7,49.3,52.9,E
5609,0.7,68.9,yes,no,22.5,35.7,22.4,34.0,F
5610,5.8,83.9,yes,yes,72.7,71.6,88.9,83.3,C
5611,2.1,86.5,no,no,54.2,55.8,65.6,60.8,D
5612,5.3,60.1,yes,yes,57.2,59.1,49.6,58.7,D
5613,3.2,86.1,yes,no,56.9,64.0,57.1,66.3,D
5614,6.4,63.3,no,no,96.9,88.6,75.8,85.2,B
5615,7.2,52.1,yes,no,83.6,62.8,75.6,71.0,C
5616,2.3,59.7,yes,no,51.1,59.2,60.4,52.1,E
5617,6.4,67.1,yes,yes,67.9,100.0,66.6,87.7,B
5618,1.6,51.8,yes,no,31.1,9.1,24.2,28.0,F
5619,1.6,54.8,yes,yes,44.0,34.7,35.9,36.5,F
5620,3.7,67.8,yes,yes,45.4,73.2,90.1,55.4,D
5621,2.9,96.2,yes,yes,53.4,49.0,67.4,67.2,D
5622,7.9,81.8,no,no,100.0,91.9,94.4,100.0,A
5623,6.5,96.7,yes,no,92.4,100.0,100.0,100.0,A
5624,7.2,51.9,yes,yes,73.4,81.4,67.5,79.6,C
5625,1.5,93.4,yes,no,45.2,53.6,39.3,54.0,E
5626,5.9,56.8,no,no,72.3,66.2,86.9,79.7,C
5627,5.0,61.8,no,yes,49.5,59.9,59.9,54.8,E
5628,1.2,55.0,yes,yes,23.0,36.3,15.9,24.4,F
5629,6.5,70.6,yes,yes,67.3,82.8,84.9,79.2,C
5630,6.9,60.1,yes,yes,60.0,79.1,82.1,84.8,C
5631,7.4,87.0,yes,no,93.8,89.2,81.5,90.9,B
5632,7.5,87.7,yes,yes,86.4,84.1,100.0,93.1,B
5633,1.3,64.5,yes,yes,30.9,40.7,38.4,44.5,E
5634,7.1,90.0,yes,yes,83.1,67.4,85.7,83.1,C
5635,7.6,58.2,no,no,78.1,74.1,94.1,78.9,C
5636,5.7,52.0,yes,yes,86.4,83.9,85.5,76.3,C
5637,1.9,58.3,yes,no,7.1,33.2,26.0,32.8,F
5638,3.5,62.3,yes,no,56.7,56.0,72.3,57.9,D
5639,1.2,52.5,yes,yes,17.2,13.5,19.6,22.3,F
5640,0.5,55.5,no,yes,7.2,18.9,9.2,17.7,F
5641,7.4,65.1,yes,no,90.2,85.4,82.5,82.1,C
5642,7.8,92.6,yes,yes,100.0,92.3,91.9,100.0,A
5643,7.4,92.8,yes,yes,98.6,94.2,90.0,99.5,A
5644,2.4,99.7,yes,no,45.7,39.0,46.6,54.6,E
5645,5.2,54.9,yes,yes,70.3,69.6,87.5,61.6,D
5646,4.2,50.1,yes,yes,44.0,79.3,70.5,62.7,D
5647,4.2,78.3,yes,yes,67.3,52.3,41.3,57.6,D
5648,3.7,80.2,yes,yes,42.8,57.9,60.7,51.7,E
5649,7.6,61.8,yes,no,81.1,94.7,94.9,84.7,C
5650,6.4,89.9,yes,no,100.0,95.4,86.6,96.4,A
5651,6.9,97.8,yes,no,100.0,100.0,96.3,100.0,A
5652,0.8,66.6,yes,yes,31.4,20.1,7.4,28.3,F
5653,3.6,97.3,no,yes,63.9,68.8,57.2,60.7,D
5654,5.0,55.2,yes,yes,58.2,55.0,42.6,61.1,D
5655,5.4,73.8,yes,no,91.8,85.2,84.4,82.4,C
5656,7.2,59.9,yes,no,91.9,92.4,100.0,86.7,B
5657,1.8,79.2,yes,no,59.3,55.0,61.7,52.6,E
5658,1.2,53.6,yes,no,17.7,36.3,33.2,27.9,F
5659,7.2,75.2,no,yes,85.5,71.6,87.6,83.8,C
5660,4.3,58.7,yes,no,46.8,53.5,65.4,48.2,E
5661,4.5,70.9,yes,no,57.1,63.2,76.4,65.1,D
5662,7.2,84.4,yes,yes,90.8,91.0,72.8,90.9,B
5663,6.1,66.7,yes,yes,84.3,68.8,69.2,69.8,D
5664,6.0,77.0,yes,no,76.2,69.3,60.6,71.1,C
5665,1.9,98.6,yes,no,56.3,71.8,69.6,57.6,D
5666,5.2,93.8,no,yes,74.7,84.8,84.6,78.6,C
5667,3.9,99.8,yes,yes,70.8,49.2,67.0,74.9,C
5668,5.1,58.9,yes,no,59.6,65.4,73.0,58.0,D
5669,4.8,74.7,yes,yes,59.1,64.8,65.5,59.5,D
5670,0.7,89.2,yes,no,45.7,27.4,62.0,34.6,F
5671,3.1,96.5,yes,yes,63.1,71.0,60.4,67.5,D
5672,3.9,62.0,yes,yes,56.4,45.8,44.3,46.1,E
5673,4.3,99.4,yes,no,72.5,79.4,63.9,77.3,C
5674,1.2,72.1,yes,no,47.6,29.0,32.0,36.9,F
5675,7.2,88.6,yes,no,100.0,85.8,93.8,100.0,A
5676,3.0,75.9,yes,no,77.9,68.4,59.3,55.2,D
5677,4.2,64.9,no,yes,77.1,59.9,58.4,64.8,D
5678,5.5,55.4,yes,no,89.0,60.7,64.3,67.4,D
5679,5.9,58.1,yes,yes,62.8,77.4,67.5,72.4,C
5680,3.3,82.4,yes,no,44.9,49.5,51.8,54.0,E
5681,1.5,77.7,yes,yes,41.9,42.8,46.3,40.3,E
5682,2.1,71.6,yes,no,58.1,44.1,29.7,51.8,E
5683,1.7,81.3,yes,no,55.2,60.6,62.1,55.8,D
5684,2.3,75.4,yes,no,47.8,56.2,46.8,46.4,E
5685,5.0,57.1,yes,yes,72.8,65.1,57.8,63.2,D
5686,4.5,63.1,yes,no,54.7,46.0,55.9,56.4,D
5687,1.8,71.6,yes,no,31.5,41.1,41.3,37.1,F
5688,5.6,69.9,yes,yes,79.3,66.7,84.0,74.1,C
5689,1.0,95.1,yes,yes,40.9,39.7,34.9,37.5,F
5690,7.3,97.1,yes,no,95.7,80.8,100.0,100.0,A
5691,4.7,76.7,yes,yes,56.1,69.8,77.2,60.4,D
5692,4.9,63.3,yes,no,61.9,58.5,57.0,55.7,D
5693,2.6,89.9,yes,no,44.2,52.9,70.3,50.9,E
5694,4.3,59.1,yes,yes,51.7,76.0,52.6,65.9,D
5695,3.7,74.6,no,no,38.4,34.9,41.8,51.8,E
5696,7.6,99.7,yes,yes,87.8,91.9,100.0,100.0,A
5697,1.1,93.7,yes,yes,33.4,41.5,63.4,45.4,E
5698,3.9,96.5,yes,no,76.4,49.5,62.1,72.3,C
5699,6.4,54.9,no,no,67.9,73.7,80.2,71.2,C
5700,4.6,73.1,yes,yes,71.6,54.7,80.8,65.5,D
5701,4.7,88.5,yes,yes,84.1,95.0,76.0,82.6,C
5702,7.3,57.8,no,yes,77.3,68.9,67.4,77.7,C
5703,3.3,88.4,yes,no,57.2,66.4,57.3,55.3,D
5704,0.5,67.1,yes,no,29.0,11.6,13.9,21.5,F
5705,7.4,94.4,no,yes,92.5,100.0,77.3,99.6,A
5706,0.7,70.9,no,yes,31.7,24.0,35.4,26.5,F
5707,6.5,62.5,yes,no,87.9,77.3,84.4,84.2,C
5708,1.5,95.8,yes,yes,62.7,70.5,47.3,52.5,E
5709,0.7,85.6,yes,no,25.4,55.2,53.5,45.7,E
5710,3.2,73.1,yes,no,65.1,57.4,58.5,59.0,D
5711,7.0,98.1,yes,yes,100.0,83.1,100.0,100.0,A
5712,0.8,80.1,yes,no,41.0,38.4,53.9,48.1,E
5713,2.5,79.4,no,yes,48.4,54.8,43.3,53.6,E
5714,2.6,68.1,yes,yes,36.8,38.4,55.0,44.2,E
5715,1.2,91.7,yes,yes,44.7,38.7,59.3,48.3,E
5716,1.2,79.3,yes,yes,49.1,40.3,40.7,41.9,E
5717,7.3,81.1,yes,yes,79.8,93.8,100.0,85.0,C
5718,5.7,96.8,yes,no,96.3,98.5,83.6,80.5,C
5719,2.8,63.5,yes,no,40.6,41.9,57.5,50.9,E
5720,2.3,89.5,yes,yes,34.4,47.1,53.6,53.6,E
5721,0.8,90.5,yes,yes,28.3,49.5,21.6,38.9,F
5722,3.2,53.2,yes,yes,46.6,38.1,58.5,48.5,E
5723,2.8,86.1,yes,yes,54.7,47.1,53.5,52.3,E
5724,7.4,91.5,yes,yes,100.0,100.0,87.8,100.0,A
5725,2.2,76.8,no,yes,41.9,64.9,58.7,53.6,E
5726,3.5,55.6,yes,no,42.3,27.7,48.0,43.3,E
5727,5.6,53.9,yes,yes,59.4,61.4,65.1,63.2,D
5728,2.9,51.2,yes,no,51.9,28.5,37.6,38.9,F
5729,6.4,68.3,yes,no,68.6,85.4,74.8,73.6,C
5730,5.9,81.1,no,yes,78.7,78.3,70.9,74.4,C
5731,0.8,78.5,no,no,31.6,27.7,31.9,29.7,F
5732,6.9,75.5,no,no,95.7,79.6,77.4,81.9,C
5733,3.2,70.9,yes,no,50.0,50.0,38.9,45.0,E
5734,1.2,84.0,yes,yes,37.8,41.4,44.2,48.5,E
5735,5.7,94.2,yes,yes,97.5,74.2,86.7,77.0,C
5736,6.1,91.3,yes,yes,79.5,72.9,73.7,77.4,C
5737,1.0,85.8,yes,yes,61.6,46.8,48.3,47.4,E
5738,3.2,64.6,yes,yes,60.2,66.9,41.7,56.5,D
5739,7.2,97.0,no,yes,95.4,86.8,97.8,94.8,B
5740,5.5,93.1,yes,no,90.8,95.3,97.6,88.7,B
5741,4.5,97.4,yes,yes,55.0,75.4,78.6,73.2,C
5742,4.3,81.0,yes,yes,56.4,64.9,60.4,67.0,D
5743,5.1,66.6,no,no,76.9,80.2,76.1,73.3,C
5744,5.4,72.6,yes,yes,82.2,64.9,59.6,64.9,D
5745,1.0,66.4,yes,no,15.8,29.4,29.2,25.6,F
5746,3.0,67.5,no,yes,59.9,64.7,45.3,53.4,E
5747,4.4,71.3,yes,no,71.1,56.6,72.3,60.9,D
5748,6.0,96.8,yes,no,87.4,76.7,94.4,81.4,C
5749,6.1,74.9,yes,yes,79.9,90.2,83.6,85.1,B
5750,5.0,70.2,yes,yes,72.8,69.1,63.9,70.0,D
5751,4.9,82.0,no,yes,61.1,89.6,65.0,79.8,C
5752,3.3,64.3,yes,no,71.4,71.4,74.8,51.1,E
5753,6.8,50.4,yes,no,99.4,91.4,80.9,76.3,C
5754,7.4,86.5,yes,yes,100.0,90.6,97.5,100.0,A
5755,6.8,66.6,no,no,78.4,86.3,75.1,79.7,C
5756,7.0,61.9,yes,yes,88.8,67.4,75.0,85.5,B
5757,7.3,76.8,yes,yes,100.0,87.1,92.7,84.0,C
5758,2.0,58.1,yes,yes,31.2,27.0,34.0,29.5,F
5759,4.4,63.9,yes,yes,56.0,67.7,58.2,63.2,D
5760,4.5,75.6,yes,no,68.4,62.1,66.8,62.6,D
5761,4.1,98.7,yes,yes,68.9,61.8,72.9,66.5,D
5762,6.9,62.2,yes,no,91.3,91.1,92.7,89.5,B
5763,2.9,73.4,yes,no,51.4,58.5,65.5,47.3,E
5764,1.7,76.4,yes,no,45.5,74.8,49.4,52.5,E
5765,2.6,85.6,yes,yes,50.4,70.6,43.3,57.8,D
5766,1.6,76.1,yes,yes,16.8,43.8,40.2,36.0,F
5767,3.5,86.7,yes,no,66.9,79.0,67.7,70.2,C
5768,1.4,93.2,yes,yes,36.2,38.9,40.6,40.6,E
5769,1.2,64.1,yes,no,32.8,37.4,44.1,38.2,F
5770,3.9,91.8,yes,yes,74.0,72.0,54.6,65.0,D
5771,5.0,63.1,yes,yes,76.4,42.8,44.6,59.4,D
5772,5.1,90.5,yes,yes,63.2,79.8,84.0,75.8,C
5773,1.2,81.8,yes,no,47.2,34.2,37.8,35.7,F
5774,7.8,78.4,yes,yes,93.9,97.6,100.0,100.0,A
5775,1.4,73.2,yes,yes,40.7,32.1,51.9,42.9,E
5776,5.5,77.3,no,yes,69.5,77.5,78.2,75.6,C
5777,7.2,61.7,yes,no,78.1,79.0,73.8,86.1,B
5778,7.1,74.9,yes,no,100.0,96.7,100.0,94.7,B
5779,4.3,80.4,yes,yes,62.1,70.8,50.0,70.1,C
5780,2.6,69.1,yes,no,71.3,51.0,56.9,57.5,D
5781,6.7,69.1,no,no,82.8,87.8,66.3,77.0,C
5782,5.1,67.4,yes,yes,82.1,74.6,77.3,76.9,C
5783,6.4,90.9,yes,no,83.4,96.5,93.2,91.3,B
5784,3.5,69.2,yes,yes,74.5,42.1,44.4,52.5,E
5785,7.4,79.0,yes,no,93.5,90.7,82.6,93.3,B
5786,7.5,98.6,no,no,91.2,90.4,96.0,100.0,A
5787,6.0,51.5,yes,no,63.9,66.9,67.3,66.7,D
5788,7.6,61.0,yes,no,83.2,89.3,91.6,86.1,B
5789,3.9,96.3,yes,yes,60.8,65.0,66.6,61.9,D
5790,2.0,85.8,yes,no,47.6,62.0,40.6,45.3,E
5791,5.4,68.8,yes,yes,58.2,69.8,53.4,60.8,D
5792,5.4,54.5,yes,yes,48.4,44.3,73.2,59.0,D
5793,4.2,75.7,yes,no,60.5,80.9,58.1,72.8,C
5794,2.5,89.2,yes,yes,52.5,44.6,59.1,51.7,E
5795,5.2,71.1,no,no,48.1,78.8,63.8,71.0,C
5796,1.9,92.2,yes,yes,72.4,37.1,56.6,53.9,E
5797,6.1,64.5,yes,no,76.1,76.9,92.2,78.8,C
5798,7.3,74.8,yes,no,95.4,90.7,87.1,87.3,B
5799,1.7,54.5,yes,no,25.7,18.7,33.8,28.1,F
5800,6.7,76.3,yes,yes,99.8,99.6,88.0,86.4,B
5801,2.0,93.1,yes,no,48.1,76.0,58.7,56.1,D
5802,4.3,57.6,yes,no,75.3,54.8,56.3,55.6,D
5803,7.5,80.5,yes,no,100.0,100.0,100.0,100.0,A
5804,1.1,65.7,yes,yes,17.8,41.4,27.4,32.5,F
5805,1.2,67.7,yes,no,19.9,21.0,23.1,27.2,F
5806,7.7,50.4,yes,yes,76.8,68.4,67.7,74.8,C
5807,1.7,76.6,yes,no,47.9,56.7,61.7,53.2,E
5808,3.1,99.3,yes,no,80.7,84.1,93.0,69.4,D
5809,3.9,57.3,yes,no,49.5,71.0,71.8,60.9,D
5810,0.6,61.7,yes,no,28.5,23.8,46.6,38.8,F
5811,1.9,61.3,yes,no,34.6,55.8,37.6,43.8,E
5812,6.7,78.1,yes,yes,79.9,89.9,59.8,78.2,C
5813,4.4,59.5,no,yes,71.0,37.5,43.5,65.9,D
5814,3.5,97.6,yes,yes,49.0,68.6,34.3,61.1,D
5815,5.6,84.8,yes,no,89.9,82.9,82.8,82.4,C
5816,2.9,81.3,yes,yes,53.5,59.5,38.9,46.4,E
5817,3.8,50.2,yes,yes,47.3,57.3,50.2,47.3,E
5818,8.0,73.5,yes,no,84.2,99.4,99.8,93.7,B
5819,6.3,90.5,yes,yes,93.5,92.4,86.5,90.6,B
5820,4.7,75.3,yes,no,67.9,78.5,67.3,74.8,C
5821,4.5,86.9,yes,no,65.2,46.7,74.9,61.9,D
5822,6.8,84.1,yes,yes,87.6,78.4,100.0,94.4,B
5823,5.0,96.5,yes,no,77.3,89.7,84.5,83.6,C
5824,3.0,68.3,yes,no,43.9,58.9,59.7,57.6,D
5825,3.6,91.3,yes,yes,69.7,72.4,75.1,65.8,D
5826,1.9,63.0,yes,no,39.7,37.7,37.6,42.1,E
5827,7.7,77.9,yes,no,92.9,77.9,95.3,85.0,B
5828,5.4,80.9,yes,no,97.7,77.1,88.7,81.9,C
5829,3.5,72.1,yes,no,44.0,41.8,65.3,49.8,E
5830,3.2,55.1,no,no,37.0,60.2,65.8,49.6,E
5831,7.3,71.7,yes,no,87.4,90.0,90.2,82.9,C
5832,3.2,59.8,yes,yes,55.3,47.4,53.9,41.8,E
5833,6.2,74.4,yes,no,64.5,88.2,74.5,74.0,C
5834,6.8,51.0,yes,no,56.4,57.4,73.2,65.1,D
5835,7.3,74.2,yes,yes,79.5,70.0,70.3,82.9,C
5836,3.3,68.9,yes,yes,68.5,50.4,66.1,52.6,E
5837,6.2,50.7,yes,no,64.4,75.7,73.8,71.6,C
5838,3.0,81.1,yes,yes,55.2,42.6,39.1,49.6,E
5839,7.6,65.7,yes,no,81.2,72.0,91.8,82.8,C
5840,0.6,79.1,yes,yes,52.5,31.6,52.1,39.9,F
5841,4.8,94.3,no,no,74.0,78.3,72.8,70.1,C
5842,4.3,93.2,yes,no,75.3,74.0,66.0,68.1,D
5843,7.1,75.2,yes,no,86.3,100.0,69.0,88.1,B
5844,2.1,73.6,yes,no,36.7,60.2,45.6,45.8,E
5845,1.2,76.7,yes,yes,43.5,40.8,54.4,37.8,F
5846,6.8,69.5,yes,no,92.2,66.8,80.6,85.7,B
5847,3.1,64.8,yes,no,40.2,49.1,41.5,46.4,E
5848,2.9,57.9,yes,yes,42.0,45.0,55.9,44.1,E
5849,1.3,95.8,no,no,54.9,52.5,35.3,49.7,E
5850,7.4,53.1,yes,no,60.8,72.4,73.8,78.8,C
5851,5.2,67.3,yes,no,61.2,53.5,72.8,65.3,D
5852,5.7,58.3,yes,yes,78.8,80.7,86.4,78.1,C
5853,7.2,53.0,yes,no,72.8,58.9,62.7,74.1,C
5854,6.8,58.6,yes,yes,79.3,84.4,83.6,74.6,C
5855,3.9,72.8,yes,yes,32.7,38.3,61.1,52.4,E
5856,1.7,77.9,yes,no,54.8,34.7,48.4,54.5,E
5857,5.5,94.7,yes,yes,73.5,92.4,88.7,88.2,B
5858,5.4,84.2,yes,no,78.5,67.5,80.6,71.0,C
5859,0.9,90.1,yes,yes,34.2,18.0,35.3,37.2,F
5860,7.2,77.7,yes,no,76.7,79.2,71.1,86.4,B
5861,3.0,60.1,no,yes,33.8,53.4,54.3,46.6,E
5862,3.7,92.5,yes,yes,70.7,67.1,77.7,64.7,D
5863,4.4,73.7,yes,yes,62.9,59.1,66.4,63.1,D
5864,7.3,88.6,no,no,96.0,90.2,86.7,90.4,B
5865,1.8,50.3,yes,yes,25.7,26.5,29.2,28.6,F
5866,3.3,72.3,yes,yes,31.5,39.2,41.7,50.7,E
5867,4.3,66.9,yes,yes,70.8,41.3,38.6,57.1,D
5868,7.9,64.9,yes,yes,95.2,88.2,98.7,90.1,B
5869,3.8,83.7,yes,yes,64.4,61.8,65.5,55.4,D
5870,3.5,91.2,yes,yes,42.2,54.6,66.8,58.0,D
5871,7.5,93.2,yes,no,100.0,100.0,99.4,98.2,A
5872,5.5,90.0,yes,yes,84.3,87.3,91.1,76.4,C
5873,1.7,90.6,yes,yes,75.8,38.0,52.7,51.4,E
5874,1.8,91.8,no,no,58.4,65.0,59.3,57.9,D
5875,5.3,84.7,yes,no,87.1,67.8,51.4,83.6,C
5876,4.0,88.0,yes,no,63.9,81.3,57.1,59.6,D
5877,0.6,61.1,yes,yes,10.9,18.8,4.3,24.1,F
5878,3.9,97.9,yes,no,78.7,85.5,88.4,74.5,C
5879,7.5,75.2,no,yes,93.1,91.7,91.5,90.8,B
5880,6.1,63.1,yes,yes,66.5,55.7,79.0,65.6,D
5881,4.7,72.7,yes,yes,72.9,54.0,63.4,74.7,C
5882,2.0,91.2,yes,no,55.2,58.5,56.2,55.8,D
5883,3.0,84.6,yes,no,63.9,49.1,44.0,48.2,E
5884,8.0,57.6,yes,yes,78.1,85.0,59.8,82.4,C
5885,5.4,71.9,yes,no,79.2,75.3,95.0,81.6,C
5886,2.6,87.8,yes,yes,61.2,54.8,64.4,54.6,E
5887,6.0,84.7,yes,no,80.3,81.2,79.0,76.3,C
5888,1.2,59.5,yes,no,30.6,36.1,33.9,26.9,F
5889,3.3,87.1,yes,no,52.9,53.6,46.0,53.8,E
5890,2.2,83.7,no,yes,44.0,36.4,43.1,55.1,D
5891,7.2,62.2,yes,yes,74.5,85.2,79.3,86.7,B
5892,6.0,65.4,yes,no,81.2,72.0,70.3,78.3,C
5893,4.2,71.0,yes,no,64.4,72.3,67.4,70.1,C
5894,3.6,83.7,yes,no,72.4,71.2,72.1,69.7,D
5895,6.9,97.6,yes,yes,86.0,91.9,83.1,85.5,B
5896,2.0,99.7,yes,yes,64.1,42.2,66.2,49.3,E
5897,1.1,84.5,yes,yes,31.7,28.2,19.2,35.4,F
5898,6.9,70.6,yes,no,87.1,90.4,87.3,80.4,C
5899,6.9,53.4,no,yes,61.9,63.0,65.9,73.8,C
5900,2.3,79.6,yes,no,62.9,55.8,53.7,57.3,D
5901,2.0,74.1,yes,yes,53.6,45.9,62.5,45.8,E
5902,5.9,83.5,yes,no,95.3,63.8,79.5,84.7,C
5903,1.6,98.2,yes,no,40.4,45.0,38.7,44.6,E
5904,5.2,58.3,yes,no,66.5,57.8,52.4,57.8,D
5905,5.8,68.5,yes,no,80.3,66.0,63.0,65.3,D
5906,5.2,78.8,yes,no,61.9,57.1,66.8,66.5,D
5907,3.7,67.5,yes,yes,54.0,39.7,50.0,51.6,E
5908,6.6,58.8,yes,no,82.6,64.4,59.6,77.8,C
5909,7.5,79.9,yes,yes,90.1,100.0,85.8,95.2,A
5910,5.8,52.0,no,no,69.7,74.1,82.3,72.2,C
5911,3.6,68.9,no,yes,56.6,54.8,70.8,61.9,D
5912,8.0,98.6,yes,yes,99.8,85.3,99.6,97.3,A
5913,3.9,73.9,no,yes,45.6,39.0,47.7,52.2,E
5914,1.4,55.1,yes,no,21.6,31.5,31.8,31.4,F
5915,1.9,91.7,yes,no,79.9,59.8,53.1,60.9,D
5916,3.1,59.0,no,yes,53.6,31.7,60.6,48.3,E
5917,1.8,62.5,yes,yes,35.0,33.5,55.9,45.4,E
5918,6.3,98.1,yes,yes,85.7,89.2,99.4,97.5,A
5919,0.6,88.8,yes,no,18.1,49.4,35.1,41.3,E
5920,3.5,66.1,yes,yes,39.1,39.7,52.9,48.7,E
5921,7.1,82.4,yes,no,82.4,93.7,100.0,94.9,B
5922,1.4,74.4,yes,yes,42.5,52.2,43.8,42.8,E
5923,4.8,94.6,yes,yes,83.2,94.6,76.7,85.6,B
5924,7.5,78.0,no,no,79.5,99.0,100.0,93.1,B
5925,1.0,83.0,no,yes,57.6,63.5,55.7,49.4,E
5926,3.1,57.5,yes,yes,33.2,48.6,36.3,46.7,E
5927,0.8,62.5,yes,no,48.9,33.0,42.3,41.2,E
5928,5.6,51.3,no,yes,54.4,79.9,55.1,63.9,D
5929,3.6,79.4,yes,no,64.2,59.6,52.0,55.0,E
5930,7.6,78.1,no,no,85.1,84.4,89.9,92.4,B
5931,5.7,65.4,yes,yes,54.7,67.1,50.0,62.1,D
5932,5.0,61.6,no,no,81.9,49.8,60.4,69.3,D
5933,7.3,72.7,yes,yes,80.3,93.1,100.0,92.0,B
5934,1.5,55.2,yes,no,53.0,19.3,23.3,41.4,E
5935,6.4,92.6,no,no,89.4,84.3,98.8,92.6,B
5936,6.0,91.6,yes,no,67.0,69.0,77.3,75.4,C
5937,5.5,79.8,no,yes,84.8,71.9,93.6,83.7,C
5938,5.3,95.1,yes,yes,85.4,80.7,67.9,81.1,C
5939,1.4,80.7,yes,no,34.6,37.4,49.9,45.7,E
5940,6.6,74.5,yes,yes,80.5,80.7,91.9,80.9,C
5941,5.3,80.0,no,yes,75.8,84.3,100.0,72.9,C
5942,6.3,54.3,yes,yes,58.7,59.5,73.6,69.7,D
5943,7.1,60.9,yes,yes,94.8,93.6,90.8,87.1,B
5944,4.6,77.9,yes,yes,65.4,79.8,54.9,58.0,D
5945,7.7,55.6,yes,no,80.3,77.8,91.7,77.5,C
5946,1.3,90.5,yes,yes,54.4,35.2,44.1,51.6,E
5947,0.5,58.5,yes,no,26.7,28.9,23.7,25.6,F
5948,3.0,70.9,no,no,44.7,48.1,33.7,50.8,E
5949,2.1,74.2,yes,yes,50.2,62.4,31.8,48.9,E
5950,4.7,57.9,yes,no,69.0,40.3,46.1,52.3,E
5951,2.6,62.1,yes,no,20.1,47.0,47.9,49.4,E
5952,5.7,74.2,yes,no,70.7,77.7,81.5,80.8,C
5953,7.6,55.3,yes,no,73.0,78.9,57.4,80.9,C
5954,6.3,59.4,yes,yes,68.3,71.5,86.2,78.1,C
5955,3.7,51.2,yes,no,37.6,48.7,29.3,49.2,E
5956,7.9,75.3,yes,no,93.0,99.0,80.4,91.7,B
5957,6.3,91.1,yes,no,89.4,76.8,74.8,77.3,C
5958,6.6,90.5,yes,no,95.0,100.0,100.0,98.6,A
5959,2.0,67.7,yes,yes,58.8,52.8,39.5,42.8,E
5960,5.7,84.4,yes,no,100.0,82.9,85.6,86.8,B
5961,1.0,99.5,yes,no,54.2,28.3,23.3,46.0,E
5962,2.3,71.2,yes,yes,38.3,38.0,49.7,42.4,E
5963,0.6,95.7,yes,no,34.6,35.7,36.4,48.2,E
5964,5.8,88.9,yes,yes,89.3,97.5,90.5,87.4,B
5965,0.7,58.8,yes,no,44.0,36.8,47.9,37.1,F
5966,3.9,72.2,yes,no,69.9,71.0,58.0,65.4,D
5967,5.4,96.5,yes,no,100.0,91.4,80.0,85.8,B
5968,2.8,58.4,yes,yes,59.1,46.8,44.7,35.9,F
5969,3.3,52.9,yes,no,51.8,50.1,41.9,40.9,E
5970,7.0,63.4,yes,yes,83.5,71.6,89.0,82.9,C
5971,7.3,50.2,yes,yes,73.7,71.2,84.1,80.0,C
5972,6.9,56.4,yes,yes,72.4,80.0,81.5,80.8,C
5973,6.1,71.3,yes,yes,91.1,95.1,77.5,80.0,C
5974,2.6,88.2,yes,no,43.1,33.8,48.9,48.3,E
5975,1.1,60.7,yes,no,37.3,41.7,53.5,42.0,E
5976,4.2,92.5,yes,yes,64.7,76.1,75.4,69.6,D
5977,7.4,99.4,yes,no,100.0,96.2,88.1,100.0,A
5978,2.2,73.2,no,yes,45.0,68.6,36.8,51.7,E
5979,2.1,99.6,yes,no,65.6,43.4,56.1,50.9,E
5980,6.3,78.9,yes,yes,67.1,76.1,53.4,80.2,C
5981,4.9,53.0,yes,no,65.7,57.4,36.4,51.5,E
5982,3.5,55.5,yes,no,32.0,37.1,30.6,40.8,E
5983,7.0,75.6,yes,no,66.2,84.2,85.5,79.2,C
5984,4.9,96.1,yes,no,73.7,83.3,80.3,70.0,D
5985,7.4,54.9,yes,no,91.8,81.5,84.0,85.5,B
5986,3.3,78.6,yes,no,60.0,32.6,50.4,57.7,D
5987,3.8,90.6,yes,yes,66.7,77.7,62.7,64.4,D
5988,1.1,99.2,yes,yes,46.2,54.8,72.5,41.8,E
5989,3.3,95.4,yes,no,61.9,43.7,70.9,62.4,D
5990,1.8,55.3,yes,no,34.5,41.5,34.7,42.6,E
5991,0.7,53.8,yes,no,24.8,35.7,32.8,35.5,F
5992,2.4,60.3,yes,yes,44.9,36.7,26.1,41.1,E
5993,4.2,64.0,yes,no,68.6,66.9,63.5,63.5,D
5994,2.4,93.3,yes,no,72.1,63.7,57.9,63.4,D
5995,1.3,82.3,yes,yes,34.5,39.9,39.6,41.2,E
5996,3.9,97.1,yes,yes,76.7,68.3,51.7,65.8,D
5997,1.6,70.9,yes,no,57.3,56.9,42.5,38.5,F
5998,1.1,70.5,yes,yes,34.8,26.6,38.2,35.3,F
5999,7.7,64.0,yes,no,76.7,83.7,100.0,91.7,B
6000,4.1,71.9,yes,yes,45.6,65.5,44.8,57.2,D
6001,6.5,89.5,yes,no,75.0,88.3,73.7,80.8,C
6002,1.8,84.8,yes,no,29.5,38.2,58.9,49.7,E
6003,4.0,89.5,yes,no,59.3,50.7,63.2,58.2,D
6004,1.2,91.5,yes,yes,49.9,41.0,50.0,45.9,E
6005,3.6,50.2,yes,no,56.3,46.9,58.1,53.0,E
6006,6.7,61.9,yes,no,59.4,62.5,81.1,73.6,C
6007,7.2,82.7,yes,no,61.4,95.0,99.6,81.0,C
6008,4.4,72.3,yes,no,78.7,64.4,89.2,71.8,C
6009,2.6,55.9,yes,yes,62.2,43.3,36.1,40.5,E
6010,6.0,53.2,yes,no,80.1,65.7,73.7,66.0,D
6011,5.3,97.2,yes,no,85.1,86.0,68.1,85.4,B
6012,4.0,92.4,yes,no,53.6,65.7,66.6,62.4,D
6013,4.1,66.0,yes,no,57.3,56.5,66.6,63.0,D
6014,4.2,82.0,yes,yes,73.7,69.2,72.1,68.6,D
6015,3.0,57.3,yes,no,35.5,18.7,67.4,41.2,E
6016,4.4,56.7,no,no,51.6,42.1,64.7,55.2,D
6017,0.9,66.7,no,no,41.4,43.7,42.8,42.1,E
6018,4.8,64.1,no,yes,79.9,65.1,49.9,68.2,D
6019,4.2,99.0,no,no,93.0,67.2,83.2,79.8,C
6020,3.7,51.2,no,no,63.1,44.3,66.5,48.5,E
6021,2.9,77.4,yes,no,44.0,65.4,33.6,56.8,D
6022,5.2,92.7,yes,yes,72.1,95.4,81.2,74.9,C
6023,4.1,51.3,yes,yes,56.1,37.0,48.3,52.0,E
6024,1.3,77.7,no,no,45.5,39.0,59.7,51.0,E
6025,3.3,69.0,yes,no,51.1,76.0,49.7,57.0,D
6026,1.1,60.8,yes,yes,43.1,25.8,23.2,27.6,F
6027,3.3,61.8,yes,yes,78.7,61.1,63.4,55.0,E
6028,4.5,90.7,yes,no,73.1,84.2,83.1,82.2,C
6029,3.4,73.2,yes,no,52.0,64.0,67.6,60.4,D
6030,3.1,52.3,yes,yes,37.0,38.1,55.9,48.1,E
6031,2.6,70.4,no,yes,48.4,51.7,51.9,51.4,E
6032,3.4,90.8,yes,yes,85.3,65.4,93.0,68.1,D
6033,1.0,84.5,yes,no,44.5,59.3,45.8,51.3,E
6034,8.0,97.7,no,no,95.1,100.0,98.4,93.1,B
6035,4.7,88.7,yes,yes,90.5,60.0,86.4,66.1,D
6036,5.3,58.5,yes,no,73.6,73.0,59.2,69.5,D
6037,1.9,53.3,yes,no,37.3,28.7,27.0,27.7,F
6038,7.4,73.1,yes,yes,88.9,98.4,100.0,94.3,B
6039,4.8,72.2,yes,no,60.0,66.2,41.5,62.5,D
6040,3.6,77.4,yes,yes,71.6,74.5,60.2,65.2,D
6041,5.8,83.6,yes,yes,97.9,81.6,94.1,87.3,B
6042,2.8,62.7,yes,yes,26.8,24.6,52.5,41.6,E
6043,7.5,99.4,yes,yes,100.0,92.9,100.0,100.0,A
6044,1.8,74.7,no,no,32.7,31.5,45.8,36.5,F
6045,6.7,85.7,yes,no,66.8,94.9,83.8,83.1,C
6046,7.7,70.4,no,yes,80.7,93.3,78.1,85.5,B
6047,4.2,84.2,yes,yes,68.6,81.4,61.6,64.5,D
6048,7.1,99.2,yes,no,100.0,99.7,97.5,100.0,A
6049,1.0,57.7,yes,no,34.6,33.9,28.5,24.8,F
6050,5.2,71.8,yes,yes,74.5,69.4,71.7,69.1,D
6051,3.2,84.9,yes,no,57.9,58.0,62.7,67.0,D
6052,3.2,92.8,yes,yes,46.2,43.7,39.9,53.4,E
6053,3.9,81.9,yes,no,75.5,34.5,81.2,65.4,D
6054,5.0,61.6,yes,no,73.8,71.7,74.1,66.9,D
6055,5.1,82.3,yes,yes,78.2,84.7,71.2,69.4,D
6056,2.6,81.1,yes,yes,56.2,66.1,67.8,59.2,D
6057,3.4,52.2,no,yes,73.2,60.5,66.4,57.0,D
6058,2.4,80.3,no,yes,48.3,59.1,51.9,48.2,E
6059,5.2,76.6,yes,no,100.0,69.5,71.0,79.1,C
6060,1.3,64.5,yes,no,32.7,32.3,25.9,31.1,F
6061,3.7,61.9,yes,no,53.0,46.5,63.0,49.1,E
6062,7.8,88.4,yes,yes,100.0,100.0,86.8,98.9,A
6063,7.9,53.2,yes,yes,76.4,80.5,81.9,85.1,B
6064,4.4,64.2,yes,yes,69.6,87.0,79.0,69.1,D
6065,2.4,85.1,no,yes,43.6,66.7,44.9,52.3,E
6066,4.9,60.5,yes,yes,66.1,49.4,64.6,64.7,D
6067,4.2,55.9,yes,yes,38.3,74.1,47.1,52.9,E
6068,0.8,99.1,yes,yes,54.4,42.8,44.8,40.4,E
6069,7.9,78.3,yes,yes,100.0,99.9,86.1,98.7,A
6070,3.0,63.4,yes,yes,38.1,46.7,49.1,40.6,E
6071,3.5,57.7,yes,no,63.7,67.1,61.3,58.3,D
6072,4.4,50.4,yes,yes,68.6,50.3,54.8,63.7,D
6073,7.1,87.5,yes,no,99.7,100.0,78.4,92.4,B
6074,6.5,67.9,yes,yes,61.6,67.1,81.0,70.7,C
6075,2.0,59.7,no,no,42.4,58.4,34.8,36.6,F
6076,5.9,95.2,yes,no,67.2,54.6,53.9,76.5,C
6077,7.1,84.8,yes,no,95.8,82.9,79.8,85.4,B
6078,5.9,90.5,yes,yes,91.2,79.5,100.0,86.4,B
6079,1.5,82.8,no,yes,31.0,37.7,22.2,35.7,F
6080,4.5,95.8,yes,no,83.9,67.0,69.7,69.4,D
6081,6.8,67.2,yes,no,97.6,78.6,91.6,83.4,C
6082,2.0,57.8,yes,yes,39.2,28.6,39.7,45.6,E
6083,4.5,50.3,no,no,49.8,55.6,46.0,59.9,D
6084,5.5,51.7,yes,yes,58.0,74.6,67.9,66.9,D
6085,5.3,92.7,yes,yes,74.7,76.9,70.2,73.0,C
6086,1.3,80.7,no,no,42.6,46.7,42.0,48.3,E
6087,2.6,52.3,no,yes,39.2,30.3,41.0,37.2,F
6088,4.6,55.3,yes,yes,74.9,56.8,79.8,64.0,D
6089,2.1,84.8,yes,yes,65.5,38.4,39.2,48.0,E
6090,3.0,69.2,yes,yes,35.7,45.8,50.9,50.6,E
6091,3.6,88.7,yes,no,48.4,75.4,77.5,72.2,C
6092,0.6,96.8,yes,no,34.1,39.3,38.4,36.9,F
6093,4.3,87.8,yes,yes,59.7,64.8,56.4,71.7,C
6094,8.0,59.1,yes,yes,87.0,80.3,87.5,93.5,B
6095,3.6,82.5,yes,yes,54.7,71.4,53.0,56.4,D
6096,2.6,79.8,yes,no,58.9,46.1,48.0,50.7,E
6097,2.4,92.4,yes,yes,53.1,43.0,68.3,52.3,E
6098,4.4,60.0,yes,no,58.4,65.8,44.2,64.3,D
6099,3.9,85.9,yes,no,70.2,63.9,84.0,67.8,D
6100,7.0,80.0,yes,yes,87.1,99.7,77.0,87.6,B
6101,5.3,73.9,yes,yes,75.8,71.6,68.3,79.0,C
6102,3.5,64.6,yes,yes,40.1,38.8,43.5,50.1,E
6103,3.4,51.3,yes,yes,37.9,41.4,51.8,41.9,E
6104,4.6,90.3,yes,no,84.3,77.1,87.7,78.6,C
6105,2.4,55.4,yes,yes,43.7,31.6,34.7,37.9,F
6106,3.7,68.9,yes,yes,44.7,50.8,51.5,55.3,D
6107,2.6,74.8,yes,yes,48.3,57.0,49.9,51.8,E
6108,4.4,66.5,yes,yes,62.1,83.2,70.6,71.5,C
6109,4.6,83.1,yes,no,75.4,54.5,66.0,67.0,D
6110,6.9,66.4,no,yes,85.2,81.9,95.6,84.5,C
6111,2.4,75.8,yes,no,49.1,64.2,60.8,57.8,D
6112,7.3,54.8,yes,yes,71.5,85.4,84.1,75.9,C
6113,4.5,71.7,yes,no,47.5,82.8,62.1,70.5,C
6114,6.0,79.2,yes,yes,80.2,70.9,69.7,84.4,C
6115,5.1,93.1,yes,no,87.5,81.2,82.5,83.6,C
6116,6.7,59.1,yes,no,87.9,87.2,92.9,83.5,C
6117,5.5,66.9,yes,no,63.8,58.6,71.3,69.6,D
6118,0.6,63.0,yes,yes,21.9,22.9,24.0,22.7,F
6119,3.4,57.6,no,yes,55.4,33.6,50.9,50.6,E
6120,7.5,69.3,yes,no,90.8,71.2,76.0,81.3,C
6121,3.9,95.4,yes,yes,59.8,45.1,74.0,62.3,D
6122,6.7,68.6,yes,yes,88.0,73.1,85.6,80.6,C
6123,7.0,63.6,no,yes,66.8,49.3,71.9,76.8,C
6124,3.0,97.9,yes,no,65.7,68.7,72.0,61.0,D
6125,6.9,85.8,yes,yes,86.0,85.5,76.8,83.4,C
6126,3.3,68.5,yes,no,43.0,59.2,59.1,60.8,D
6127,0.7,87.5,yes,no,44.1,34.4,28.4,45.2,E
6128,5.7,81.9,yes,no,93.9,59.6,86.4,81.0,C
6129,6.7,92.7,yes,yes,71.4,86.1,82.1,82.7,C
6130,3.9,55.6,no,no,52.3,39.3,41.4,49.7,E
6131,1.8,77.0,yes,yes,55.1,45.5,74.8,47.8,E
6132,5.1,85.1,yes,yes,78.4,76.1,74.9,68.9,D
6133,6.0,99.9,yes,yes,97.5,76.6,100.0,94.7,B
6134,5.4,80.1,yes,yes,78.3,83.5,88.1,82.7,C
6135,3.2,57.0,no,no,58.2,49.2,48.3,49.6,E
6136,3.3,98.6,yes,no,58.1,93.6,46.1,58.5,D
6137,4.6,72.9,yes,yes,47.9,54.7,58.8,60.3,D
6138,2.0,74.4,no,yes,34.6,14.9,55.6,36.2,F
6139,6.8,62.7,yes,no,57.5,68.4,74.3,75.2,C
6140,1.3,90.7,no,yes,54.2,35.5,52.7,52.9,E
6141,4.1,76.5,yes,yes,58.4,73.0,61.0,59.4,D
6142,6.9,98.7,yes,yes,88.3,100.0,100.0,100.0,A
6143,4.5,76.0,yes,yes,97.1,70.9,63.2,73.6,C
6144,6.2,59.0,yes,yes,69.1,85.4,79.2,80.3,C
6145,2.3,88.5,yes,no,63.8,62.2,65.4,60.4,D
6146,3.8,57.4,yes,yes,46.4,45.3,56.7,47.3,E
6147,5.8,64.2,yes,no,68.6,61.3,75.2,74.3,C
6148,7.2,97.0,yes,yes,91.2,100.0,78.9,94.9,B
6149,5.3,98.8,yes,no,69.1,78.0,86.8,76.4,C
6150,2.3,88.8,yes,yes,66.0,86.8,64.4,62.3,D
6151,1.6,60.3,yes,no,61.6,45.4,53.9,46.2,E
6152,6.8,87.1,no,yes,100.0,91.3,81.7,86.8,B
6153,4.7,79.7,yes,yes,82.6,78.2,91.1,76.3,C
6154,1.9,72.3,yes,no,46.8,48.9,55.3,54.0,E
6155,4.1,72.3,no,yes,75.2,72.3,64.3,70.7,C
6156,1.4,72.7,no,no,36.8,33.5,54.5,35.5,F
6157,1.3,66.1,no,no,31.4,14.8,24.2,27.3,F
6158,7.4,76.9,yes,yes,70.0,94.2,86.7,83.7,C
6159,4.6,51.8,yes,no,34.5,45.2,55.9,51.0,E
6160,2.4,92.4,yes,no,63.9,59.7,58.6,51.5,E
6161,7.1,94.9,no,yes,91.3,92.3,79.8,92.3,B
6162,8.0,69.5,yes,no,94.1,100.0,100.0,98.0,A
6163,7.1,97.4,yes,no,94.6,94.3,99.4,92.7,B
6164,6.1,88.8,yes,yes,77.7,100.0,100.0,92.4,B
6165,7.7,92.4,no,no,100.0,100.0,89.8,100.0,A
6166,2.0,94.6,yes,no,32.9,46.1,44.5,45.5,E
6167,7.1,67.0,yes,no,76.7,100.0,94.0,93.3,B
6168,3.2,90.6,yes,no,70.3,58.4,59.9,57.4,D
6169,0.7,57.3,yes,no,60.8,35.9,51.8,32.6,F
6170,0.7,98.9,yes,yes,40.0,70.8,63.4,51.1,E
6171,1.9,79.8,yes,no,49.0,42.6,36.2,44.6,E
6172,6.3,84.7,yes,no,100.0,100.0,100.0,92.0,B
6173,7.2,65.3,yes,no,73.0,95.0,77.1,89.9,B
6174,1.5,51.6,yes,yes,39.1,37.4,38.6,38.0,F
6175,6.8,58.2,no,yes,95.9,87.8,74.5,85.4,B
6176,6.2,57.1,yes,yes,64.1,71.8,80.8,69.4,D
6177,0.9,72.1,yes,yes,53.8,43.2,36.0,40.6,E
6178,6.0,64.6,yes,yes,79.9,77.5,67.1,73.7,C
6179,0.8,97.2,yes,yes,38.4,50.8,57.5,49.1,E
6180,2.5,92.1,yes,yes,48.8,65.1,66.9,61.6,D
6181,4.5,77.0,yes,no,63.0,79.5,65.2,69.5,D
6182,7.3,92.6,yes,yes,95.3,100.0,100.0,100.0,A
6183,1.3,79.3,yes,no,37.4,43.3,36.9,36.9,F
6184,3.1,96.0,yes,no,73.2,71.1,60.1,53.8,E
6185,4.8,87.3,yes,no,71.2,73.5,72.1,76.6,C
6186,6.1,86.8,yes,no,76.0,63.9,81.4,74.8,C
6187,7.4,63.7,yes,no,97.8,80.8,77.2,79.8,C
6188,4.0,89.7,yes,no,71.2,54.7,67.6,61.4,D
6189,6.8,88.6,yes,yes,87.2,99.8,67.9,86.8,B
6190,5.1,54.0,yes,no,69.7,45.4,67.5,72.2,C
6191,2.0,52.9,yes,no,25.0,35.8,29.3,41.0,E
6192,4.8,94.1,no,no,64.3,48.5,53.5,66.8,D
6193,2.9,98.9,yes,yes,95.4,74.2,73.7,72.3,C
6194,5.8,80.2,yes,yes,80.6,76.2,92.4,87.6,B
6195,2.6,58.5,no,no,59.1,49.0,59.3,48.5,E
6196,2.5,71.1,no,no,47.2,69.6,61.7,54.1,E
6197,7.6,51.1,yes,no,82.9,73.6,64.7,74.6,C
6198,7.3,91.1,yes,no,100.0,100.0,97.6,95.6,A
6199,3.9,55.2,yes,no,47.1,63.3,52.4,52.4,E
6200,6.2,66.8,yes,no,73.1,88.5,70.7,79.5,C
6201,7.9,78.1,yes,yes,100.0,82.0,95.1,99.1,A
6202,1.2,84.9,yes,no,45.9,53.0,47.3,38.7,F
6203,5.0,95.4,yes,no,82.6,71.0,77.9,73.8,C
6204,2.4,71.1,yes,no,55.4,61.2,44.7,55.1,D
6205,6.5,59.6,yes,yes,60.6,73.2,64.8,71.4,C
6206,1.3,55.4,yes,yes,28.7,21.7,31.2,29.6,F
6207,6.4,82.9,no,no,77.6,79.2,67.6,88.5,B
6208,2.0,56.4,yes,yes,48.5,65.9,36.3,42.9,E
6209,3.9,82.9,yes,no,51.2,51.4,65.7,61.9,D
6210,6.6,72.8,no,no,83.4,91.7,84.0,91.4,B
6211,1.0,70.8,yes,no,31.5,52.1,36.7,33.3,F
6212,7.5,63.0,yes,yes,94.0,75.2,58.1,80.4,C
6213,2.1,95.1,yes,no,34.2,61.3,52.8,46.4,E
6214,4.3,85.8,yes,yes,59.7,72.4,57.7,66.5,D
6215,6.0,76.2,no,yes,75.9,95.5,86.7,81.0,C
6216,1.4,71.2,yes,no,35.8,49.4,43.8,31.5,F
6217,5.1,68.0,yes,yes,48.8,58.2,61.7,58.0,D
6218,4.4,70.0,yes,yes,48.6,38.7,55.7,61.0,D
6219,4.9,92.7,no,yes,68.1,55.9,89.2,76.0,C
6220,5.5,71.1,yes,no,71.4,69.5,64.0,67.9,D
6221,3.7,50.2,yes,yes,24.9,34.4,36.8,41.2,E
6222,2.7,96.2,yes,no,75.0,61.5,59.5,64.6,D
6223,1.9,79.6,yes,no,50.9,52.5,39.7,43.7,E
6224,7.5,58.3,yes,no,84.6,61.4,66.2,77.9,C
6225,3.5,56.3,yes,yes,52.6,44.8,38.9,48.4,E
6226,2.6,68.8,yes,no,47.2,28.2,59.3,46.3,E
6227,0.9,80.6,yes,yes,27.9,17.9,52.5,36.1,F
6228,6.1,97.0,yes,no,88.0,100.0,87.0,92.6,B
6229,4.5,52.7,no,no,56.4,64.9,68.6,61.3,D
6230,1.9,67.6,no,yes,18.3,15.6,33.4,33.0,F
6231,7.2,62.9,yes,no,94.2,85.5,73.1,79.8,C
6232,7.5,71.1,yes,yes,77.4,62.0,98.3,89.9,B
6233,7.1,89.6,yes,yes,94.4,91.9,95.7,99.3,A
6234,4.7,57.9,yes,yes,53.8,69.8,67.9,57.1,D
6235,3.3,96.7,yes,no,58.8,42.7,52.8,55.6,D
6236,1.7,62.8,yes,no,41.2,48.8,51.9,45.7,E
6237,3.3,87.6,no,no,58.5,71.2,63.2,65.8,D
6238,5.1,82.0,yes,no,84.5,68.7,81.3,74.9,C
6239,2.2,77.4,yes,yes,83.0,45.4,38.3,50.3,E
6240,4.0,92.2,yes,yes,95.2,63.8,61.7,74.0,C
6241,4.8,80.4,yes,yes,71.9,79.9,79.2,71.1,C
6242,6.0,89.1,yes,no,69.2,78.5,87.6,86.0,B
6243,1.2,79.5,yes,yes,33.9,44.4,47.4,51.3,E
6244,7.0,86.0,yes,yes,94.5,74.9,87.9,84.9,C
6245,3.9,52.4,no,no,55.3,81.1,42.4,54.8,E
6246,4.9,82.3,yes,no,79.5,94.2,88.6,77.9,C
6247,7.6,94.4,no,no,94.5,95.8,83.2,91.5,B
6248,1.8,82.5,yes,no,48.9,58.1,55.0,55.8,D
6249,7.1,90.9,yes,no,88.9,100.0,86.9,89.0,B
6250,6.5,99.5,yes,yes,100.0,89.9,100.0,97.2,A
6251,8.0,57.8,yes,yes,100.0,79.3,71.8,89.6,B
6252,3.4,84.5,yes,no,78.6,73.7,46.3,62.0,D
6253,1.5,94.9,yes,no,65.7,77.8,39.3,58.5,D
6254,0.6,51.4,yes,yes,19.2,17.5,26.1,23.9,F
6255,6.4,58.7,no,no,75.9,77.4,70.4,73.9,C
6256,1.5,62.5,yes,no,49.9,43.7,54.2,37.6,F
6257,2.8,94.0,yes,yes,86.7,69.9,72.8,68.0,D
6258,7.9,98.9,yes,no,100.0,100.0,85.3,100.0,A
6259,3.8,95.7,yes,yes,72.5,76.5,75.3,77.7,C
6260,2.2,73.7,yes,yes,65.8,28.3,60.9,54.1,E
6261,6.1,83.4,yes,no,75.9,81.0,81.2,81.8,C
6262,2.5,55.2,yes,yes,48.6,45.6,34.5,37.7,F
6263,4.5,99.0,yes,no,97.5,89.8,79.2,84.5,C
6264,1.7,97.2,yes,no,53.7,41.1,44.9,45.4,E
6265,4.0,79.8,yes,no,49.0,64.9,44.0,54.7,E
6266,1.3,57.2,yes,no,23.3,34.1,34.3,33.9,F
6267,6.3,97.4,no,yes,88.3,95.5,95.3,91.4,B
6268,3.2,94.8,yes,no,73.2,61.2,63.9,67.1,D
6269,2.9,99.5,yes,no,53.1,57.3,62.1,61.2,D
6270,8.0,75.4,yes,yes,82.2,100.0,100.0,100.0,A
6271,6.7,67.4,yes,no,98.6,84.7,80.6,84.2,C
6272,4.7,68.9,yes,no,59.4,68.9,82.6,72.1,C
6273,7.6,74.9,yes,no,100.0,93.1,75.8,98.0,A
6274,2.1,95.6,yes,yes,66.6,39.7,48.2,62.8,D
6275,4.8,56.4,yes,no,55.0,50.6,68.0,62.8,D
6276,7.5,82.4,no,no,83.2,83.6,93.3,84.9,C
6277,4.8,95.8,yes,yes,86.6,69.6,66.9,70.9,C
6278,2.8,63.7,yes,no,24.4,45.3,50.5,41.6,E
6279,6.6,76.3,yes,no,94.0,95.7,76.6,83.1,C
6280,1.5,89.7,no,no,41.5,36.1,34.3,41.1,E
6281,1.6,75.7,no,no,31.2,26.9,42.9,39.3,F
6282,6.0,76.4,yes,yes,76.9,87.9,79.3,73.1,C
6283,1.0,88.3,yes,no,44.7,53.5,49.0,49.0,E
6284,0.9,58.2,yes,yes,35.4,28.3,50.3,34.0,F
6285,3.3,85.7,yes,no,74.9,49.4,73.6,67.1,D
6286,3.5,95.7,yes,yes,65.2,80.4,30.6,56.6,D
6287,4.0,55.1,yes,yes,53.8,55.7,58.7,58.1,D
6288,6.1,53.0,yes,no,68.1,64.2,66.0,60.2,D
6289,4.8,54.4,yes,yes,77.7,48.2,68.3,57.6,D
6290,5.9,86.8,yes,no,60.0,61.0,85.2,71.9,C
6291,0.9,69.6,yes,yes,32.3,53.0,45.6,40.5,E
6292,2.9,73.2,no,yes,32.4,42.6,48.7,47.2,E
6293,7.7,86.4,no,no,100.0,92.3,100.0,98.0,A
6294,3.7,76.2,yes,yes,51.5,51.8,53.9,51.4,E
6295,2.2,80.0,yes,no,38.0,40.2,13.6,39.9,F
6296,7.9,92.5,yes,no,100.0,100.0,100.0,100.0,A
6297,3.6,72.6,yes,no,75.3,65.0,52.0,66.2,D
6298,4.1,93.7,yes,yes,67.2,71.2,86.3,65.1,D
6299,2.2,76.2,yes,yes,71.0,50.4,54.4,57.2,D
6300,5.4,70.1,yes,no,62.1,53.9,68.3,63.3,D
6301,2.1,63.1,yes,yes,23.7,26.4,43.1,35.7,F
6302,5.1,86.5,yes,yes,89.3,66.9,83.2,74.4,C
6303,6.2,81.1,yes,yes,82.8,100.0,89.9,84.8,C
6304,5.4,90.4,yes,yes,59.7,70.9,78.3,76.5,C
6305,1.2,77.3,no,yes,9.5,33.8,64.2,39.4,F
6306,1.1,93.3,yes,no,23.4,45.9,51.1,38.5,F
6307,6.8,64.4,yes,yes,82.7,96.4,79.8,89.3,B
6308,7.3,86.5,yes,yes,85.6,74.6,83.0,85.6,B
6309,1.5,69.7,yes,yes,34.1,29.0,57.6,31.2,F
6310,3.3,55.7,yes,yes,26.3,16.7,18.2,41.7,E
6311,5.4,76.4,yes,yes,64.7,73.3,64.6,68.1,D
6312,6.8,61.6,yes,no,64.3,77.7,60.1,71.0,C
6313,7.3,53.1,yes,no,79.2,81.8,66.8,75.4,C
6314,5.7,68.2,no,yes,72.1,84.1,46.9,64.0,D
6315,1.6,98.9,yes,yes,62.2,51.0,52.7,46.4,E
6316,6.3,94.7,yes,yes,96.1,83.4,92.2,82.5,C
6317,6.9,99.0,no,yes,71.2,86.8,86.8,85.0,B
6318,3.1,51.4,no,no,38.7,31.2,36.9,37.2,F
6319,4.2,57.6,no,yes,57.5,81.1,54.4,60.3,D
6320,1.7,61.8,yes,yes,42.1,61.7,54.5,43.8,E
6321,2.8,86.8,yes,yes,50.8,46.2,62.8,51.8,E
6322,7.0,98.9,yes,no,100.0,88.1,100.0,99.7,A
6323,1.2,70.3,yes,no,42.8,36.6,23.3,35.9,F
6324,6.2,79.2,yes,no,78.5,77.6,72.4,78.1,C
6325,1.2,54.4,yes,yes,36.7,36.0,34.6,35.3,F
6326,2.7,81.5,no,no,48.4,62.7,68.5,60.6,D
6327,4.9,95.0,yes,no,85.3,61.8,76.1,79.0,C
6328,0.5,83.0,yes,no,34.9,35.1,44.4,37.5,F
6329,5.6,82.7,yes,no,69.2,78.5,59.7,77.2,C
6330,2.9,74.4,yes,no,36.1,39.0,55.7,49.2,E
6331,6.1,72.5,yes,yes,100.0,96.0,77.0,83.7,C
6332,7.8,68.5,yes,no,89.9,89.0,83.0,94.9,B
6333,3.6,91.0,no,yes,79.4,68.0,70.3,70.6,C
6334,0.7,82.2,yes,no,49.3,63.2,52.0,46.0,E
6335,6.9,65.0,yes,no,100.0,73.1,77.4,89.6,B
6336,2.6,75.9,yes,no,43.2,58.4,74.2,59.4,D
6337,1.6,55.8,yes,no,52.7,29.5,32.4,39.6,F
6338,7.1,52.3,yes,yes,90.1,78.7,99.2,74.9,C
6339,2.2,56.8,yes,yes,34.6,49.0,33.5,44.4,E
6340,5.0,93.4,yes,yes,93.4,86.0,76.7,85.6,B
6341,2.4,62.9,yes,yes,27.9,28.2,27.8,37.5,F
6342,5.8,98.2,yes,no,74.1,68.3,76.9,77.4,C
6343,5.4,66.9,yes,no,62.5,66.8,84.5,72.6,C
6344,4.3,70.5,no,yes,68.8,53.4,57.4,63.4,D
6345,4.7,90.6,yes,no,66.1,74.0,67.9,69.4,D
6346,2.2,61.2,no,no,38.9,33.5,33.7,39.2,F
6347,0.7,95.5,yes,no,28.0,39.8,44.1,38.4,F
6348,6.5,82.7,yes,yes,97.7,83.2,91.2,88.7,B
6349,7.2,53.1,no,no,81.7,96.5,100.0,84.2,C
6350,6.3,97.8,yes,no,84.6,93.3,86.9,83.6,C
6351,5.8,64.4,yes,yes,65.1,69.9,75.7,70.8,C
6352,4.0,61.6,yes,no,32.0,54.1,57.3,49.3,E
6353,4.9,94.9,yes,yes,58.9,78.0,50.5,68.3,D
6354,5.7,66.3,yes,yes,60.9,63.3,54.3,63.3,D
6355,0.7,86.1,yes,yes,36.3,30.8,42.2,38.1,F
6356,3.7,51.7,yes,no,71.3,62.9,71.2,56.4,D
6357,2.2,96.1,yes,no,68.2,51.5,49.3,52.8,E
6358,3.2,70.5,yes,no,64.3,41.2,55.6,57.6,D
6359,6.1,58.9,yes,yes,93.3,69.3,69.0,73.6,C
6360,3.2,99.1,yes,no,58.4,75.2,66.2,63.3,D
6361,6.0,87.1,yes,yes,83.0,77.6,92.5,76.2,C
6362,7.8,89.7,yes,yes,95.4,74.4,87.7,91.9,B
6363,7.4,75.0,yes,no,96.4,85.4,100.0,92.1,B
6364,6.7,84.4,yes,yes,74.5,79.6,62.8,83.9,C
6365,6.9,64.5,no,no,85.6,74.2,94.5,84.8,C
6366,3.5,75.9,yes,yes,56.3,46.5,63.2,60.5,D
6367,6.0,69.0,yes,yes,68.1,58.8,77.1,79.0,C
6368,5.5,71.3,yes,yes,81.3,74.8,84.9,76.2,C
6369,7.9,50.2,no,yes,65.0,85.8,82.1,82.2,C
6370,4.8,90.5,yes,yes,85.2,50.3,52.9,72.8,C
6371,3.7,60.9,yes,no,57.5,76.5,55.1,56.8,D
6372,6.8,73.7,yes,yes,81.4,82.0,92.7,92.8,B
6373,6.1,82.9,yes,yes,80.6,87.3,81.2,83.9,C
6374,1.4,51.7,no,yes,38.8,43.9,35.3,39.0,F
6375,5.0,67.1,yes,no,72.0,47.0,57.0,61.3,D
6376,4.9,63.2,yes,yes,69.7,53.5,52.7,56.2,D
6377,5.2,56.6,yes,yes,64.9,76.4,59.5,66.7,D
6378,7.6,90.7,yes,no,93.7,83.2,91.5,94.5,B
6379,5.0,77.1,yes,no,92.6,86.8,78.6,73.7,C
6380,7.0,72.8,no,no,62.0,51.2,57.6,77.9,C
6381,3.2,56.6,no,yes,31.6,46.0,43.2,46.2,E
6382,0.9,75.7,yes,yes,59.5,50.5,44.6,45.1,E
6383,3.3,63.4,yes,yes,45.3,42.4,47.7,47.4,E
6384,4.5,56.3,yes,yes,74.7,76.0,56.4,67.9,D
6385,6.7,76.3,yes,yes,99.9,79.5,89.0,85.7,B
6386,5.2,84.1,yes,yes,61.7,81.5,80.6,80.8,C
6387,3.8,52.8,yes,yes,61.5,57.1,42.6,48.5,E
6388,4.0,52.8,yes,no,59.8,39.4,44.4,52.3,E
6389,8.0,86.9,yes,no,82.5,100.0,100.0,97.2,A
6390,1.6,60.3,yes,yes,36.7,36.3,26.5,41.9,E
6391,2.0,57.7,no,no,32.6,38.6,35.3,32.2,F
6392,5.2,98.1,yes,no,87.0,71.4,83.7,80.4,C
6393,5.8,59.0,yes,no,50.5,70.6,43.5,60.9,D
6394,3.5,84.2,yes,yes,74.7,32.7,67.3,66.9,D
6395,0.7,90.7,no,no,33.7,22.3,21.6,32.8,F
6396,4.4,66.4,yes,no,51.9,80.3,77.9,60.4,D
6397,1.6,73.2,yes,yes,33.2,43.9,26.1,38.5,F
6398,0.9,77.7,yes,yes,39.8,24.8,49.7,34.9,F
6399,3.1,60.0,no,yes,35.0,30.1,38.5,41.1,E
6400,1.5,64.8,yes,no,39.4,37.5,45.8,42.8,E
6401,3.8,98.2,no,no,60.6,62.5,67.3,64.2,D
6402,6.2,63.7,yes,yes,58.7,72.6,59.3,75.1,C
6403,0.9,90.6,yes,no,46.3,63.5,46.1,51.6,E
6404,4.2,76.8,yes,yes,62.9,86.1,61.0,65.3,D
6405,4.2,82.3,yes,yes,67.3,65.7,51.2,67.2,D
6406,0.5,72.9,no,yes,33.0,29.0,23.7,26.0,F
6407,6.0,79.4,yes,no,74.2,80.0,83.7,83.4,C
6408,1.2,77.0,yes,no,45.8,26.6,23.6,36.5,F
6409,7.5,74.1,yes,no,84.5,95.3,100.0,88.3,B
6410,5.3,90.1,yes,no,76.3,77.8,68.4,77.1,C
6411,2.7,94.0,no,yes,37.9,66.4,40.0,54.1,E
6412,7.4,62.8,yes,yes,64.9,68.3,85.7,75.5,C
6413,3.5,56.8,yes,yes,62.9,53.3,42.5,53.7,E
6414,2.5,90.6,yes,no,53.6,48.4,55.5,63.1,D
6415,3.4,60.6,yes,no,33.2,43.4,52.5,43.5,E
6416,5.1,93.3,yes,yes,75.9,78.3,68.1,75.3,C
6417,5.9,55.1,yes,yes,73.0,59.8,76.7,66.2,D
6418,5.5,54.6,yes,yes,56.0,58.3,57.3,57.5,D
6419,7.4,59.1,no,yes,59.4,81.9,72.4,79.0,C
6420,7.7,50.6,yes,yes,66.5,62.3,84.2,80.5,C
6421,2.0,87.4,yes,yes,70.7,44.4,50.5,57.4,D
6422,7.3,69.9,yes,no,83.6,76.0,88.6,77.3,C
6423,1.3,97.3,yes,no,32.5,43.2,48.3,48.7,E
6424,7.7,68.3,yes,no,83.6,96.8,93.0,86.4,B
6425,2.4,85.1,yes,no,80.5,66.8,47.9,62.6,D
6426,2.5,84.2,yes,no,62.9,64.6,55.0,63.0,D
6427,3.7,66.2,yes,no,57.7,71.4,50.7,65.0,D
6428,1.9,94.6,yes,yes,35.5,56.8,63.8,50.0,E
6429,6.7,69.9,yes,no,72.6,70.3,73.3,77.0,C
6430,1.4,77.6,no,no,42.5,40.3,24.4,34.6,F
6431,3.8,69.9,yes,yes,87.1,83.6,60.6,66.3,D
6432,7.3,71.8,yes,yes,95.9,90.6,74.8,82.9,C
6433,5.3,52.7,yes,no,72.3,64.4,85.0,67.8,D
6434,5.1,65.5,yes,no,60.1,41.7,65.7,61.1,D
6435,8.0,97.4,yes,no,86.8,83.9,85.1,97.9,A
6436,0.7,91.6,yes,yes,42.4,46.4,39.6,44.9,E
6437,2.9,94.0,yes,yes,45.9,54.8,65.1,63.7,D
6438,1.4,85.6,yes,no,50.3,29.3,45.2,41.7,E
6439,1.9,82.7,yes,yes,48.8,54.8,46.7,46.9,E
6440,2.1,94.9,yes,yes,53.0,65.7,43.4,54.1,E
6441,5.2,76.9,yes,no,68.0,71.6,87.8,82.2,C
6442,2.5,95.8,yes,yes,64.5,76.6,61.1,61.3,D
6443,5.5,70.8,yes,yes,66.1,62.8,73.0,68.7,D
6444,6.0,79.9,yes,no,77.2,74.7,50.9,72.8,C
6445,3.5,73.6,yes,yes,65.1,48.1,67.4,65.5,D
6446,4.5,51.0,yes,no,60.4,58.8,62.2,50.3,E
6447,1.5,59.9,yes,yes,23.2,29.9,45.0,45.9,E
6448,6.1,96.4,yes,yes,85.9,68.1,80.7,83.5,C
6449,3.6,79.9,yes,no,67.9,61.0,50.6,59.3,D
6450,6.8,52.3,yes,no,79.8,61.7,56.6,77.7,C
6451,4.4,98.4,yes,yes,75.7,74.3,75.2,76.0,C
6452,5.7,96.4,yes,no,89.8,62.3,70.0,76.2,C
6453,3.2,85.6,no,no,42.4,63.8,66.4,54.2,E
6454,3.3,64.2,yes,no,45.8,66.2,45.6,58.2,D
6455,3.8,64.7,yes,no,57.5,48.9,57.7,57.5,D
6456,5.3,93.3,yes,no,97.4,96.3,92.9,89.6,B
6457,4.3,53.0,yes,no,64.6,53.8,64.4,61.6,D
6458,6.5,61.9,no,yes,98.4,94.0,76.9,86.0,B
6459,0.9,58.3,yes,yes,48.8,33.3,27.8,32.2,F
6460,7.3,85.8,yes,no,86.0,100.0,93.7,90.6,B
6461,7.4,69.1,yes,yes,96.8,83.8,87.7,90.4,B
6462,2.3,95.8,yes,yes,63.2,55.2,58.8,56.2,D
6463,1.3,90.1,yes,yes,59.1,57.0,36.2,52.9,E
6464,4.8,99.2,yes,yes,68.2,88.7,69.7,73.3,C
6465,1.0,64.9,yes,yes,20.0,25.3,30.7,24.7,F
6466,2.2,73.7,yes,no,45.3,36.4,43.9,46.3,E
6467,4.3,83.0,yes,no,73.5,45.8,42.0,63.3,D
6468,5.1,98.7,yes,no,63.6,76.7,80.7,79.7,C
6469,2.0,67.2,yes,no,46.4,40.7,38.4,41.0,E
6470,7.5,66.3,yes,no,71.8,59.8,72.0,81.1,C
6471,1.9,81.3,yes,no,61.3,55.3,64.2,55.2,D
6472,1.7,83.3,no,yes,47.9,59.4,59.6,51.7,E
6473,1.7,59.4,yes,yes,53.4,32.7,40.7,46.7,E
6474,7.5,72.7,yes,yes,99.9,82.2,90.9,89.0,B
6475,7.1,68.9,yes,yes,54.1,58.0,80.3,81.1,C
6476,0.7,71.1,yes,no,27.6,30.3,28.1,35.6,F
6477,5.9,57.0,yes,yes,62.3,55.5,74.2,62.4,D
6478,1.1,82.4,yes,no,36.5,50.1,35.8,41.8,E
6479,1.1,59.4,yes,no,24.9,40.1,39.6,41.7,E
6480,1.1,51.3,no,no,35.9,39.5,30.9,34.9,F
6481,6.7,74.8,yes,yes,77.8,99.6,93.9,91.6,B
6482,3.7,51.9,yes,yes,57.5,67.0,60.8,44.9,E
6483,4.7,83.3,yes,yes,56.3,62.5,71.4,61.3,D
6484,0.7,79.7,yes,no,37.5,32.5,62.0,42.3,E
6485,7.3,78.3,yes,yes,100.0,86.4,100.0,95.8,A
6486,7.9,54.8,yes,no,69.1,85.4,87.0,81.8,C
6487,2.3,56.2,yes,no,28.9,46.5,15.6,41.3,E
6488,5.4,83.3,yes,no,73.8,77.5,78.7,74.7,C
6489,5.6,51.6,yes,no,72.8,61.4,63.1,68.5,D
6490,7.7,55.8,yes,no,84.0,100.0,81.2,91.6,B
6491,4.1,88.2,yes,yes,53.3,71.2,67.4,72.1,C
6492,2.3,58.3,yes,no,41.4,33.4,38.6,42.5,E
6493,3.2,74.8,yes,no,59.0,73.6,48.2,60.4,D
6494,5.3,54.9,yes,yes,64.5,87.1,65.0,68.7,D
6495,4.0,61.8,yes,yes,48.0,64.2,69.6,48.0,E
6496,1.1,94.0,yes,no,61.1,39.2,37.3,52.0,E
6497,6.6,87.7,yes,no,95.4,100.0,99.1,95.9,A
6498,7.0,59.4,yes,no,74.7,66.3,74.7,71.4,C
6499,4.1,60.7,yes,yes,63.0,52.7,63.4,59.6,D
6500,4.4,73.7,yes,yes,56.9,58.1,54.9,54.9,E
6501,4.2,81.6,yes,no,62.2,63.2,71.1,66.3,D
6502,4.5,79.1,no,no,71.6,63.6,55.7,69.6,D
6503,1.3,64.2,yes,no,41.5,26.4,26.1,31.0,F
6504,3.8,97.3,yes,no,54.8,63.2,59.7,61.9,D
6505,3.9,91.8,yes,no,49.1,59.1,83.1,63.4,D
6506,8.0,82.6,yes,yes,100.0,100.0,95.9,100.0,A
6507,0.9,95.4,yes,yes,38.5,43.8,36.0,45.6,E
6508,2.8,64.7,yes,no,49.7,35.6,51.9,44.3,E
6509,4.2,65.0,no,no,51.2,54.3,76.6,66.6,D
6510,6.9,65.5,yes,yes,82.5,93.7,89.8,89.5,B
6511,4.0,58.0,no,yes,60.4,58.9,40.0,57.8,D
6512,2.7,57.0,yes,yes,34.1,42.1,38.3,37.9,F
6513,4.5,95.5,yes,yes,78.4,75.2,67.9,74.4,C
6514,2.7,92.9,yes,yes,62.7,59.5,56.9,55.2,D
6515,4.6,77.4,no,yes,56.9,52.1,51.6,59.1,D
6516,5.7,83.0,yes,yes,86.4,86.7,87.8,88.7,B
6517,4.5,61.9,yes,no,49.1,68.8,46.2,52.6,E
6518,5.1,51.1,yes,yes,54.1,60.3,38.0,57.6,D
6519,0.8,72.1,yes,no,39.0,41.6,41.3,30.8,F
6520,5.4,83.5,yes,no,76.4,59.0,61.8,72.2,C
6521,7.8,84.0,no,yes,84.9,85.3,91.3,90.4,B
6522,4.2,80.2,yes,no,80.4,58.7,82.8,66.7,D
6523,6.5,96.3,yes,no,100.0,83.9,88.0,96.0,A
6524,4.6,60.5,no,no,54.8,54.5,60.2,55.0,D
6525,5.8,63.2,yes,no,66.3,72.8,67.4,77.5,C
6526,2.8,54.0,yes,yes,39.7,43.2,50.3,45.3,E
6527,7.8,96.8,yes,yes,97.6,100.0,94.7,100.0,A
6528,2.1,72.7,yes,no,48.9,42.3,26.2,46.4,E
6529,1.7,70.1,no,no,64.6,53.4,55.5,49.0,E
6530,0.8,99.3,yes,yes,58.2,52.5,41.1,43.3,E
6531,4.6,71.4,yes,no,72.3,51.1,72.8,69.5,D
6532,5.1,66.7,yes,no,34.2,57.5,62.8,62.1,D
6533,5.4,60.4,yes,yes,46.3,67.1,51.1,58.9,D
6534,1.8,72.0,yes,yes,34.1,40.7,57.5,47.7,E
6535,5.4,84.3,yes,no,93.3,96.5,84.0,81.0,C
6536,1.7,95.7,yes,yes,41.7,68.9,46.0,52.8,E
6537,6.2,59.6,yes,no,61.7,70.0,79.4,80.1,C
6538,2.6,84.6,no,yes,76.5,54.6,73.9,58.8,D
6539,3.7,50.3,no,yes,45.0,53.4,47.1,49.8,E
6540,3.3,90.0,yes,no,65.1,79.6,61.3,63.8,D
6541,3.3,64.0,yes,no,60.4,62.1,71.1,57.4,D
6542,5.9,52.0,yes,no,69.2,65.5,86.1,62.5,D
6543,8.0,69.7,no,no,70.3,89.2,77.6,86.8,B
6544,4.5,94.6,no,yes,56.3,74.4,68.6,69.7,D
6545,3.5,61.6,yes,yes,70.1,56.1,54.7,55.8,D
6546,2.7,64.4,no,yes,44.9,55.9,65.3,55.7,D
6547,5.2,58.4,yes,yes,54.5,54.5,72.9,56.3,D
6548,3.9,99.1,yes,no,82.6,64.7,62.7,65.1,D
6549,6.3,71.6,no,yes,88.9,70.7,54.5,72.7,C
6550,5.1,97.4,yes,no,76.3,85.3,70.7,71.2,C
6551,3.6,54.6,yes,no,49.9,63.0,54.9,55.9,D
6552,7.6,72.4,yes,yes,100.0,99.2,100.0,99.1,A
6553,0.6,73.7,yes,no,26.5,56.6,24.1,37.1,F
6554,5.7,62.8,no,no,78.0,52.9,66.0,71.2,C
6555,3.6,74.9,yes,yes,73.4,63.2,78.0,66.8,D
6556,1.4,67.5,yes,no,33.3,46.3,50.0,45.9,E
6557,1.2,62.3,yes,yes,61.2,30.9,33.0,31.6,F
6558,5.4,68.3,no,yes,70.6,69.5,68.2,63.8,D
6559,1.6,81.8,yes,yes,33.7,46.8,39.0,40.4,E
6560,6.9,73.4,yes,yes,100.0,93.8,78.5,90.2,B
6561,2.8,70.5,yes,yes,56.2,44.6,55.4,55.8,D
6562,3.1,92.7,yes,no,60.7,71.3,62.6,61.7,D
6563,5.5,82.2,yes,yes,62.6,63.3,88.3,68.8,D
6564,2.2,81.8,yes,no,65.5,56.2,53.3,56.3,D
6565,0.6,61.1,yes,yes,45.7,35.1,35.8,30.6,F
6566,3.8,87.5,yes,no,61.1,39.6,66.3,62.8,D
6567,4.5,51.8,yes,no,66.9,62.6,76.0,65.4,D
6568,3.8,60.7,no,yes,40.7,27.9,48.0,48.3,E
6569,3.9,70.6,yes,yes,52.1,53.5,46.4,55.2,D
6570,5.5,94.5,yes,no,84.4,57.5,100.0,77.6,C
6571,6.8,51.4,yes,yes,93.5,95.0,68.0,83.6,C
6572,3.2,72.2,yes,no,60.7,56.6,55.1,62.2,D
6573,6.4,56.0,yes,no,75.0,69.8,74.5,76.9,C
6574,1.0,61.5,no,yes,31.1,52.9,49.4,31.4,F
6575,4.1,70.3,yes,no,47.7,51.5,48.0,53.7,E
6576,3.3,54.9,no,no,63.5,63.5,44.6,55.4,D
6577,4.0,91.5,yes,no,62.5,47.8,63.0,59.5,D
6578,1.2,54.1,yes,no,26.4,10.8,33.9,21.4,F
6579,1.5,79.3,yes,no,32.1,40.8,29.1,42.5,E
6580,2.7,58.2,yes,yes,56.1,39.4,51.5,46.3,E
6581,2.6,55.3,no,no,38.8,39.2,49.0,45.6,E
6582,3.4,73.1,yes,no,53.8,55.7,48.6,57.6,D
6583,3.9,67.3,no,no,48.6,49.4,45.0,57.4,D
6584,2.2,52.3,yes,no,31.7,21.1,39.7,37.6,F
6585,5.1,53.2,yes,no,55.6,60.6,48.2,57.1,D
6586,3.3,65.0,yes,yes,43.9,45.2,43.9,46.5,E
6587,1.0,89.1,yes,no,32.9,32.5,51.2,38.6,F
6588,2.3,92.6,yes,yes,60.2,62.5,48.2,46.1,E
6589,4.7,53.3,no,yes,61.7,60.0,49.9,53.4,E
6590,5.1,58.6,no,no,62.6,51.5,77.5,56.6,D
6591,6.5,67.0,yes,no,97.8,82.8,90.1,86.1,B
6592,2.3,82.5,yes,no,50.4,30.9,48.0,54.3,E
6593,4.7,64.3,yes,yes,61.1,48.5,64.2,58.6,D
6594,4.1,61.1,yes,no,59.9,62.2,70.1,59.8,D
6595,6.9,79.4,yes,yes,74.4,100.0,99.6,93.4,B
6596,6.0,84.1,yes,no,96.6,81.5,98.8,89.2,B
6597,1.5,74.4,yes,yes,43.1,42.5,58.4,46.7,E
6598,7.7,83.4,no,yes,93.4,91.9,90.5,92.3,B
6599,3.2,50.2,yes,yes,33.3,41.7,53.2,39.8,F
6600,7.7,66.4,yes,no,96.6,85.5,100.0,97.2,A
6601,2.6,80.5,yes,yes,70.8,32.8,47.7,45.7,E
6602,4.0,82.5,yes,no,49.5,99.5,96.7,74.4,C
6603,4.6,59.7,yes,yes,78.2,52.7,64.8,69.0,D
6604,1.0,66.6,yes,no,54.8,47.2,30.9,34.4,F
6605,5.9,61.3,no,no,52.1,74.8,58.1,71.1,C
6606,1.3,94.9,yes,no,33.6,39.1,41.1,40.2,E
6607,1.7,64.8,yes,yes,53.5,50.2,42.6,47.8,E
6608,2.7,94.1,yes,yes,55.0,76.1,54.1,59.1,D
6609,7.7,94.2,no,yes,83.4,90.3,95.4,89.6,B
6610,7.8,76.3,yes,yes,96.6,94.5,83.2,89.6,B
6611,4.2,93.5,no,yes,48.2,89.2,68.1,72.5,C
6612,4.5,53.8,yes,no,64.5,66.5,70.0,56.9,D
6613,2.1,56.3,yes,yes,43.8,18.6,24.3,35.8,F
6614,3.6,70.3,no,no,67.2,39.1,67.0,56.1,D
6615,7.9,84.6,yes,yes,99.2,96.2,100.0,94.1,B
6616,6.4,98.5,yes,no,100.0,90.7,100.0,98.9,A
6617,5.7,73.3,yes,no,69.0,70.6,61.8,68.9,D
6618,2.6,50.4,yes,yes,21.4,42.4,22.5,39.1,F
6619,6.2,59.1,no,no,76.0,98.1,77.1,80.8,C
6620,7.7,71.9,yes,yes,86.4,84.9,83.4,88.5,B
6621,7.9,84.5,yes,yes,94.6,95.0,78.2,97.1,A
6622,5.0,79.3,yes,no,64.5,60.2,62.3,71.8,C
6623,1.7,93.8,no,yes,50.9,54.6,52.9,55.8,D
6624,7.7,63.3,no,yes,92.3,74.2,92.4,85.7,B
6625,4.6,77.0,yes,yes,63.5,65.9,63.6,60.9,D
6626,0.8,57.2,yes,yes,27.1,31.5,34.8,35.8,F
6627,1.1,82.3,yes,yes,52.0,42.3,51.8,45.7,E
6628,4.8,88.1,no,yes,82.7,88.6,82.1,81.0,C
6629,6.8,75.7,yes,no,65.8,80.6,79.3,80.9,C
6630,7.6,72.4,yes,yes,86.9,93.5,66.7,85.7,B
6631,7.6,59.3,yes,yes,80.0,67.5,66.8,74.5,C
6632,4.8,96.7,yes,yes,59.0,75.3,69.5,67.7,D
6633,7.9,80.3,yes,yes,95.3,82.9,78.5,94.0,B
6634,1.6,90.8,yes,yes,43.9,62.6,65.1,54.1,E
6635,1.2,51.2,yes,yes,15.0,14.8,22.9,21.9,F
6636,0.7,62.6,no,no,26.1,11.4,42.0,22.9,F
6637,6.3,74.1,yes,no,91.9,79.1,79.5,77.7,C
6638,7.4,76.8,yes,no,100.0,100.0,99.4,95.0,A
6639,6.8,70.2,yes,yes,66.5,74.5,63.7,74.5,C
6640,7.5,66.9,yes,no,94.7,89.3,100.0,89.2,B
6641,4.6,72.5,yes,no,61.4,49.2,68.3,62.9,D
6642,6.2,68.3,yes,yes,82.0,97.4,71.7,71.6,C
6643,3.0,52.0,yes,yes,56.9,42.0,60.7,54.4,E
6644,6.2,84.6,no,no,79.1,93.1,90.0,90.5,B
6645,6.1,88.6,yes,no,78.2,81.1,69.5,78.2,C
6646,3.8,65.6,yes,yes,55.1,53.9,49.5,55.4,D
6647,0.8,98.3,yes,yes,22.3,46.5,43.9,41.2,E
6648,2.5,99.3,yes,yes,62.7,67.4,76.4,59.5,D
6649,7.1,78.4,yes,no,100.0,63.7,77.4,82.6,C
6650,4.9,89.7,yes,no,60.7,82.7,73.2,66.1,D
6651,3.5,77.3,yes,no,29.9,50.5,48.6,58.5,D
6652,7.6,63.1,yes,no,84.4,84.7,94.7,89.2,B
6653,3.2,53.5,yes,no,68.4,36.9,49.7,44.9,E
6654,3.0,67.2,yes,yes,33.9,33.0,37.1,44.6,E
6655,6.3,59.3,yes,no,88.4,89.0,82.1,76.4,C
6656,3.2,96.1,yes,yes,62.8,67.0,56.9,70.2,C
6657,3.8,98.6,yes,yes,69.4,74.8,66.2,66.3,D
6658,5.9,76.6,yes,yes,85.0,94.5,82.9,85.7,B
6659,3.7,78.2,yes,yes,44.3,68.7,66.6,53.8,E
6660,2.9,96.5,yes,yes,50.0,46.7,56.7,59.6,D
6661,0.6,87.4,yes,yes,41.9,24.8,43.4,30.8,F
6662,7.0,58.1,yes,yes,96.9,88.1,96.0,83.6,C
6663,4.5,97.6,yes,no,87.0,93.7,100.0,83.6,C
6664,6.9,78.6,yes,no,79.4,78.7,63.4,88.3,B
6665,5.1,51.0,yes,no,58.8,48.7,62.7,59.8,D
6666,2.0,59.8,no,yes,39.2,47.8,55.0,41.3,E
6667,3.2,89.8,yes,yes,71.2,67.2,70.8,66.7,D
6668,3.6,56.4,yes,no,49.0,42.9,50.2,50.0,E
6669,6.0,92.6,yes,yes,86.5,77.2,96.5,91.9,B
6670,4.6,89.3,no,yes,64.0,58.7,62.1,69.2,D
6671,5.3,51.8,yes,yes,58.2,65.5,75.9,59.7,D
6672,6.1,66.6,yes,yes,97.2,93.4,81.6,82.5,C
6673,2.6,75.3,yes,no,74.4,66.9,53.2,56.5,D
6674,7.1,53.8,yes,yes,73.8,59.2,45.9,69.0,D
6675,3.9,79.0,yes,no,65.2,73.6,70.3,62.6,D
6676,5.5,99.0,yes,no,83.2,100.0,78.2,91.2,B
6677,2.1,80.0,no,no,45.8,52.3,63.1,48.6,E
6678,2.3,74.7,yes,no,38.7,39.7,49.0,38.4,F
6679,6.0,93.3,yes,yes,96.4,92.7,84.7,86.7,B
6680,3.1,98.2,no,yes,53.3,39.8,35.5,55.5,D
6681,7.1,95.1,yes,no,82.0,71.0,81.4,88.8,B
6682,5.5,51.8,no,yes,54.6,54.9,57.2,55.7,D
6683,5.5,55.0,yes,yes,83.6,72.2,74.4,73.6,C
6684,3.4,80.8,yes,no,67.8,31.4,54.0,61.0,D
6685,7.3,61.3,yes,no,83.8,82.6,96.3,80.5,C
6686,7.6,76.1,yes,no,90.4,99.8,80.9,90.2,B
6687,2.4,91.9,no,no,49.6,69.2,35.7,55.8,D
6688,4.4,96.9,no,no,64.1,69.3,73.7,66.1,D
6689,7.3,66.7,yes,yes,78.7,78.2,90.6,83.5,C
6690,1.3,92.4,yes,no,38.6,58.6,43.9,46.5,E
6691,2.7,75.2,yes,no,47.4,65.8,51.6,54.0,E
6692,7.7,82.9,yes,yes,88.2,91.6,87.8,89.8,B
6693,4.1,56.3,yes,no,67.0,69.4,58.6,62.4,D
6694,7.6,53.2,yes,no,81.1,87.6,88.5,80.4,C
6695,3.4,89.0,no,no,56.1,78.3,58.8,57.2,D
6696,4.5,79.9,yes,no,73.0,36.2,61.7,69.4,D
6697,3.9,91.2,yes,yes,55.2,75.0,75.7,66.5,D
6698,3.9,55.8,yes,yes,26.9,45.2,59.9,47.1,E
6699,7.4,58.6,yes,yes,75.7,90.4,90.8,89.8,B
6700,5.7,53.1,yes,no,74.4,76.9,68.8,68.9,D
6701,7.6,82.5,no,yes,100.0,99.5,100.0,99.4,A
6702,3.0,80.8,yes,yes,59.6,65.3,80.3,62.7,D
6703,8.0,71.3,yes,no,96.1,88.6,86.4,90.5,B
6704,5.8,56.8,yes,yes,63.1,83.3,78.5,78.0,C
6705,1.5,51.2,yes,yes,9.3,27.8,25.0,23.7,F
6706,3.6,62.9,yes,no,48.6,39.2,47.0,48.7,E
6707,2.4,50.1,yes,yes,48.1,38.1,34.7,33.2,F
6708,2.3,97.4,yes,yes,51.6,58.5,82.5,51.1,E
6709,7.5,58.5,yes,no,73.4,91.6,85.5,88.9,B
6710,7.7,63.3,yes,no,73.9,90.7,89.8,78.6,C
6711,0.6,89.9,yes,yes,22.1,34.0,27.1,35.1,F
6712,1.5,99.7,yes,yes,49.1,36.1,41.8,45.9,E
6713,2.6,81.0,yes,no,49.4,60.1,27.9,58.8,D
6714,6.9,62.7,yes,no,98.2,87.1,87.2,87.5,B
6715,5.1,72.6,yes,yes,52.5,47.8,48.8,62.1,D
6716,4.7,53.0,yes,yes,41.6,57.9,53.3,50.9,E
6717,5.0,55.5,no,no,68.7,72.2,48.7,52.2,E
6718,7.6,85.5,yes,yes,83.3,97.1,81.4,97.5,A
6719,2.6,91.5,yes,yes,68.8,50.6,55.7,56.8,D
6720,1.4,63.5,yes,no,33.4,21.4,39.3,42.4,E
6721,5.1,86.9,no,yes,72.2,86.3,100.0,82.4,C
6722,7.8,82.0,yes,yes,99.2,99.8,92.6,90.3,B
6723,5.8,75.5,yes,yes,73.7,70.0,60.3,73.4,C
6724,7.2,64.5,yes,no,66.7,76.0,80.9,77.4,C
6725,7.2,99.3,no,no,87.5,75.8,97.7,93.2,B
6726,2.1,62.4,yes,no,30.4,49.0,42.1,46.4,E
6727,5.6,60.4,yes,yes,52.4,55.9,65.0,67.4,D
6728,7.0,55.5,yes,yes,84.1,87.0,88.2,81.3,C
6729,1.3,82.9,yes,no,36.3,45.8,34.1,44.5,E
6730,5.4,95.1,yes,no,100.0,86.4,100.0,88.5,B
6731,2.5,56.7,yes,yes,36.1,55.8,55.0,44.1,E
6732,6.7,55.2,yes,no,58.3,58.6,74.4,70.0,D
6733,2.2,95.2,yes,no,61.3,81.6,51.4,63.6,D
6734,3.3,83.0,yes,no,57.8,68.2,76.1,63.5,D
6735,5.6,98.5,yes,no,77.1,81.6,70.0,81.8,C
6736,4.7,85.5,yes,yes,55.9,60.1,67.7,65.6,D
6737,1.4,88.6,yes,yes,51.2,59.2,47.8,49.9,E
6738,2.2,73.1,no,no,45.9,44.0,55.4,48.6,E
6739,7.1,61.9,no,no,90.7,91.8,76.8,79.7,C
6740,7.9,78.5,yes,no,100.0,100.0,79.7,91.0,B
6741,5.7,67.9,yes,yes,68.8,67.2,69.3,75.5,C
6742,0.6,73.5,yes,no,24.7,31.3,22.8,26.4,F
6743,6.1,75.8,yes,yes,100.0,64.6,90.3,79.4,C
6744,5.3,51.3,yes,no,55.5,83.6,73.1,72.7,C
6745,3.6,80.4,yes,no,84.4,73.3,58.0,69.3,D
6746,2.2,67.9,yes,no,47.3,38.8,48.3,40.4,E
6747,1.7,90.6,yes,no,30.2,28.6,53.5,47.9,E
6748,1.1,52.8,yes,no,31.9,43.8,29.9,37.7,F
6749,5.3,77.8,yes,yes,95.0,76.0,67.3,76.1,C
6750,3.0,68.0,no,yes,50.6,35.5,43.7,46.4,E
6751,4.4,54.7,yes,yes,46.5,55.6,47.1,52.8,E
6752,4.4,70.7,yes,yes,43.1,67.9,61.9,53.6,E
6753,5.1,70.5,yes,no,58.8,91.7,76.9,76.3,C
6754,5.0,87.7,yes,no,69.9,64.8,57.2,67.3,D
6755,4.4,57.6,yes,no,66.0,42.9,55.5,54.7,E
6756,1.7,91.5,yes,yes,53.0,57.5,48.0,47.3,E
6757,0.7,52.4,yes,yes,32.5,19.5,23.7,33.4,F
6758,4.8,75.8,yes,yes,62.5,49.5,54.6,59.1,D
6759,3.7,82.5,yes,yes,52.5,62.6,58.5,55.2,D
6760,3.6,50.7,no,yes,62.8,69.4,70.0,57.2,D
6761,3.7,53.5,no,yes,29.3,52.1,52.5,45.4,E
6762,1.4,63.7,yes,yes,17.3,28.2,22.8,30.4,F
6763,1.8,69.1,no,yes,36.0,49.9,57.5,43.2,E
6764,5.5,67.3,no,no,50.8,77.3,61.0,65.6,D
6765,4.4,98.6,yes,yes,93.7,83.2,83.7,78.0,C
6766,5.1,58.3,yes,no,67.9,51.2,84.2,72.1,C
6767,1.5,94.5,yes,no,57.1,52.1,62.9,58.1,D
6768,6.6,97.2,yes,no,100.0,100.0,92.9,98.3,A
6769,3.3,58.8,yes,no,51.4,52.0,61.6,58.5,D
6770,5.1,87.9,yes,yes,68.7,93.9,87.6,84.4,C
6771,4.0,99.9,yes,yes,57.4,70.5,55.2,66.0,D
6772,4.0,62.4,yes,no,53.5,62.8,55.8,59.2,D
6773,6.3,75.1,yes,no,80.2,90.3,85.1,78.0,C
6774,1.3,87.9,yes,no,33.6,41.2,38.9,43.4,E
6775,1.1,86.7,yes,no,38.1,47.3,32.4,39.8,F
6776,1.3,91.7,no,yes,49.9,48.0,30.2,49.4,E
6777,8.0,67.4,no,no,85.3,92.0,71.6,88.0,B
6778,7.5,56.0,no,no,94.1,87.9,99.9,78.3,C
6779,5.8,83.8,yes,no,81.4,69.5,68.6,77.8,C
6780,3.9,67.0,yes,no,65.3,66.2,56.9,63.8,D
6781,1.1,82.3,yes,yes,57.1,35.3,57.0,45.7,E
6782,6.7,73.7,yes,no,82.4,74.2,68.1,77.9,C
6783,1.9,72.9,yes,no,27.9,47.5,47.2,51.9,E
6784,2.5,94.1,yes,no,61.9,42.3,58.3,49.0,E
6785,6.8,82.0,yes,yes,73.0,93.1,84.6,83.7,C
6786,2.4,81.2,yes,yes,43.8,43.6,29.8,43.4,E
6787,6.8,98.5,no,yes,85.0,100.0,89.4,95.2,A
6788,6.4,63.5,no,yes,87.3,85.2,94.0,84.5,C
6789,6.8,84.4,yes,yes,70.0,74.3,76.6,79.8,C
6790,5.6,67.8,yes,no,73.8,82.2,73.7,73.9,C
6791,3.1,79.9,yes,no,70.7,67.4,61.9,62.3,D
6792,5.4,90.9,yes,no,69.0,91.4,93.2,81.2,C
6793,6.7,96.1,yes,yes,89.7,95.2,90.8,99.4,A
6794,6.1,71.4,yes,no,62.6,74.1,61.7,77.5,C
6795,7.0,91.6,yes,no,100.0,93.1,98.9,90.3,B
6796,7.9,66.8,no,yes,79.8,81.1,68.4,82.3,C
6797,5.7,83.1,yes,yes,77.5,92.0,66.4,80.2,C
6798,7.5,93.9,no,no,81.8,80.2,100.0,91.4,B
6799,2.5,84.3,yes,no,50.3,66.3,52.8,57.2,D
6800,7.8,85.3,yes,yes,79.7,100.0,100.0,100.0,A
6801,7.3,91.9,yes,no,98.3,100.0,71.8,93.0,B
6802,0.8,62.6,no,yes,22.3,41.8,38.2,32.1,F
6803,4.9,87.3,yes,yes,78.7,79.8,68.7,79.0,C
6804,4.3,81.9,yes,yes,71.3,57.1,78.5,68.1,D
6805,6.6,77.3,yes,no,100.0,58.1,78.5,79.1,C
6806,1.4,98.8,yes,no,43.3,61.9,64.7,57.0,D
6807,4.5,70.6,yes,no,72.1,70.6,75.6,71.5,C
6808,4.3,61.7,yes,no,55.9,48.1,58.8,60.3,D
6809,3.5,92.0,yes,yes,35.7,73.5,50.0,56.3,D
6810,7.9,59.3,yes,no,100.0,82.3,79.0,86.8,B
6811,4.5,87.3,yes,yes,69.8,81.8,91.7,80.4,C
6812,3.6,96.4,yes,yes,73.8,75.2,55.8,73.3,C
6813,6.9,91.1,yes,no,96.5,100.0,83.6,97.1,A
6814,1.5,81.7,yes,no,48.8,51.2,43.0,46.1,E
6815,2.7,96.2,yes,no,93.5,46.0,33.6,55.5,D
6816,2.6,74.4,yes,yes,47.1,30.1,40.9,44.7,E
6817,7.5,53.8,yes,no,77.7,79.6,80.1,80.2,C
6818,7.1,86.7,yes,yes,85.7,78.7,91.0,82.2,C
6819,5.1,85.8,yes,yes,83.4,90.7,97.0,83.0,C
6820,2.9,93.3,no,no,64.7,47.7,38.9,54.8,E
6821,4.0,70.3,no,no,71.6,63.9,62.5,61.1,D
6822,4.8,57.3,yes,yes,64.9,74.5,73.6,64.8,D
6823,4.6,55.1,yes,yes,61.3,41.4,59.0,55.4,D
6824,2.4,67.3,yes,yes,67.5,57.5,58.5,53.4,E
6825,1.5,89.6,yes,yes,38.4,40.3,34.0,38.6,F
6826,7.3,76.1,yes,no,100.0,88.6,89.7,93.9,B
6827,5.3,58.5,yes,no,61.7,48.7,57.3,64.9,D
6828,1.6,62.1,yes,no,36.0,8.8,36.0,31.9,F
6829,7.9,67.4,yes,no,74.5,83.1,98.9,86.6,B
6830,3.6,74.0,yes,yes,41.4,53.3,56.3,51.2,E
6831,6.0,92.0,yes,yes,90.3,79.3,64.9,75.1,C
6832,1.8,99.6,no,no,59.1,51.9,48.1,57.4,D
6833,7.5,80.0,no,no,81.3,94.3,70.3,82.4,C
6834,1.1,69.5,yes,no,59.0,56.9,34.3,46.1,E
6835,7.7,59.2,yes,yes,86.6,75.8,81.4,80.2,C
6836,6.0,75.6,no,no,86.2,85.3,75.9,87.5,B
6837,2.2,80.7,yes,no,54.0,56.9,51.2,58.3,D
6838,1.9,66.3,yes,no,45.9,41.2,48.7,39.9,F
6839,6.8,66.2,no,yes,89.2,87.7,79.4,83.2,C
6840,0.8,91.4,yes,yes,44.2,57.6,38.5,41.2,E
6841,1.4,83.0,yes,no,62.2,30.5,39.6,40.8,E
6842,5.5,72.5,yes,no,74.8,78.7,86.6,82.5,C
6843,1.1,77.9,yes,yes,51.3,49.5,43.6,47.4,E
6844,4.6,75.2,no,no,59.9,53.8,41.8,62.6,D
6845,4.8,58.7,yes,yes,52.1,52.7,56.8,57.7,D
6846,0.6,93.5,yes,yes,42.4,65.0,39.9,46.2,E
6847,3.3,54.5,yes,no,45.2,53.3,59.5,42.1,E
6848,0.7,60.7,yes,no,24.5,36.4,19.0,32.0,F
6849,7.8,78.1,yes,no,80.1,86.5,93.6,87.8,B
6850,2.1,73.1,no,no,21.8,34.6,40.7,43.4,E
6851,5.7,79.8,yes,no,82.4,79.8,95.5,71.8,C
6852,5.6,96.0,yes,yes,84.8,90.3,87.0,81.5,C
6853,6.3,64.3,yes,yes,83.8,68.4,92.2,75.8,C
6854,3.0,57.5,yes,no,39.8,55.9,23.4,50.1,E
6855,1.9,56.1,yes,no,39.4,21.5,35.1,36.7,F
6856,4.5,53.0,yes,yes,66.4,73.1,56.9,64.1,D
6857,5.7,89.5,no,yes,75.2,62.2,80.7,73.1,C
6858,6.2,72.9,yes,yes,71.5,85.5,79.5,76.0,C
6859,0.9,62.8,yes,no,31.0,48.9,46.0,39.9,F
6860,6.1,83.7,yes,yes,77.3,91.3,73.2,73.4,C
6861,1.3,88.9,yes,no,49.5,59.9,61.2,51.7,E
6862,4.4,96.9,yes,no,61.8,83.1,64.2,64.0,D
6863,4.7,70.0,yes,yes,53.6,54.8,57.2,63.2,D
6864,1.5,84.5,no,no,50.3,41.5,53.6,52.8,E
6865,7.7,63.5,no,no,93.5,82.9,93.3,81.1,C
6866,5.3,93.3,yes,no,80.9,58.4,77.7,72.7,C
6867,2.2,95.4,yes,no,53.1,77.7,55.2,51.6,E
6868,0.9,81.5,yes,yes,41.4,50.9,42.9,37.4,F
6869,6.3,82.9,yes,no,71.0,78.7,88.4,86.1,B
6870,6.8,83.0,yes,no,100.0,76.4,82.4,86.9,B
6871,1.2,79.6,no,no,69.8,48.3,49.5,48.4,E
6872,2.4,71.9,yes,no,45.2,55.5,33.3,55.8,D
6873,5.3,87.0,yes,no,81.3,68.7,60.0,84.3,C
6874,3.6,98.8,yes,yes,78.1,75.9,81.8,74.7,C
6875,3.1,87.3,yes,no,70.0,68.0,54.5,65.6,D
6876,3.7,65.5,yes,yes,47.4,73.3,41.4,53.2,E
6877,4.3,75.0,no,no,72.7,75.0,72.9,71.0,C
6878,1.9,79.9,no,yes,46.3,52.1,39.8,41.4,E
6879,3.4,54.1,yes,yes,46.1,63.1,58.9,56.8,D
6880,1.0,74.6,yes,no,41.9,50.4,34.4,45.0,E
6881,0.5,55.1,yes,yes,39.5,23.7,34.5,30.4,F
6882,7.8,75.5,yes,yes,100.0,87.8,93.0,98.2,A
6883,0.9,54.3,yes,no,44.2,41.0,49.5,37.5,F
6884,0.8,68.1,yes,no,46.9,36.1,35.1,40.1,E
6885,7.2,97.7,yes,no,96.7,89.4,100.0,98.8,A
6886,7.8,50.4,yes,no,89.5,93.9,83.9,91.9,B
6887,6.8,63.7,yes,yes,79.7,67.4,97.1,78.0,C
6888,1.5,68.6,no,yes,38.4,61.7,45.0,46.6,E
6889,5.3,79.5,yes,no,76.5,73.4,81.2,78.7,C
6890,5.7,98.3,no,no,94.1,66.7,100.0,93.4,B
6891,6.3,82.0,yes,no,93.0,88.4,75.1,78.1,C
6892,1.3,94.7,yes,yes,65.3,62.0,68.4,45.5,E
6893,3.4,58.1,yes,no,67.5,46.5,57.5,48.2,E
6894,2.6,64.4,yes,yes,39.2,50.4,36.9,50.7,E
6895,5.4,94.4,yes,no,96.1,77.8,85.8,81.9,C
6896,3.1,50.3,yes,yes,40.9,57.6,45.1,38.6,F
6897,4.3,72.7,yes,yes,55.3,59.6,67.8,61.0,D
6898,5.2,72.6,yes,no,74.6,65.5,66.8,77.4,C
6899,7.0,97.3,no,no,83.7,90.7,94.5,97.2,A
6900,7.4,72.5,no,no,91.4,100.0,100.0,91.5,B
6901,5.7,95.3,yes,yes,84.3,87.7,70.6,76.2,C
6902,1.7,79.3,yes,yes,33.6,53.5,35.5,45.0,E
6903,7.2,65.0,yes,yes,83.1,87.6,82.1,91.4,B
6904,2.0,57.4,yes,no,44.3,50.4,39.8,46.9,E
6905,0.9,74.5,yes,yes,61.5,32.6,26.3,45.7,E
6906,3.8,50.9,yes,yes,36.0,55.3,48.7,58.3,D
6907,5.6,66.8,yes,no,73.0,59.1,70.8,67.4,D
6908,1.6,76.2,yes,no,44.6,65.1,52.1,41.3,E
6909,2.7,77.9,no,no,62.0,51.1,52.4,56.7,D
6910,1.1,72.2,yes,no,10.4,39.7,33.0,32.1,F
6911,5.1,98.2,yes,no,77.5,98.7,84.4,85.4,B
6912,5.8,57.4,yes,no,67.2,81.9,69.7,72.6,C
6913,4.4,99.9,yes,yes,60.9,70.5,64.8,76.5,C
6914,3.8,84.6,yes,no,92.6,95.4,60.3,73.7,C
6915,6.9,91.2,no,no,100.0,90.6,100.0,95.9,A
6916,3.6,81.7,yes,no,62.4,50.4,51.5,52.9,E
6917,3.8,60.7,yes,no,52.8,63.5,51.5,45.3,E
6918,4.8,87.5,yes,yes,64.2,85.7,80.2,80.2,C
6919,5.8,92.4,yes,no,63.7,80.8,92.5,79.9,C
6920,6.3,87.6,yes,yes,91.0,81.0,66.7,80.0,C
6921,0.8,93.7,yes,no,33.5,26.9,42.1,45.0,E
6922,6.9,53.2,yes,no,83.6,61.3,75.0,79.8,C
6923,3.9,98.1,yes,no,61.0,77.3,63.4,71.6,C
6924,7.3,97.0,yes,no,91.2,97.3,76.7,100.0,A
6925,4.5,94.8,yes,no,72.4,65.1,73.4,73.5,C
6926,4.1,81.9,yes,no,61.1,78.1,77.8,73.2,C
6927,2.0,92.3,yes,yes,32.9,44.7,70.7,56.5,D
6928,4.0,80.2,yes,yes,64.7,64.3,59.7,64.1,D
6929,4.2,74.6,yes,no,93.9,62.6,57.2,69.3,D
6930,7.2,96.6,no,no,93.4,94.7,75.4,86.5,B
6931,7.2,60.4,yes,yes,79.0,88.2,83.2,91.1,B
6932,4.1,92.6,no,no,59.4,76.1,67.1,66.0,D
6933,7.0,72.0,yes,no,74.8,72.6,66.4,76.8,C
6934,6.9,64.6,yes,yes,78.2,68.2,77.4,77.8,C
6935,7.6,75.3,yes,no,86.1,95.8,83.8,95.4,A
6936,3.2,81.9,no,no,63.2,61.3,48.7,51.0,E
6937,2.1,59.1,yes,yes,30.5,26.7,56.7,37.1,F
6938,7.6,87.6,yes,no,92.3,80.6,93.3,91.3,B
6939,4.9,69.7,yes,no,74.3,48.8,46.9,57.4,D
6940,4.0,85.2,no,yes,57.1,75.9,86.6,59.1,D
6941,3.6,57.9,yes,no,73.2,44.9,62.1,51.9,E
6942,1.1,52.8,yes,yes,25.9,33.7,28.1,21.8,F
6943,2.0,58.1,yes,yes,41.7,45.1,44.1,47.1,E
6944,2.7,59.0,yes,yes,34.6,32.0,45.0,37.5,F
6945,4.6,88.1,yes,yes,58.1,71.4,70.8,64.3,D
6946,4.4,74.6,yes,no,45.9,60.8,51.3,61.4,D
6947,4.6,88.2,yes,yes,37.5,85.4,84.7,74.4,C
6948,1.1,87.3,yes,no,39.1,41.1,56.5,48.3,E
6949,0.6,62.3,yes,yes,2.0,25.9,22.7,23.5,F
6950,4.0,95.5,yes,yes,53.6,52.7,57.8,64.0,D
6951,2.0,88.5,yes,no,57.9,30.8,59.5,46.3,E
6952,7.2,54.3,yes,yes,82.5,81.5,82.6,87.1,B
6953,3.7,78.6,yes,no,76.8,58.2,60.5,60.6,D
6954,3.1,70.6,yes,yes,53.3,55.1,47.6,59.0,D
6955,4.6,73.0,no,yes,82.0,60.0,61.9,73.2,C
6956,5.2,68.4,yes,no,70.6,68.9,90.0,72.1,C
6957,1.1,74.8,no,yes,33.4,34.5,52.0,37.9,F
6958,6.1,67.8,yes,no,99.0,99.7,95.9,84.6,C
6959,1.5,73.1,yes,no,56.2,39.2,37.0,34.2,F
6960,3.4,77.2,yes,no,47.5,33.6,37.5,51.8,E
6961,3.2,86.5,yes,yes,48.9,53.4,63.7,60.1,D
6962,4.8,57.6,yes,no,56.0,62.2,60.7,56.5,D
6963,5.7,56.7,yes,no,77.7,69.3,73.7,74.4,C
6964,6.5,74.9,yes,no,84.1,70.3,84.6,78.2,C
6965,4.5,73.7,yes,yes,74.3,61.6,91.8,73.1,C
6966,1.7,78.2,yes,no,41.3,50.7,44.3,50.2,E
6967,5.7,80.7,no,no,100.0,100.0,84.9,82.4,C
6968,4.1,63.7,yes,no,50.6,50.2,48.9,59.5,D
6969,4.9,82.4,yes,no,79.1,92.6,86.3,81.0,C
6970,3.8,74.8,yes,no,79.6,72.3,65.4,68.1,D
6971,3.6,74.8,no,no,43.0,47.8,54.5,53.5,E
6972,5.8,79.7,yes,yes,68.3,73.4,60.2,68.5,D
6973,4.4,80.6,yes,no,80.7,59.4,67.6,74.8,C
6974,7.0,80.8,yes,yes,80.8,85.5,53.0,78.8,C
6975,6.1,91.5,yes,no,92.8,86.3,87.9,88.2,B
6976,4.1,75.0,no,no,66.7,68.6,65.5,69.3,D
6977,2.1,97.1,yes,no,48.7,46.3,47.1,45.9,E
6978,0.6,97.3,yes,no,31.1,47.7,37.8,38.5,F
6979,2.0,66.8,yes,yes,31.9,40.5,55.0,48.8,E
6980,2.6,94.1,yes,yes,56.0,40.3,79.4,62.9,D
6981,1.4,71.0,yes,yes,35.4,11.0,26.0,35.2,F
6982,5.5,98.7,yes,yes,85.3,75.9,86.4,79.7,C
6983,2.9,96.4,yes,no,83.1,93.1,60.2,70.7,C
6984,0.7,72.0,yes,yes,42.9,23.3,22.5,27.2,F
6985,3.8,67.5,yes,no,42.0,71.5,55.2,57.0,D
6986,6.4,84.3,yes,no,72.7,75.8,90.2,83.0,C
6987,3.0,68.4,yes,yes,46.8,59.0,38.3,51.5,E
6988,7.3,83.0,yes,yes,93.2,83.8,76.0,90.1,B
6989,6.9,71.1,yes,yes,76.9,64.0,77.3,77.7,C
6990,7.2,75.1,yes,yes,100.0,93.8,61.8,93.6,B
6991,5.5,68.9,yes,no,76.9,75.5,82.7,73.4,C
6992,6.5,89.8,yes,no,96.0,91.2,94.9,89.0,B
6993,3.4,80.1,yes,no,53.4,78.9,66.8,68.1,D
6994,5.7,84.2,yes,yes,83.6,88.1,89.0,82.6,C
6995,2.2,91.0,yes,yes,55.0,66.1,33.2,53.2,E
6996,2.0,89.8,yes,no,60.5,71.3,64.0,58.4,D
6997,7.6,75.5,yes,no,98.9,98.9,100.0,99.2,A
6998,4.6,62.7,yes,yes,71.9,37.5,36.6,55.6,D
6999,1.0,68.2,yes,yes,33.3,28.7,33.4,33.2,F
7000,2.0,77.6,yes,no,40.3,56.7,47.1,51.8,E
7001,4.0,61.9,yes,no,49.1,61.8,39.9,60.5,D
7002,6.8,89.0,yes,no,78.0,100.0,80.2,83.5,C
7003,7.2,61.5,yes,no,70.0,94.8,85.7,81.5,C
7004,1.4,66.8,yes,yes,54.2,43.2,14.0,36.8,F
7005,1.0,81.6,yes,no,51.3,39.1,41.7,36.4,F
7006,1.4,84.9,yes,yes,34.8,37.4,51.5,40.4,E
7007,5.5,69.7,yes,yes,79.4,82.7,61.6,75.2,C
7008,4.5,87.8,no,yes,74.4,77.3,62.0,77.7,C
7009,6.0,95.1,yes,yes,91.3,82.5,100.0,93.7,B
7010,5.0,58.2,yes,yes,47.1,65.4,48.8,53.8,E
7011,1.2,95.8,yes,yes,49.7,24.6,54.7,44.0,E
7012,2.4,76.9,yes,no,52.9,47.7,54.1,54.7,E
7013,3.0,72.4,yes,no,50.4,50.3,40.2,54.4,E
7014,5.8,89.8,yes,yes,85.8,80.5,76.9,90.0,B
7015,5.0,89.2,yes,yes,95.0,75.1,100.0,84.3,C
7016,7.6,84.1,yes,yes,78.3,88.7,68.8,87.0,B
7017,1.6,70.4,yes,yes,26.9,28.2,28.3,33.0,F
7018,7.5,63.4,yes,no,80.5,92.2,77.9,87.2,B
7019,2.2,68.0,yes,yes,51.2,44.8,23.1,44.0,E
7020,3.1,78.7,yes,no,68.2,52.5,56.6,51.9,E
7021,0.8,78.2,no,no,25.9,38.9,22.9,32.8,F
7022,2.7,96.2,yes,yes,77.1,53.0,67.8,62.6,D
7023,2.0,72.8,yes,yes,51.7,20.1,38.3,40.1,E
7024,2.1,83.3,yes,yes,31.9,49.2,47.5,42.0,E
7025,4.8,83.0,yes,no,81.8,77.6,55.7,79.6,C
7026,6.4,86.6,yes,no,78.3,94.2,85.4,89.4,B
7027,6.1,99.6,yes,no,92.4,69.0,100.0,95.9,A
7028,6.7,90.1,no,yes,68.7,77.1,77.1,83.1,C
7029,6.0,52.0,yes,yes,57.0,59.5,57.5,61.3,D
7030,7.8,90.6,no,no,97.2,100.0,87.3,100.0,A
7031,0.6,100.0,yes,yes,34.0,54.0,41.2,43.7,E
7032,7.9,51.9,yes,no,96.4,86.0,80.4,92.4,B
7033,3.6,79.9,yes,no,78.7,46.4,63.9,67.4,D
7034,4.1,80.0,yes,no,66.2,51.6,50.9,61.0,D
7035,4.8,76.2,yes,yes,63.2,72.7,86.4,76.1,C
7036,0.6,93.8,yes,no,46.5,38.3,42.9,34.2,F
7037,1.9,90.7,yes,no,43.6,45.3,29.6,41.8,E
7038,3.8,58.6,yes,yes,42.5,39.1,74.7,50.8,E
7039,6.3,55.1,yes,no,79.7,91.6,84.1,81.7,C
7040,7.0,58.3,yes,yes,94.8,66.7,85.0,82.2,C
7041,1.6,94.3,yes,no,52.5,77.7,67.2,52.8,E
7042,2.5,54.9,yes,yes,36.0,39.4,45.9,41.7,E
7043,5.1,82.3,no,no,63.1,52.5,55.5,64.4,D
7044,3.2,84.2,yes,no,45.3,54.6,41.5,59.2,D
7045,2.7,60.9,no,no,41.3,39.6,11.9,49.6,E
7046,3.4,61.5,yes,yes,59.9,44.5,74.6,53.8,E
7047,5.8,91.8,yes,yes,82.3,91.3,85.9,84.0,C
7048,2.0,71.0,yes,yes,39.8,54.0,46.7,43.6,E
7049,1.0,75.0,yes,no,43.8,40.5,49.7,44.2,E
7050,0.5,69.9,yes,yes,37.8,28.4,24.3,30.4,F
7051,4.5,59.2,yes,no,90.7,52.0,69.0,64.4,D
7052,2.4,72.0,yes,no,18.9,58.8,33.7,48.3,E
7053,4.7,63.5,yes,yes,70.1,65.4,72.0,70.9,C
7054,7.1,65.0,yes,yes,71.7,84.8,83.0,75.2,C
7055,2.7,60.1,yes,yes,62.6,52.0,40.4,50.1,E
7056,1.9,81.3,yes,no,38.7,35.0,69.6,40.3,E
7057,0.5,64.3,yes,no,33.4,27.3,24.2,38.5,F
7058,7.9,58.3,no,yes,90.5,100.0,99.1,93.5,B
7059,4.4,90.4,yes,yes,82.7,73.6,68.2,68.7,D
7060,6.5,78.8,yes,no,71.0,88.6,100.0,89.1,B
7061,6.9,92.9,yes,no,86.4,94.5,80.9,84.0,C
7062,8.0,89.1,yes,no,100.0,100.0,89.9,100.0,A
7063,6.9,68.6,yes,no,100.0,87.0,99.8,90.9,B
7064,2.7,78.1,yes,yes,30.4,28.3,34.9,43.2,E
7065,4.7,99.3,yes,yes,69.1,61.8,83.4,75.0,C
7066,7.7,67.9,yes,yes,87.9,91.6,69.9,83.4,C
7067,5.3,62.0,no,no,62.8,60.9,59.5,66.9,D
7068,6.3,58.2,no,yes,63.0,69.8,69.9,79.4,C
7069,7.3,97.0,yes,yes,100.0,100.0,79.8,94.7,B
7070,5.1,62.5,yes,yes,63.0,59.1,49.4,62.8,D
7071,5.7,96.4,yes,no,75.0,78.7,98.7,83.5,C
7072,4.9,79.6,yes,no,55.4,52.0,88.1,66.2,D
7073,3.0,79.5,yes,no,65.3,50.1,42.9,62.2,D
7074,2.4,70.0,yes,no,27.1,39.8,52.8,40.0,F
7075,5.3,69.8,no,no,78.7,73.7,79.3,74.9,C
7076,7.9,66.0,yes,yes,100.0,79.0,83.1,83.0,C
7077,7.4,86.5,yes,no,81.7,100.0,79.4,93.9,B
7078,2.1,86.9,yes,no,75.6,58.1,69.8,58.6,D
7079,6.8,76.6,yes,yes,97.2,88.2,65.9,84.9,C
7080,0.7,72.4,yes,no,22.4,15.3,26.3,28.3,F
7081,4.9,81.8,yes,no,59.1,60.4,54.4,62.4,D
7082,7.5,74.6,no,no,86.0,88.4,88.6,91.1,B
7083,7.7,91.2,yes,no,100.0,93.1,100.0,99.0,A
7084,5.0,53.3,yes,yes,70.2,90.3,49.2,69.6,D
7085,5.2,95.1,no,no,83.9,85.4,74.0,87.7,B
7086,3.4,76.2,no,no,53.9,63.3,56.5,61.0,D
7087,5.9,75.5,yes,yes,61.3,74.1,79.1,68.7,D
7088,2.3,69.5,yes,yes,55.1,44.9,52.4,46.7,E
7089,0.8,76.6,yes,no,20.5,29.7,48.5,30.3,F
7090,6.8,61.0,yes,no,64.4,78.6,72.5,70.8,C
7091,1.0,74.9,no,no,52.7,31.2,48.5,45.1,E
7092,5.5,69.9,yes,yes,61.2,80.8,58.9,65.5,D
7093,3.8,64.7,no,no,55.2,65.9,33.1,62.4,D
7094,0.8,60.6,yes,no,20.9,39.8,41.2,25.0,F
7095,1.7,93.0,yes,yes,62.5,50.5,47.1,44.1,E
7096,1.3,92.5,yes,yes,36.8,28.8,46.0,46.8,E
7097,2.1,74.3,no,yes,52.2,31.2,31.7,40.2,E
7098,5.3,61.6,yes,yes,66.0,68.0,88.3,72.2,C
7099,4.8,72.5,no,no,80.4,61.6,61.1,76.7,C
7100,3.7,96.3,yes,yes,63.9,67.3,57.3,69.4,D
7101,6.8,89.0,no,yes,93.8,72.8,80.0,85.0,C
7102,6.1,90.4,yes,yes,78.2,88.2,97.2,91.6,B
7103,5.6,85.1,yes,yes,66.7,66.1,72.6,75.1,C
7104,5.0,86.2,yes,yes,66.2,70.5,79.4,72.7,C
7105,5.7,57.5,yes,no,68.2,76.9,73.6,65.4,D
7106,2.2,67.3,yes,no,52.8,44.9,50.1,52.7,E
7107,2.4,91.6,yes,yes,30.4,49.6,60.7,47.9,E
7108,2.7,58.9,yes,yes,25.8,27.0,23.0,36.4,F
7109,6.1,53.8,yes,yes,84.0,72.0,62.3,66.9,D
7110,3.7,92.3,yes,yes,69.7,62.7,69.4,69.6,D
7111,7.7,89.0,yes,no,67.6,92.0,96.5,88.2,B
7112,0.8,57.9,yes,no,36.1,10.6,44.5,30.1,F
7113,3.4,76.4,yes,yes,67.0,52.8,59.1,66.5,D
7114,1.7,52.1,yes,no,39.3,40.8,38.8,36.1,F
7115,6.6,57.4,yes,yes,79.6,86.6,63.9,74.3,C
7116,4.1,62.9,yes,no,51.9,71.3,58.7,61.8,D
7117,5.2,85.2,yes,no,86.0,84.0,86.8,81.9,C
7118,5.0,65.2,yes,no,78.0,62.3,74.7,69.1,D
7119,1.1,90.5,yes,no,40.2,30.5,45.8,43.4,E
7120,6.4,51.2,yes,no,76.5,62.4,58.0,64.3,D
7121,6.7,50.2,yes,yes,54.5,60.7,70.9,71.8,C
7122,5.1,65.0,yes,yes,73.5,62.0,62.4,67.0,D
7123,2.6,86.5,yes,no,46.7,61.9,58.7,57.8,D
7124,5.9,97.6,yes,yes,63.4,79.4,80.8,85.8,B
7125,5.8,65.8,no,yes,67.6,75.9,73.8,80.7,C
7126,7.3,77.8,no,no,80.3,96.3,93.0,98.8,A
7127,1.4,52.1,yes,yes,45.6,35.5,33.8,31.5,F
7128,7.3,50.1,yes,no,63.7,67.9,64.8,71.7,C
7129,7.2,50.8,yes,yes,75.1,82.4,58.4,70.7,C
7130,2.7,54.9,yes,no,39.0,52.4,53.2,45.0,E
7131,5.9,93.7,yes,no,91.5,86.9,66.4,75.0,C
7132,2.5,82.1,yes,no,40.9,49.9,40.8,46.4,E
7133,2.3,94.9,no,no,64.6,77.2,54.5,62.0,D
7134,5.3,91.7,no,yes,62.6,72.4,69.7,70.8,C
7135,0.9,88.3,yes,yes,42.4,40.2,38.3,35.5,F
7136,1.2,67.7,yes,no,44.5,30.0,41.6,46.5,E
7137,5.5,56.7,no,no,75.4,73.4,74.9,69.9,D
7138,7.6,55.2,yes,no,73.0,94.4,84.7,88.6,B
7139,0.8,51.3,yes,yes,32.6,32.0,30.9,28.2,F
7140,0.7,58.9,yes,no,31.6,39.1,44.5,30.9,F
7141,1.1,51.0,yes,no,11.7,31.4,23.9,28.4,F
7142,0.5,84.4,yes,yes,10.6,30.1,34.3,31.4,F
7143,7.5,69.4,yes,yes,100.0,100.0,100.0,96.8,A
7144,4.1,76.4,yes,no,76.0,60.0,63.5,71.2,C
7145,5.7,73.9,no,no,73.9,76.3,53.6,68.9,D
7146,3.6,64.2,yes,yes,74.8,58.7,58.9,59.3,D
7147,8.0,55.7,yes,no,89.8,85.4,85.8,81.4,C
7148,4.1,77.1,yes,no,82.6,63.7,75.2,69.3,D
7149,7.5,93.2,yes,yes,88.7,100.0,98.4,100.0,A
7150,5.4,87.5,no,no,81.1,71.1,82.0,81.2,C
7151,7.6,96.6,yes,yes,100.0,95.8,96.4,100.0,A
7152,4.2,67.8,yes,yes,73.2,69.2,71.9,66.8,D
7153,7.1,92.3,no,yes,64.2,86.2,96.0,94.5,B
7154,3.0,86.1,no,yes,52.8,61.0,42.6,50.6,E
7155,5.5,97.2,no,yes,77.6,93.7,97.9,83.6,C
7156,5.1,64.4,yes,yes,62.0,65.1,78.1,71.2,C
7157,4.2,90.2,yes,yes,78.5,73.5,56.8,66.8,D
7158,4.3,75.4,yes,no,68.4,67.7,64.7,73.2,C
7159,1.8,71.8,yes,yes,45.5,57.7,37.6,42.7,E
7160,7.3,73.3,yes,yes,76.1,61.1,100.0,83.6,C
7161,3.9,71.6,yes,yes,70.9,75.9,46.9,68.1,D
7162,1.6,93.9,no,yes,56.5,58.4,75.5,50.0,E
7163,5.8,97.2,yes,no,79.7,69.8,73.8,76.6,C
7164,6.0,83.1,no,no,73.5,81.1,68.8,77.1,C
7165,0.8,59.6,yes,no,27.1,17.7,36.9,24.0,F
7166,3.0,71.0,yes,yes,80.1,53.4,57.1,60.0,D
7167,4.9,67.8,yes,yes,71.5,72.2,81.1,62.4,D
7168,6.7,83.5,yes,yes,83.5,100.0,85.6,86.5,B
7169,2.8,53.5,yes,no,30.9,32.9,45.5,41.8,E
7170,2.7,82.7,yes,no,36.3,64.2,54.2,54.0,E
7171,6.0,73.3,yes,no,61.1,86.8,93.5,77.6,C
7172,2.1,63.1,yes,no,22.3,23.9,32.3,39.3,F
7173,7.2,53.2,yes,no,56.1,65.8,68.6,72.3,C
7174,6.4,52.6,yes,no,81.6,67.7,76.5,77.4,C
7175,7.2,94.6,no,yes,100.0,94.2,92.8,93.3,B
7176,3.2,78.8,yes,no,58.3,55.9,80.4,63.3,D
7177,1.7,77.6,no,yes,44.4,43.6,50.8,43.6,E
7178,4.9,50.9,yes,no,76.8,78.6,67.8,69.5,D
7179,1.9,88.5,yes,no,66.0,65.0,58.3,60.2,D
7180,2.5,60.5,yes,no,57.0,46.0,42.0,52.5,E
7181,3.5,69.2,yes,yes,66.8,65.4,55.8,56.3,D
7182,4.0,82.3,yes,no,63.5,66.7,65.0,57.5,D
7183,2.9,56.7,yes,yes,37.9,56.4,40.9,46.7,E
7184,2.6,89.8,yes,yes,57.6,63.4,45.3,54.8,E
7185,2.4,91.8,yes,no,65.9,35.4,56.6,47.3,E
7186,5.7,76.0,yes,yes,73.4,83.9,85.2,75.7,C
7187,2.8,68.3,no,no,61.7,51.3,43.8,54.6,E
7188,5.7,62.6,yes,no,92.9,70.0,66.1,73.6,C
7189,6.1,86.2,yes,no,84.2,89.2,100.0,89.4,B
7190,5.9,67.0,yes,yes,69.5,83.1,76.2,82.6,C
7191,7.4,90.5,yes,no,99.7,81.7,100.0,100.0,A
7192,7.7,86.6,yes,no,92.7,100.0,88.7,98.2,A
7193,1.6,67.6,yes,no,43.4,43.9,40.4,42.8,E
7194,2.9,61.4,yes,yes,37.3,51.5,76.8,49.6,E
7195,6.4,67.9,yes,no,61.6,58.7,58.3,73.2,C
7196,6.4,67.1,no,no,69.1,62.4,61.2,70.8,C
7197,1.0,97.8,yes,no,44.9,45.6,37.2,49.6,E
7198,7.7,81.4,no,no,100.0,100.0,100.0,100.0,A
7199,6.9,82.9,yes,no,76.8,92.1,63.1,83.8,C
7200,7.2,64.2,yes,yes,85.6,82.6,100.0,89.5,B
7201,2.0,68.2,yes,no,47.8,50.9,41.0,43.0,E
7202,4.3,73.3,yes,yes,92.6,59.4,56.3,65.8,D
7203,3.8,98.8,no,yes,67.4,64.7,80.7,69.5,D
7204,3.2,83.4,yes,yes,65.0,53.5,53.1,55.1,D
7205,2.2,57.7,yes,no,44.7,43.7,62.9,48.9,E
7206,1.5,99.5,yes,no,35.5,51.7,50.5,48.6,E
7207,7.0,63.5,yes,yes,65.9,66.8,70.3,73.9,C
7208,4.5,81.1,yes,yes,62.4,70.2,71.2,65.4,D
7209,5.0,93.8,yes,no,98.0,81.4,88.5,80.7,C
7210,2.5,80.8,yes,no,60.7,39.2,53.6,52.0,E
7211,7.5,96.3,yes,no,100.0,100.0,85.5,93.4,B
7212,7.5,92.4,yes,yes,95.6,100.0,100.0,100.0,A
7213,5.5,51.8,yes,no,60.4,68.4,65.2,66.2,D
7214,2.9,84.3,no,no,56.6,60.2,59.6,65.8,D
7215,2.2,86.0,yes,no,62.7,39.9,65.2,55.1,D
7216,5.0,68.6,yes,yes,68.3,61.7,64.8,58.3,D
7217,6.7,95.5,yes,yes,100.0,100.0,100.0,96.1,A
7218,7.8,90.0,no,yes,83.5,70.8,91.7,96.7,A
7219,1.0,68.4,yes,no,28.8,46.4,25.1,37.2,F
7220,3.0,61.2,no,no,71.5,39.8,56.4,50.9,E
7221,3.4,60.6,yes,no,66.4,65.0,55.9,59.1,D
7222,3.3,61.0,yes,no,52.4,31.0,42.3,41.4,E
7223,5.5,79.5,no,yes,76.4,84.0,93.7,77.7,C
7224,4.6,82.1,yes,yes,69.6,72.8,75.1,60.9,D
7225,7.2,57.4,no,yes,69.8,74.3,62.9,73.8,C
7226,2.2,77.4,yes,no,54.0,52.5,61.7,47.6,E
7227,3.5,62.5,no,no,57.3,60.8,69.8,58.4,D
7228,4.6,95.5,yes,yes,66.6,60.1,66.0,67.6,D
7229,6.6,92.8,yes,no,80.6,79.2,92.9,80.5,C
7230,6.7,55.8,yes,no,53.2,80.6,70.0,75.3,C
7231,6.9,62.6,yes,no,60.7,85.7,73.5,72.8,C
7232,4.4,97.2,yes,no,85.5,68.1,84.0,73.9,C
7233,2.3,64.9,yes,yes,42.0,40.5,29.5,35.8,F
7234,5.9,90.8,yes,no,96.0,87.0,79.7,90.5,B
7235,7.7,52.5,yes,yes,63.8,83.2,82.2,77.0,C
7236,2.6,69.4,yes,no,41.6,54.0,42.8,46.8,E
7237,2.0,80.7,yes,no,54.8,42.3,49.1,43.5,E
7238,0.7,70.0,yes,no,22.3,40.9,33.9,36.7,F
7239,5.5,89.5,yes,no,65.4,57.7,51.9,72.5,C
7240,4.6,99.0,yes,yes,57.5,78.3,69.0,72.6,C
7241,1.5,75.7,yes,yes,44.2,41.9,48.6,38.2,F
7242,2.0,73.2,yes,no,48.2,65.5,55.0,55.1,D
7243,5.5,85.2,yes,no,97.2,66.5,82.5,84.8,C
7244,3.8,87.7,yes,yes,62.3,59.7,51.7,60.8,D
7245,2.2,53.0,yes,no,45.9,29.8,51.7,42.0,E
7246,5.0,71.9,yes,no,80.7,64.0,61.0,75.7,C
7247,0.9,75.0,yes,yes,56.7,21.7,40.6,41.7,E
7248,0.6,65.4,yes,yes,42.4,38.5,53.8,35.9,F
7249,2.5,88.0,yes,no,76.3,59.0,56.6,64.9,D
7250,2.7,94.3,yes,no,58.9,66.2,71.6,65.1,D
7251,1.3,92.3,yes,yes,31.1,39.4,35.5,38.1,F
7252,1.4,81.7,no,no,27.5,46.9,28.3,42.6,E
7253,1.8,89.7,yes,yes,57.8,58.9,62.3,52.6,E
7254,5.9,61.6,yes,yes,77.6,94.8,61.9,81.7,C
7255,6.5,51.3,yes,no,71.5,72.1,72.2,72.7,C
7256,1.9,75.7,yes,yes,54.0,50.3,79.3,53.9,E
7257,5.4,70.5,no,yes,70.2,53.8,64.8,65.4,D
7258,2.3,94.1,yes,no,48.4,59.1,38.6,54.1,E
7259,7.1,89.5,yes,yes,90.4,79.0,80.6,87.0,B
7260,2.5,69.1,no,yes,39.9,54.0,60.7,52.1,E
7261,1.5,50.9,yes,no,49.7,57.6,37.2,37.7,F
7262,3.8,63.7,yes,no,28.6,35.5,39.1,50.9,E
7263,1.7,68.0,yes,yes,32.7,32.3,40.7,43.6,E
7264,2.0,83.8,no,no,60.6,54.9,53.8,53.9,E
7265,3.0,95.2,yes,yes,77.6,60.5,81.3,71.7,C
7266,5.5,61.0,yes,yes,65.6,71.5,54.9,59.4,D
7267,1.4,89.3,yes,no,36.6,39.7,51.5,49.7,E
7268,2.6,86.4,yes,yes,29.7,59.0,49.8,59.7,D
7269,6.9,67.7,yes,no,93.8,84.5,85.9,80.1,C
7270,2.6,50.8,yes,yes,35.8,22.1,25.1,35.6,F
7271,1.8,51.6,yes,yes,31.2,25.6,22.9,25.2,F
7272,4.5,81.0,yes,yes,65.9,88.3,67.4,74.8,C
7273,0.7,92.4,yes,yes,34.2,39.5,41.7,34.6,F
7274,6.5,81.6,yes,yes,63.1,75.4,83.2,79.2,C
7275,2.2,88.7,yes,yes,54.3,64.1,60.2,57.2,D
7276,1.5,75.1,yes,yes,55.1,23.4,64.8,46.5,E
7277,6.6,63.1,no,no,48.1,63.7,76.7,69.5,D
7278,6.8,52.0,yes,no,100.0,66.3,88.4,81.5,C
7279,6.0,90.9,no,yes,73.0,88.9,94.9,86.7,B
7280,2.3,73.7,yes,yes,32.7,39.6,35.4,39.0,F
7281,4.5,93.8,yes,yes,77.1,71.4,77.7,80.6,C
7282,7.8,68.5,yes,no,100.0,100.0,90.9,92.8,B
7283,4.1,63.8,yes,no,59.8,42.2,46.5,62.2,D
7284,7.6,83.4,yes,yes,100.0,100.0,86.0,100.0,A
7285,5.6,80.2,yes,no,61.4,82.9,74.8,73.0,C
7286,6.8,85.2,yes,no,89.0,95.3,100.0,94.4,B
7287,1.9,54.6,yes,yes,46.4,40.5,43.1,45.9,E
7288,7.5,54.2,yes,yes,57.9,73.8,61.7,76.6,C
7289,6.9,78.5,yes,no,77.8,92.8,79.5,89.9,B
7290,6.4,77.4,yes,no,76.5,75.3,64.5,82.0,C
7291,7.6,54.6,yes,no,91.2,84.6,100.0,86.3,B
7292,6.4,71.5,yes,no,81.8,85.2,80.7,82.2,C
7293,4.8,81.7,yes,yes,77.5,76.3,74.9,70.7,C
7294,5.4,77.1,yes,yes,65.4,87.6,84.5,74.3,C
7295,6.7,59.3,yes,no,83.3,85.0,65.2,70.5,C
7296,6.1,96.4,yes,yes,100.0,94.6,93.9,95.7,A
7297,4.9,51.7,yes,yes,53.5,41.2,56.7,57.1,D
7298,5.0,63.6,yes,no,60.6,65.2,75.2,65.6,D
7299,7.1,53.4,yes,no,74.7,92.7,81.2,79.7,C
7300,0.6,64.2,no,yes,18.1,26.2,30.8,27.4,F
7301,5.9,84.3,yes,no,67.6,88.6,66.4,72.8,C
7302,4.7,51.2,yes,yes,49.6,38.1,42.4,50.6,E
7303,6.8,51.9,yes,no,76.0,77.8,79.4,73.8,C
7304,2.0,60.3,yes,no,53.0,48.6,48.0,44.6,E
7305,4.4,51.4,yes,yes,50.8,66.0,43.5,48.9,E
7306,1.5,69.5,yes,yes,35.5,49.5,45.3,49.0,E
7307,5.4,61.5,no,yes,69.0,74.8,73.1,70.5,C
7308,6.2,66.1,yes,no,90.2,90.0,76.0,83.3,C
7309,5.2,91.9,yes,no,100.0,72.4,73.7,83.2,C
7310,4.7,71.6,yes,yes,62.7,57.3,45.6,63.3,D
7311,3.1,50.8,yes,yes,47.6,51.4,55.3,48.2,E
7312,5.3,77.3,yes,yes,81.7,84.9,80.0,83.2,C
7313,7.2,55.5,yes,no,72.6,67.3,65.2,70.2,C
7314,5.9,53.0,yes,yes,70.1,81.9,80.0,78.0,C
7315,0.7,66.4,yes,no,50.5,42.5,41.0,41.0,E
7316,4.3,63.6,yes,yes,59.1,66.1,46.8,56.6,D
7317,6.0,55.6,no,no,92.9,64.6,66.5,70.1,C
7318,4.3,64.9,yes,yes,58.1,61.7,63.9,58.8,D
7319,4.9,74.2,yes,yes,75.7,63.8,68.3,67.6,D
7320,7.3,62.6,yes,no,73.1,72.3,87.1,77.5,C
7321,7.1,51.6,yes,yes,84.5,94.3,87.8,81.6,C
7322,1.1,94.6,yes,no,47.3,50.9,45.8,41.4,E
7323,4.3,82.6,yes,yes,78.6,61.2,44.3,60.2,D
7324,5.2,85.3,yes,no,61.9,60.3,81.8,65.8,D
7325,6.9,70.4,yes,yes,69.9,87.2,75.5,74.1,C
7326,2.5,78.7,yes,yes,57.0,74.8,63.3,56.7,D
7327,1.5,85.1,yes,no,30.4,33.3,63.5,47.7,E
7328,5.0,67.8,yes,no,66.4,51.7,60.8,57.8,D
7329,4.0,91.6,yes,yes,77.1,72.2,58.9,77.7,C
7330,2.4,88.6,yes,yes,55.9,49.1,31.7,51.4,E
7331,7.6,64.4,yes,yes,90.0,90.7,78.3,94.7,B
7332,2.9,66.6,no,yes,50.6,50.1,39.6,51.6,E
7333,0.9,59.2,yes,yes,41.8,42.1,46.8,35.5,F
7334,0.9,75.1,yes,yes,50.6,42.8,52.2,45.9,E
7335,2.0,90.6,no,yes,50.4,56.1,63.3,60.4,D
7336,1.4,78.2,no,yes,50.7,40.9,40.0,42.1,E
7337,3.5,67.7,yes,yes,48.3,48.6,62.1,46.2,E
7338,1.1,70.5,yes,no,43.9,47.5,45.0,46.6,E
7339,4.7,84.6,yes,no,64.7,72.0,54.2,69.0,D
7340,3.6,75.7,yes,no,61.8,55.5,52.0,56.0,D
7341,5.0,77.6,yes,no,63.7,68.6,81.5,74.4,C
7342,7.9,80.5,yes,no,88.5,100.0,100.0,100.0,A
7343,7.9,86.9,yes,no,100.0,84.3,78.0,99.9,A
7344,3.6,81.3,yes,yes,69.4,72.2,63.9,66.6,D
7345,3.3,84.2,yes,yes,56.0,60.0,66.7,51.1,E
7346,5.6,83.3,yes,yes,82.6,74.1,77.3,85.0,B
7347,3.3,96.3,yes,yes,71.1,74.8,56.8,65.6,D
7348,6.3,86.8,no,no,74.4,96.0,81.9,81.4,C
7349,5.0,77.3,yes,no,69.6,56.4,79.4,65.1,D
7350,2.0,94.9,yes,no,45.0,58.5,43.2,55.9,D
7351,3.6,95.0,yes,no,81.8,67.6,74.9,71.5,C
7352,7.0,67.6,yes,no,97.8,86.5,84.5,88.3,B
7353,4.7,90.3,yes,yes,70.2,68.0,56.8,73.3,C
7354,5.8,99.1,yes,no,74.2,66.5,77.6,78.9,C
7355,5.8,60.3,yes,yes,75.8,84.1,65.7,69.9,D
7356,4.1,69.8,yes,yes,50.5,59.6,61.0,60.3,D
7357,2.7,70.8,yes,yes,33.8,41.3,33.8,40.2,E
7358,5.0,80.5,yes,no,84.5,79.9,71.1,72.9,C
7359,1.3,98.1,yes,yes,48.8,56.7,43.9,51.4,E
7360,5.0,65.3,yes,no,72.3,64.8,83.3,69.8,D
7361,1.3,87.7,yes,yes,23.2,31.9,24.3,36.5,F
7362,7.3,88.9,yes,yes,93.5,85.8,88.2,88.3,B
7363,6.1,84.8,yes,no,99.8,95.1,79.3,84.4,C
7364,1.9,79.4,yes,yes,55.5,48.7,48.8,52.8,E
7365,6.4,78.6,yes,yes,88.6,70.3,74.0,76.0,C
7366,5.9,64.1,yes,no,63.9,64.9,63.4,70.6,C
7367,6.0,56.9,yes,no,93.3,71.7,51.3,71.3,C
7368,3.0,66.7,yes,no,50.3,54.4,65.0,51.1,E
7369,4.4,61.5,yes,no,52.6,89.0,56.7,62.1,D
7370,4.9,82.6,yes,no,55.4,60.3,81.0,71.8,C
7371,3.3,92.7,yes,yes,70.6,52.7,54.2,63.8,D
7372,4.7,57.9,yes,yes,67.1,71.0,63.6,55.4,D
7373,2.3,83.0,yes,yes,24.6,20.2,36.0,42.2,E
7374,7.1,56.1,yes,no,91.1,95.5,85.0,85.8,B
7375,7.7,69.0,no,no,85.3,80.4,74.1,87.6,B
7376,3.0,58.7,yes,no,54.3,42.2,29.2,43.6,E
7377,3.1,65.0,yes,yes,51.5,57.5,50.6,58.9,D
7378,2.1,92.9,yes,no,58.1,66.0,61.4,51.2,E
7379,7.0,71.0,yes,yes,100.0,83.8,97.7,87.2,B
7380,1.7,55.4,yes,no,21.5,35.0,29.8,26.9,F
7381,6.5,59.9,yes,yes,65.5,69.9,90.4,74.4,C
7382,6.7,92.2,yes,no,100.0,74.9,81.3,82.8,C
7383,2.9,70.5,yes,yes,62.4,55.0,54.2,61.4,D
7384,6.3,96.8,yes,yes,93.0,90.1,89.9,94.7,B
7385,3.9,78.1,yes,yes,52.0,45.5,63.7,58.6,D
7386,3.1,75.4,yes,no,75.3,60.5,59.8,63.4,D
7387,7.2,72.8,yes,no,93.7,100.0,100.0,95.8,A
7388,3.9,88.7,yes,no,62.0,71.2,58.4,63.7,D
7389,0.9,91.8,no,no,40.4,45.1,55.2,45.5,E
7390,5.3,56.4,yes,no,63.9,67.4,68.2,63.4,D
7391,5.4,70.4,yes,yes,81.3,74.2,84.4,77.8,C
7392,5.3,64.1,yes,no,71.0,59.4,47.9,58.6,D
7393,3.2,95.0,yes,no,42.6,58.1,30.7,54.4,E
7394,5.6,86.7,yes,yes,84.7,75.4,89.7,88.8,B
7395,2.7,64.6,yes,no,66.3,53.3,42.5,48.6,E
7396,4.0,70.4,yes,no,58.6,62.1,60.8,57.5,D
7397,2.1,71.0,yes,no,51.3,38.4,49.5,45.0,E
7398,5.1,96.6,yes,yes,82.2,80.2,79.5,85.4,B
7399,6.6,73.7,yes,no,73.0,85.7,67.5,76.0,C
7400,1.2,50.9,yes,no,37.7,40.6,29.2,29.2,F
7401,0.7,86.5,yes,yes,43.4,42.5,26.0,46.4,E
7402,6.2,54.8,yes,no,76.9,76.4,65.7,70.1,C
7403,2.9,81.5,yes,no,72.1,76.6,60.1,61.6,D
7404,2.9,75.7,yes,no,41.3,58.5,60.9,56.5,D
7405,4.7,88.1,yes,no,70.4,57.1,60.2,69.6,D
7406,4.2,77.5,yes,no,72.8,68.8,72.1,73.4,C
7407,1.4,58.8,yes,no,41.8,21.6,43.6,36.2,F
7408,6.2,94.7,yes,yes,100.0,100.0,92.9,89.8,B
7409,1.8,95.2,yes,no,40.4,65.5,52.6,45.0,E
7410,6.7,71.0,yes,yes,89.4,83.9,69.6,79.9,C
7411,6.2,80.5,yes,yes,88.0,70.1,73.5,78.9,C
7412,1.8,77.6,yes,no,39.1,46.5,39.6,37.6,F
7413,6.2,76.7,yes,yes,78.4,66.8,65.8,75.7,C
7414,5.5,54.5,yes,yes,65.4,86.4,63.4,67.4,D
7415,7.9,74.7,yes,no,91.8,91.9,100.0,100.0,A
7416,5.8,61.3,no,yes,87.6,82.0,81.3,80.3,C
7417,3.4,89.9,no,no,74.1,80.1,76.9,71.0,C
7418,5.2,92.4,yes,no,78.6,77.4,91.3,75.7,C
7419,5.5,50.9,yes,no,83.3,53.0,66.4,70.8,C
7420,6.1,86.8,yes,yes,84.3,95.1,100.0,90.4,B
7421,4.0,55.7,no,yes,61.0,55.6,60.2,63.7,D
7422,6.7,50.5,yes,yes,57.6,83.9,66.8,81.5,C
7423,2.7,50.7,yes,yes,38.8,21.8,36.1,34.1,F
7424,7.7,73.3,yes,no,88.6,100.0,93.8,98.5,A
7425,2.8,90.7,yes,no,50.6,55.2,34.3,48.9,E
7426,0.8,65.6,yes,yes,16.8,43.3,25.9,32.8,F
7427,2.0,96.2,yes,no,60.2,67.2,50.6,58.7,D
7428,7.5,71.1,no,yes,92.2,100.0,95.7,90.0,B
7429,6.4,59.4,yes,yes,72.0,79.8,90.1,73.4,C
7430,3.8,73.0,yes,no,63.9,63.5,69.2,66.2,D
7431,7.3,81.3,no,no,84.7,92.3,94.7,90.9,B
7432,2.3,75.3,yes,no,69.0,62.1,46.4,54.6,E
7433,2.3,72.0,yes,no,28.8,22.7,31.7,38.6,F
7434,1.5,59.4,yes,yes,46.2,9.1,33.2,29.0,F
7435,3.8,85.0,yes,yes,63.9,69.7,70.8,66.5,D
7436,4.4,67.5,yes,yes,78.6,85.1,74.8,63.7,D
7437,1.6,98.5,no,no,46.8,56.9,41.8,45.8,E
7438,1.4,70.0,no,no,55.2,44.0,40.3,46.9,E
7439,3.4,61.1,yes,yes,32.9,54.2,67.0,44.2,E
7440,2.2,93.0,yes,yes,31.2,45.4,56.7,48.1,E
7441,4.8,60.4,yes,yes,81.2,59.8,75.3,67.8,D
7442,4.4,58.4,yes,no,70.7,42.6,43.1,55.5,D
7443,1.7,85.9,yes,yes,38.4,44.8,48.1,46.0,E
7444,0.6,64.9,yes,yes,58.6,32.9,52.2,40.7,E
7445,5.3,70.9,yes,yes,50.5,78.3,77.0,69.6,D
7446,6.3,72.6,yes,no,71.3,56.0,80.5,71.4,C
7447,4.2,89.2,yes,no,72.0,84.5,75.0,77.8,C
7448,4.8,78.7,yes,yes,70.1,63.0,61.2,71.4,C
7449,7.7,87.1,no,yes,100.0,93.2,85.8,91.3,B
7450,6.3,99.4,no,yes,64.9,75.3,85.8,81.9,C
7451,3.0,85.5,yes,yes,59.2,66.6,52.0,56.8,D
7452,6.9,63.9,no,no,73.5,86.8,97.7,89.4,B
7453,4.6,88.3,yes,yes,63.8,79.9,73.4,72.2,C
7454,4.4,92.5,yes,no,76.1,74.2,70.5,71.6,C
7455,5.7,71.5,yes,yes,73.4,82.7,72.1,73.1,C
7456,3.7,83.0,yes,yes,60.0,53.2,41.5,58.2,D
7457,7.1,74.5,no,no,72.1,99.8,73.5,85.4,B
7458,1.8,56.4,yes,no,42.0,24.9,41.5,30.0,F
7459,3.7,86.4,yes,yes,63.7,72.6,69.0,71.5,C
7460,1.0,72.2,yes,yes,41.7,31.2,27.5,32.1,F
7461,5.8,67.3,yes,no,68.6,77.4,56.8,69.9,D
7462,2.5,73.4,yes,yes,61.4,66.9,57.1,52.2,E
7463,3.7,79.1,yes,yes,78.5,59.9,40.5,60.4,D
7464,7.1,87.8,yes,no,97.3,100.0,100.0,98.9,A
7465,1.9,95.4,yes,no,63.2,33.1,21.8,43.9,E
7466,0.5,84.2,yes,no,40.1,36.3,32.9,33.4,F
7467,4.8,99.7,yes,no,79.6,93.2,85.6,76.9,C
7468,3.8,57.9,yes,yes,41.3,54.0,49.7,53.1,E
7469,0.9,57.7,yes,yes,35.0,44.0,39.0,40.1,E
7470,2.7,89.5,yes,yes,57.1,64.5,64.5,53.3,E
7471,2.3,81.7,yes,yes,55.3,52.9,42.5,58.2,D
7472,2.5,93.1,no,no,54.4,71.4,47.4,50.4,E
7473,6.4,83.9,yes,yes,92.3,86.6,81.5,88.9,B
7474,2.8,50.6,yes,yes,37.3,52.1,46.2,48.3,E
7475,4.2,83.6,yes,yes,56.2,45.1,59.8,61.2,D
7476,2.5,60.6,yes,yes,50.0,47.6,45.8,36.5,F
7477,7.6,72.3,yes,yes,85.7,93.7,75.9,90.7,B
7478,6.3,84.6,yes,no,75.1,86.5,91.8,87.8,B
7479,3.7,82.8,yes,no,62.5,61.2,87.1,71.0,C
7480,6.0,69.1,yes,no,85.8,97.8,72.1,78.0,C
7481,2.9,85.7,yes,no,50.0,60.6,57.3,55.2,D
7482,1.1,97.2,yes,no,42.4,73.2,46.3,55.9,D
7483,3.7,61.5,yes,yes,49.9,56.5,71.2,53.5,E
7484,4.7,56.0,no,yes,59.2,56.7,34.0,53.5,E
7485,3.1,56.8,yes,yes,49.2,59.7,54.6,56.7,D
7486,3.5,72.9,yes,yes,61.2,50.4,55.9,56.4,D
7487,5.9,64.9,yes,yes,73.5,65.7,50.1,70.2,C
7488,7.2,73.4,yes,yes,95.8,94.9,79.1,93.9,B
7489,7.2,54.2,yes,no,79.4,100.0,81.0,88.5,B
7490,4.8,62.3,yes,yes,47.6,36.9,54.8,59.1,D
7491,5.2,67.4,yes,yes,74.9,76.1,64.4,63.5,D
7492,4.5,96.7,no,no,83.7,67.6,53.2,76.9,C
7493,3.3,64.9,no,no,57.7,53.5,61.3,54.3,E
7494,6.0,52.4,no,no,78.5,69.8,70.6,74.9,C
7495,1.3,65.6,yes,no,52.7,52.3,46.5,45.5,E
7496,7.2,96.8,yes,yes,80.9,100.0,83.0,86.6,B
7497,2.6,71.4,yes,yes,55.0,52.6,36.2,45.3,E
7498,2.1,90.9,yes,yes,42.3,37.2,52.4,45.3,E
7499,2.6,63.4,yes,no,40.6,45.1,54.7,42.7,E
7500,6.6,56.8,yes,yes,86.4,79.1,83.5,70.4,C
7501,2.5,74.8,yes,no,60.6,57.8,58.2,54.1,E
7502,5.1,85.1,yes,yes,74.5,89.0,69.5,81.3,C
7503,3.1,92.3,no,yes,70.6,76.5,60.8,65.4,D
7504,5.4,62.1,yes,yes,67.5,66.0,62.4,71.0,C
7505,4.9,99.3,yes,yes,84.7,84.9,79.4,84.6,C
7506,8.0,74.5,yes,no,96.1,97.3,79.2,93.2,B
7507,2.8,75.1,yes,yes,28.6,53.5,58.9,45.3,E
7508,3.1,92.9,yes,no,56.0,62.1,60.2,60.5,D
7509,2.0,70.4,yes,yes,37.2,25.5,32.8,40.6,E
7510,4.0,87.9,yes,yes,60.2,59.3,63.8,58.7,D
7511,6.8,78.4,yes,no,76.6,88.7,85.7,90.5,B
7512,2.1,56.8,yes,no,25.2,34.8,40.4,40.8,E
7513,7.7,51.6,yes,yes,85.6,74.5,74.7,84.0,C
7514,0.6,96.7,yes,no,53.8,31.2,31.8,42.0,E
7515,6.5,93.3,no,no,94.7,87.5,100.0,91.9,B
7516,5.7,99.2,yes,yes,100.0,81.4,93.5,87.7,B
7517,7.3,83.7,yes,yes,85.9,84.7,99.9,87.5,B
7518,4.4,82.3,yes,no,59.8,57.7,57.1,60.7,D
7519,5.6,60.4,yes,no,60.4,56.4,66.9,67.9,D
7520,0.9,82.1,yes,yes,58.2,21.9,48.9,44.3,E
7521,3.5,74.4,yes,no,52.7,73.0,53.4,59.9,D
7522,6.3,68.9,yes,yes,82.4,84.5,68.5,81.4,C
7523,1.3,84.1,no,yes,21.1,37.3,48.7,44.3,E
7524,6.4,54.2,yes,yes,83.5,70.2,64.9,70.1,C
7525,2.8,75.2,yes,no,53.0,60.9,42.4,45.1,E
7526,3.1,87.9,yes,no,65.0,81.1,81.2,67.0,D
7527,5.4,91.5,yes,no,70.4,56.0,66.1,72.1,C
7528,1.1,74.5,yes,yes,37.3,32.5,37.2,34.2,F
7529,5.2,67.6,yes,no,81.0,63.3,59.4,60.4,D
7530,7.4,78.6,yes,no,87.9,100.0,93.1,92.4,B
7531,1.2,56.4,yes,no,45.4,31.5,24.6,41.8,E
7532,2.4,54.6,no,no,23.0,35.3,40.4,35.7,F
7533,0.6,91.0,yes,no,51.5,32.8,57.2,41.7,E
7534,4.4,56.3,yes,no,78.4,62.6,79.4,66.3,D
7535,6.0,70.9,yes,yes,70.1,79.3,76.6,78.6,C
7536,7.4,70.6,yes,no,76.1,70.7,98.1,79.2,C
7537,3.3,99.2,yes,yes,87.4,70.5,85.9,74.4,C
7538,1.6,85.3,no,no,46.4,45.1,42.5,44.2,E
7539,0.7,88.3,yes,no,35.4,59.0,65.7,50.1,E
7540,2.9,83.5,yes,no,60.5,41.5,48.0,49.5,E
7541,4.3,63.6,no,no,64.3,71.8,72.3,68.0,D
7542,7.3,68.1,yes,no,83.6,93.4,100.0,94.4,B
7543,2.1,59.2,yes,yes,51.9,52.6,39.3,44.9,E
7544,6.4,77.1,yes,yes,100.0,70.3,84.9,86.2,B
7545,4.1,53.9,yes,yes,64.1,53.2,46.5,62.9,D
7546,7.0,95.2,yes,no,90.4,85.0,86.1,92.2,B
7547,7.0,59.8,yes,yes,70.9,73.9,92.2,87.1,B
7548,6.9,60.7,yes,yes,69.5,84.0,82.6,82.8,C
7549,3.5,74.2,yes,no,33.2,53.9,60.4,54.3,E
7550,3.1,66.0,yes,no,32.8,44.9,21.8,41.6,E
7551,2.1,58.3,yes,yes,37.4,46.6,48.6,45.3,E
7552,2.2,99.3,no,yes,48.6,76.4,48.4,56.9,D
7553,5.1,64.0,yes,yes,69.8,79.7,81.1,72.5,C
7554,7.7,87.0,yes,yes,94.7,100.0,85.2,95.3,A
7555,5.0,86.3,yes,yes,55.6,64.8,75.5,66.6,D
7556,3.6,62.2,yes,yes,53.6,71.3,40.4,54.9,E
7557,2.3,63.9,yes,yes,52.8,43.7,49.5,46.6,E
7558,5.4,76.7,yes,yes,83.1,78.9,72.9,73.0,C
7559,2.1,93.1,yes,no,51.8,44.1,49.2,47.3,E
7560,1.2,87.0,yes,no,50.0,38.9,34.1,36.5,F
7561,1.2,65.2,yes,yes,16.3,36.3,38.8,31.2,F
7562,6.9,52.2,yes,yes,50.2,89.1,82.3,79.9,C
7563,3.4,80.4,yes,yes,64.5,48.7,60.5,59.2,D
7564,7.6,73.8,yes,no,100.0,92.2,91.1,90.7,B
7565,4.2,67.2,yes,no,43.6,49.1,47.5,58.8,D
7566,5.7,82.3,no,no,80.6,79.7,85.7,83.2,C
7567,6.7,97.6,yes,yes,95.4,100.0,91.1,100.0,A
7568,7.1,95.2,yes,no,100.0,98.3,100.0,95.4,A
7569,1.7,83.3,yes,no,60.8,55.5,52.6,55.8,D
7570,2.1,98.0,yes,yes,49.2,41.5,50.0,51.0,E
7571,1.6,69.8,yes,no,55.7,52.4,53.6,44.6,E
7572,3.8,55.1,yes,yes,62.8,44.6,55.9,61.1,D
7573,1.7,72.6,yes,no,44.0,55.0,47.1,51.8,E
7574,5.4,83.0,no,yes,79.5,69.3,67.9,68.1,D
7575,3.2,90.1,yes,yes,47.9,63.9,73.4,63.3,D
7576,7.7,96.9,yes,no,89.8,100.0,100.0,92.5,B
7577,6.6,75.9,yes,yes,75.9,81.3,83.5,79.2,C
7578,5.9,68.7,yes,yes,100.0,95.3,62.3,77.5,C
7579,5.7,64.1,yes,yes,64.9,95.6,90.5,80.9,C
7580,0.8,80.3,yes,yes,35.5,40.3,36.6,46.1,E
7581,1.1,84.6,yes,no,49.0,40.8,41.7,40.5,E
7582,3.7,81.6,yes,no,50.7,54.5,74.0,58.8,D
7583,7.4,59.8,yes,yes,88.3,98.0,78.0,85.1,B
7584,1.2,72.3,yes,no,26.0,34.5,37.7,29.0,F
7585,3.7,53.7,no,no,47.5,44.1,52.9,54.9,E
7586,6.5,76.0,yes,yes,75.3,82.9,58.7,74.2,C
7587,2.9,60.7,yes,yes,44.1,39.4,46.6,38.2,F
7588,7.5,94.5,yes,no,84.0,100.0,90.2,92.8,B
7589,7.5,90.4,yes,yes,79.1,78.6,85.7,91.3,B
7590,0.9,86.6,no,yes,43.9,46.0,55.7,46.9,E
7591,5.1,55.6,yes,yes,61.3,71.3,70.5,67.1,D
7592,1.6,72.3,yes,no,38.6,27.5,26.0,33.0,F
7593,3.8,59.0,yes,no,53.0,56.7,37.7,51.9,E
7594,7.2,52.2,yes,no,85.3,76.7,80.1,81.7,C
7595,1.1,70.1,no,no,29.4,31.9,26.5,30.0,F
7596,7.5,65.7,yes,no,81.9,96.1,88.1,87.9,B
7597,8.0,95.9,yes,no,100.0,100.0,100.0,100.0,A
7598,5.5,96.3,yes,no,86.3,69.5,93.1,83.6,C
7599,3.2,96.7,yes,no,57.0,87.6,83.0,73.2,C
7600,2.4,50.7,yes,yes,45.4,49.8,72.5,41.2,E
7601,3.7,75.9,yes,no,54.8,72.1,72.6,68.8,D
7602,1.8,50.9,yes,yes,30.1,44.9,16.5,26.1,F
7603,0.7,80.2,yes,no,58.1,44.4,46.4,44.8,E
7604,1.0,75.4,yes,no,35.5,41.9,29.6,33.9,F
7605,5.5,71.5,yes,yes,90.8,50.8,58.7,69.3,D
7606,0.7,52.6,yes,yes,5.9,35.0,15.7,19.8,F
7607,2.8,55.2,yes,no,50.4,49.5,63.9,41.9,E
7608,5.6,65.7,no,yes,68.8,87.4,69.0,71.8,C
7609,1.8,62.1,yes,no,31.7,36.6,56.1,42.5,E
7610,3.0,58.9,yes,yes,61.8,67.9,56.9,46.4,E
7611,0.7,92.6,yes,no,49.6,59.9,55.1,51.9,E
7612,1.3,51.4,yes,yes,33.3,41.9,43.6,33.2,F
7613,2.2,60.9,yes,yes,37.0,28.9,42.1,37.4,F
7614,1.4,95.9,yes,no,78.2,57.9,40.0,52.5,E
7615,4.0,93.6,yes,no,81.2,77.6,79.6,74.2,C
7616,1.5,67.8,no,yes,41.6,31.4,30.7,29.8,F
7617,2.8,90.2,yes,yes,54.8,68.1,46.8,63.4,D
7618,5.9,57.6,yes,yes,52.0,45.9,62.9,61.4,D
7619,5.4,82.0,yes,no,69.0,86.1,75.8,76.1,C
7620,3.4,94.2,yes,no,50.7,46.8,57.3,54.9,E
7621,7.5,73.6,yes,yes,72.1,82.6,100.0,82.6,C
7622,6.4,58.3,yes,yes,73.6,74.4,93.4,76.6,C
7623,5.1,78.9,yes,yes,82.8,70.3,72.3,70.2,C
7624,3.8,87.4,yes,yes,60.8,46.6,70.4,60.2,D
7625,1.0,93.3,yes,yes,20.0,24.8,35.4,39.5,F
7626,3.6,69.0,yes,no,78.6,60.7,57.6,64.2,D
7627,4.6,64.2,yes,no,48.1,47.5,71.8,64.0,D
7628,7.9,84.3,no,no,100.0,90.0,96.7,100.0,A
7629,7.6,62.5,yes,yes,87.0,93.5,91.4,88.0,B
7630,1.3,62.1,no,yes,53.7,24.0,20.8,27.4,F
7631,7.8,59.1,yes,no,100.0,85.9,89.2,88.5,B
7632,6.2,68.4,no,no,79.6,87.7,79.9,73.0,C
7633,5.6,72.0,yes,yes,76.7,52.1,88.0,77.1,C
7634,7.3,86.2,yes,no,100.0,88.4,87.8,93.2,B
7635,2.9,55.4,yes,yes,56.0,56.1,72.1,54.6,E
7636,3.5,71.3,yes,yes,62.0,60.5,60.1,56.4,D
7637,7.0,82.9,no,yes,98.1,82.5,96.8,96.1,A
7638,1.3,77.2,yes,no,26.2,36.5,36.3,33.0,F
7639,5.8,89.4,yes,no,78.3,70.7,76.3,74.8,C
7640,6.6,94.6,no,no,75.7,97.4,86.7,83.6,C
7641,7.1,60.6,yes,no,96.3,97.3,92.7,88.7,B
7642,2.1,95.4,yes,no,48.5,45.8,49.2,48.5,E
7643,5.6,94.3,yes,no,85.9,91.0,100.0,91.3,B
7644,1.1,68.2,no,no,34.5,44.2,41.8,41.3,E
7645,7.0,90.7,yes,yes,100.0,91.2,74.7,89.4,B
7646,4.1,75.8,yes,no,57.2,67.7,85.5,68.2,D
7647,5.2,90.5,no,no,80.6,75.2,81.2,77.4,C
7648,6.9,87.4,yes,no,76.6,100.0,74.7,88.3,B
7649,4.3,98.1,yes,yes,85.6,89.8,71.9,81.2,C
7650,4.3,61.1,yes,yes,48.2,54.6,49.5,51.5,E
7651,4.0,86.8,yes,yes,60.7,65.9,64.4,59.9,D
7652,5.0,50.7,no,no,50.6,47.6,23.7,54.8,E
7653,5.9,96.1,yes,yes,68.1,86.8,63.0,88.9,B
7654,6.5,59.9,yes,no,76.5,61.8,73.9,73.0,C
7655,0.7,68.7,yes,no,41.4,38.3,52.3,38.7,F
7656,3.1,92.2,yes,no,44.5,45.1,68.7,55.2,D
7657,3.7,73.9,no,yes,63.6,59.8,53.1,63.0,D
7658,1.2,83.2,yes,yes,55.3,50.1,58.3,52.5,E
7659,6.1,68.1,no,no,89.1,79.1,90.9,85.2,B
7660,4.4,77.8,yes,no,72.7,80.5,74.4,72.1,C
7661,0.5,92.3,yes,yes,32.4,62.7,51.7,39.5,F
7662,5.2,94.6,yes,no,78.4,55.4,62.9,70.5,C
7663,3.0,72.8,yes,yes,59.7,64.2,60.2,56.3,D
7664,6.0,86.0,yes,no,53.0,71.6,92.0,72.5,C
7665,1.8,73.4,yes,yes,44.8,37.8,46.0,49.3,E
7666,0.5,97.0,yes,yes,45.4,31.2,34.2,38.8,F
7667,1.2,86.4,yes,no,68.7,52.9,59.2,51.6,E
7668,3.8,71.6,yes,yes,57.2,55.7,58.9,55.1,D
7669,6.1,74.9,yes,yes,68.0,84.2,62.6,80.8,C
7670,5.0,59.2,yes,no,37.2,45.7,64.5,54.0,E
7671,0.6,97.1,no,no,52.1,33.1,39.2,51.3,E
7672,4.9,62.8,yes,no,68.8,71.5,78.8,70.5,C
7673,4.1,59.1,yes,yes,61.4,68.3,56.6,57.7,D
7674,6.5,72.6,yes,no,61.8,61.1,72.7,73.0,C
7675,2.4,86.3,yes,yes,59.6,64.4,58.2,57.3,D
7676,5.9,84.1,yes,yes,86.1,88.8,78.4,87.0,B
7677,5.2,62.7,yes,no,64.7,87.7,86.3,74.1,C
7678,5.2,63.2,yes,no,85.4,74.2,70.7,69.5,D
7679,3.5,61.8,yes,yes,56.0,65.8,44.2,47.4,E
7680,0.6,80.2,yes,no,44.8,57.9,62.8,46.1,E
7681,1.9,97.9,yes,no,41.9,37.0,54.6,55.4,D
7682,6.8,94.5,yes,no,88.8,78.3,75.4,83.9,C
7683,5.1,75.2,yes,yes,73.2,62.8,88.5,80.0,C
7684,4.8,68.9,yes,yes,81.0,87.3,68.7,74.4,C
7685,4.4,69.8,no,no,62.2,55.8,75.0,58.1,D
7686,1.1,90.3,yes,yes,25.1,39.0,32.3,35.4,F
7687,3.1,82.5,yes,no,51.4,34.2,46.4,51.7,E
7688,5.1,52.1,yes,yes,72.5,46.0,54.9,62.7,D
7689,1.4,53.8,yes,no,7.4,18.5,23.4,23.2,F
7690,7.4,74.1,no,yes,100.0,97.0,94.5,98.3,A
7691,1.0,76.6,yes,no,48.7,23.4,30.2,32.0,F
7692,5.6,98.0,yes,yes,81.9,90.9,79.0,92.8,B
7693,2.8,57.1,yes,no,32.9,51.7,53.7,50.3,E
7694,7.0,90.4,yes,no,100.0,100.0,100.0,100.0,A
7695,6.7,94.8,yes,yes,59.6,79.8,92.5,82.9,C
7696,3.0,68.9,yes,no,42.6,51.8,37.6,43.4,E
7697,4.0,58.1,yes,no,76.1,71.7,67.9,64.2,D
7698,7.7,62.3,yes,no,90.5,92.5,86.9,77.1,C
7699,5.1,83.1,yes,yes,71.2,84.2,72.1,68.2,D
7700,0.5,53.5,yes,yes,34.6,15.8,13.1,19.6,F
7701,6.3,94.3,yes,no,86.3,76.6,96.8,88.6,B
7702,3.2,87.8,yes,yes,62.8,64.5,81.1,67.5,D
7703,2.6,89.7,yes,no,62.2,65.3,62.3,60.9,D
7704,6.7,87.0,yes,yes,88.0,81.4,87.6,83.9,C
7705,7.8,56.4,yes,yes,89.7,82.9,74.6,85.1,B
7706,1.0,86.5,yes,yes,38.9,49.4,43.8,48.4,E
7707,3.4,80.0,yes,no,52.6,47.5,61.3,51.7,E
7708,2.6,52.5,yes,no,25.2,28.8,36.0,35.8,F
7709,7.2,64.2,yes,yes,77.4,69.1,70.2,79.0,C
7710,7.0,71.2,yes,yes,90.8,94.2,98.9,84.9,C
7711,7.3,77.1,yes,yes,100.0,97.2,100.0,98.7,A
7712,0.8,59.0,yes,no,59.1,44.9,36.7,39.5,F
7713,0.9,76.4,yes,yes,39.3,44.3,70.4,44.5,E
7714,4.6,97.9,yes,yes,81.0,63.5,65.7,70.5,C
7715,1.8,67.7,yes,yes,71.6,47.2,35.4,51.4,E
7716,1.3,57.6,yes,no,60.8,22.2,36.2,37.7,F
7717,2.5,73.4,yes,no,69.7,61.8,43.9,59.2,D
7718,5.8,72.5,yes,no,70.9,100.0,90.0,84.8,C
7719,5.5,95.9,yes,no,69.5,81.8,93.6,79.4,C
7720,6.4,73.1,yes,yes,62.4,79.6,63.2,71.1,C
7721,1.0,62.2,yes,yes,36.8,23.3,31.3,35.4,F
7722,6.2,61.2,yes,no,100.0,63.5,77.9,83.0,C
7723,4.2,51.7,yes,no,43.7,41.3,41.5,45.1,E
7724,2.8,87.1,yes,no,51.0,84.0,57.3,58.6,D
7725,5.1,63.4,yes,no,71.7,42.0,52.7,59.4,D
7726,6.5,89.4,yes,yes,81.0,96.9,92.1,85.8,B
7727,1.3,77.5,yes,yes,55.6,48.3,34.7,45.4,E
7728,6.6,85.6,yes,yes,74.8,84.0,81.1,78.4,C
7729,4.8,60.2,yes,no,81.0,73.9,80.2,71.9,C
7730,5.2,57.7,no,yes,59.7,51.2,47.1,57.0,D
7731,7.1,70.9,yes,yes,79.7,78.9,66.8,82.7,C
7732,5.8,67.8,yes,no,57.9,79.7,59.7,72.2,C
7733,4.9,75.3,no,no,63.6,72.0,59.1,63.1,D
7734,3.0,87.4,yes,no,39.7,37.2,39.9,52.5,E
7735,4.3,95.4,yes,no,68.5,65.4,79.8,64.8,D
7736,6.8,79.7,yes,yes,100.0,87.8,90.7,91.0,B
7737,8.0,61.3,yes,yes,86.4,68.1,73.7,80.7,C
7738,6.2,64.8,yes,no,79.7,92.6,72.4,80.2,C
7739,6.4,95.3,no,yes,85.5,82.4,94.3,86.1,B
7740,5.7,60.5,yes,no,85.9,80.0,89.6,78.7,C
7741,6.3,54.7,yes,no,69.8,87.9,71.4,75.8,C
7742,2.3,96.1,yes,no,55.1,61.9,55.3,53.2,E
7743,3.7,51.3,yes,no,39.0,66.0,57.8,52.8,E
7744,4.7,87.4,no,no,57.8,54.3,69.7,65.1,D
7745,4.6,57.3,yes,yes,57.1,70.2,61.3,54.6,E
7746,5.0,83.3,yes,yes,53.9,61.6,77.9,67.3,D
7747,7.8,59.3,yes,no,90.9,79.9,95.2,88.9,B
7748,6.9,94.9,yes,yes,91.0,89.8,79.5,84.5,C
7749,6.7,52.5,yes,no,67.7,70.5,71.6,74.7,C
7750,6.7,65.2,yes,no,85.2,89.3,66.8,81.8,C
7751,6.4,89.2,no,yes,79.7,85.5,95.1,93.2,B
7752,5.6,78.4,yes,yes,72.3,68.9,69.0,67.8,D
7753,2.4,71.1,yes,yes,52.4,73.6,52.2,57.0,D
7754,6.9,71.8,yes,no,76.3,90.9,88.9,85.9,B
7755,2.6,75.1,no,no,42.1,44.8,41.4,45.7,E
7756,5.9,99.7,no,no,66.8,82.0,70.4,78.7,C
7757,1.3,83.7,yes,no,54.4,23.6,59.1,46.7,E
7758,4.6,74.4,no,yes,70.8,67.3,64.1,69.6,D
7759,2.9,66.1,yes,yes,52.6,29.8,41.3,42.2,E
7760,5.8,75.2,yes,no,54.6,69.8,79.4,72.7,C
7761,6.9,96.1,yes,yes,94.5,74.1,75.5,85.6,B
7762,0.6,60.9,no,no,20.1,39.1,38.4,36.5,F
7763,1.4,67.3,yes,no,32.4,13.0,23.8,33.0,F
7764,7.4,53.2,yes,no,100.0,78.7,85.6,79.6,C
7765,2.3,81.5,yes,no,37.9,66.9,75.5,53.8,E
7766,6.0,88.4,yes,no,77.2,86.7,87.1,77.2,C
7767,6.6,81.6,yes,no,78.7,88.4,100.0,89.3,B
7768,6.1,90.6,yes,no,79.7,95.5,91.1,85.6,B
7769,0.7,88.5,yes,no,34.7,43.7,62.1,44.7,E
7770,6.0,98.6,yes,no,65.5,92.4,71.9,92.2,B
7771,7.7,72.6,yes,no,90.6,76.2,88.7,85.4,B
7772,3.3,54.2,no,no,38.4,36.1,48.0,38.3,F
7773,5.8,76.8,yes,no,61.0,80.8,67.8,70.4,C
7774,2.6,88.6,yes,no,70.2,64.3,64.3,57.7,D
7775,8.0,70.3,yes,yes,98.2,100.0,87.4,92.9,B
7776,2.1,72.5,yes,no,52.5,61.1,66.7,52.4,E
7777,2.8,86.9,yes,no,55.2,39.8,50.0,49.9,E
7778,1.8,50.8,yes,no,31.6,5.9,23.9,26.2,F
7779,7.7,82.9,yes,yes,96.5,100.0,90.2,96.9,A
7780,4.8,85.4,yes,yes,79.3,81.4,75.9,74.9,C
7781,2.4,98.5,yes,no,66.8,64.7,79.7,64.4,D
7782,1.5,86.5,yes,yes,38.9,58.6,54.5,42.7,E
7783,7.1,56.5,yes,yes,62.7,72.0,61.7,69.9,D
7784,1.0,74.9,yes,yes,39.3,55.9,47.5,46.2,E
7785,5.3,70.3,yes,yes,58.3,70.4,72.4,67.4,D
7786,5.1,70.0,yes,yes,67.6,71.3,67.4,69.2,D
7787,6.3,89.3,yes,no,84.7,91.5,81.9,79.6,C
7788,5.6,79.1,yes,yes,79.7,92.0,82.9,70.7,C
7789,6.8,86.5,no,yes,100.0,98.3,98.1,98.9,A
7790,0.8,87.3,yes,no,44.9,40.3,38.8,33.9,F
7791,3.7,84.4,yes,yes,58.4,74.7,81.0,69.9,D
7792,1.1,87.9,yes,yes,58.4,45.6,55.6,47.9,E
7793,3.5,60.9,no,no,67.8,50.3,59.9,58.0,D
7794,4.7,54.9,yes,yes,38.6,63.6,67.3,52.7,E
7795,5.0,58.1,yes,yes,53.0,79.9,57.8,64.7,D
7796,7.4,90.4,yes,yes,79.0,86.3,69.5,85.7,B
7797,7.4,97.8,no,yes,100.0,96.1,100.0,100.0,A
7798,2.8,96.8,yes,no,32.6,66.2,74.7,55.3,D
7799,5.7,50.6,no,yes,59.0,47.6,78.5,56.4,D
7800,5.8,99.8,yes,yes,100.0,100.0,87.8,96.2,A
7801,7.7,94.3,yes,yes,100.0,95.0,85.6,90.7,B
7802,1.1,59.9,yes,yes,43.3,29.8,11.9,28.6,F
7803,5.1,77.9,yes,yes,65.4,80.7,71.3,69.6,D
7804,3.6,99.2,yes,no,61.5,71.6,75.2,67.7,D
7805,3.1,73.5,yes,yes,62.8,51.8,42.3,51.5,E
7806,5.1,97.7,yes,yes,97.8,80.1,81.2,85.1,B
7807,2.6,77.2,yes,no,52.1,45.5,60.7,46.8,E
7808,0.8,67.2,yes,no,14.5,23.0,46.6,26.7,F
7809,6.3,58.0,yes,yes,74.2,72.4,83.4,74.5,C
7810,1.2,55.2,yes,yes,25.2,38.3,25.9,30.9,F
7811,3.0,85.3,yes,no,42.0,48.1,72.3,54.3,E
7812,5.0,66.4,yes,yes,63.7,69.1,66.6,60.9,D
7813,5.2,70.4,yes,no,64.2,82.9,69.8,73.2,C
7814,5.5,96.9,yes,yes,100.0,100.0,86.0,91.7,B
7815,8.0,60.0,no,yes,69.1,86.0,57.1,79.6,C
7816,3.5,68.7,yes,no,25.8,53.4,67.2,49.6,E
7817,1.5,95.5,no,no,59.8,66.3,84.1,57.9,D
7818,1.5,97.0,yes,no,60.5,51.8,45.2,45.2,E
7819,4.3,90.1,yes,yes,69.1,76.2,74.1,67.5,D
7820,3.4,69.2,no,no,51.2,44.1,56.2,56.5,D
7821,7.3,56.3,yes,no,60.3,61.7,73.3,71.0,C
7822,4.3,89.5,yes,yes,46.3,53.4,50.2,60.8,D
7823,3.9,92.0,yes,no,56.0,77.1,66.7,61.9,D
7824,7.0,85.7,no,yes,86.4,74.7,100.0,96.7,A
7825,6.5,66.9,yes,no,71.4,81.3,69.5,69.6,D
7826,5.9,82.6,yes,no,82.2,83.0,80.6,83.7,C
7827,4.5,85.1,yes,yes,68.7,69.0,79.2,68.0,D
7828,2.3,94.4,yes,no,40.9,52.6,43.3,49.9,E
7829,4.8,57.0,yes,yes,53.8,35.6,53.0,55.7,D
7830,1.4,63.2,yes,yes,43.0,27.7,30.1,33.4,F
7831,4.5,70.2,yes,yes,47.9,70.7,61.0,65.8,D
7832,6.9,90.6,yes,no,88.6,100.0,88.6,97.2,A
7833,4.4,94.7,yes,yes,70.7,82.6,82.2,73.9,C
7834,1.0,63.9,no,no,25.6,31.2,45.4,30.2,F
7835,0.7,75.2,yes,yes,47.0,45.7,40.6,32.0,F
7836,7.0,80.4,yes,yes,77.1,93.0,100.0,93.6,B
7837,2.2,58.3,yes,yes,2.3,35.2,40.3,31.6,F
7838,4.4,89.6,yes,yes,76.6,71.1,66.0,65.0,D
7839,6.3,73.5,no,no,66.7,76.3,79.6,81.5,C
7840,2.4,94.7,yes,no,51.6,64.2,61.0,59.5,D
7841,6.0,77.4,yes,no,85.5,80.3,92.4,82.4,C
7842,1.1,91.7,yes,no,51.4,36.9,42.0,38.8,F
7843,6.1,52.5,no,no,72.6,84.2,92.2,79.7,C
7844,1.0,71.9,no,yes,38.6,51.2,37.5,44.9,E
7845,2.6,71.0,yes,no,40.0,53.5,50.2,52.3,E
7846,2.4,59.7,yes,no,38.9,38.5,43.5,38.7,F
7847,7.2,78.1,yes,no,100.0,99.5,85.8,94.7,B
7848,4.5,87.5,yes,no,65.2,73.7,76.4,71.6,C
7849,6.8,74.7,yes,no,80.4,81.6,67.8,89.5,B
7850,4.9,91.6,yes,no,71.6,83.1,80.4,73.0,C
7851,6.6,64.6,yes,no,85.1,72.7,74.7,79.5,C
7852,4.6,64.9,no,no,62.4,65.2,52.1,54.3,E
7853,3.9,58.3,yes,no,53.6,61.5,48.9,55.4,D
7854,5.4,89.2,yes,yes,85.4,75.3,69.8,69.7,D
7855,2.6,57.4,yes,yes,44.8,50.6,30.2,38.7,F
7856,7.4,57.5,yes,yes,89.4,93.3,80.6,89.3,B
7857,7.3,50.4,yes,no,84.6,100.0,88.6,84.9,C
7858,1.0,69.4,yes,yes,13.0,34.2,7.3,34.1,F
7859,7.4,71.8,yes,yes,80.1,66.8,82.0,86.2,B
7860,1.9,72.6,yes,yes,27.2,34.5,44.6,37.6,F
7861,5.6,88.3,yes,no,84.0,100.0,79.9,86.7,B
7862,6.7,70.7,yes,yes,67.0,98.3,85.7,75.8,C
7863,2.3,50.2,no,no,15.7,51.8,16.4,29.9,F
7864,1.3,80.5,yes,yes,54.3,61.2,34.1,45.6,E
7865,6.2,58.6,yes,no,63.9,82.4,63.5,81.2,C
7866,3.8,51.3,yes,yes,82.8,57.5,42.5,58.7,D
7867,4.2,88.9,yes,no,66.6,98.0,67.4,77.6,C
7868,6.2,62.3,yes,no,67.0,74.4,73.7,67.8,D
7869,2.4,87.8,no,yes,49.1,61.0,51.2,63.3,D
7870,1.2,82.1,yes,no,24.3,44.3,30.5,34.1,F
7871,7.7,94.2,yes,no,100.0,88.6,85.5,100.0,A
7872,5.7,67.9,yes,no,68.4,68.0,78.4,75.9,C
7873,5.4,82.5,yes,no,66.7,60.5,64.4,73.5,C
7874,3.0,78.4,yes,yes,70.1,62.6,71.8,60.4,D
7875,8.0,89.1,yes,yes,100.0,100.0,98.4,95.9,A
7876,2.2,66.5,yes,yes,30.0,38.7,17.6,34.2,F
7877,1.8,80.0,yes,no,22.8,29.5,20.6,42.2,E
7878,2.9,77.0,yes,no,57.1,64.1,59.5,60.7,D
7879,6.0,52.2,no,yes,62.3,59.6,54.2,65.0,D
7880,2.3,51.7,yes,no,35.3,25.0,37.6,35.7,F
7881,2.8,95.2,yes,yes,65.5,48.5,61.8,59.4,D
7882,4.5,82.0,yes,no,76.8,79.8,73.7,68.7,D
7883,5.4,80.7,yes,yes,59.2,71.2,76.0,67.5,D
7884,1.6,87.2,yes,no,55.6,64.9,50.0,54.6,E
7885,5.4,50.8,yes,yes,58.7,79.0,67.6,57.2,D
7886,3.4,61.6,yes,yes,65.8,50.2,33.9,48.1,E
7887,3.1,82.5,yes,no,64.9,68.9,63.2,56.0,D
7888,1.1,85.9,no,yes,29.8,33.4,33.2,36.4,F
7889,7.8,81.5,yes,yes,87.5,99.3,100.0,100.0,A
7890,5.7,70.6,no,yes,69.3,77.9,90.8,74.1,C
7891,1.2,79.4,yes,yes,44.3,45.4,55.4,43.8,E
7892,3.2,85.0,yes,yes,54.4,61.7,68.7,57.1,D
7893,1.1,70.3,yes,no,33.9,30.5,43.1,43.1,E
7894,4.6,78.2,yes,yes,58.4,78.3,38.9,67.1,D
7895,5.8,53.9,yes,no,86.6,72.0,89.8,77.4,C
7896,0.9,58.5,no,yes,19.6,39.4,39.7,38.5,F
7897,7.4,88.6,yes,no,100.0,98.5,100.0,95.5,A
7898,3.3,69.0,yes,no,60.6,74.3,57.7,60.3,D
7899,2.3,88.9,yes,no,36.5,53.4,50.9,44.8,E
7900,1.5,83.7,yes,yes,52.0,48.5,64.1,51.8,E
7901,1.6,68.1,yes,yes,41.1,12.1,24.6,31.5,F
7902,6.9,88.5,yes,no,89.8,94.5,93.0,87.2,B
7903,4.1,56.3,yes,no,47.1,66.9,53.1,53.0,E
7904,6.5,58.0,yes,yes,61.4,58.0,69.9,66.0,D
7905,2.2,70.5,yes,yes,41.7,49.1,46.9,44.0,E
7906,2.9,82.8,yes,no,60.1,60.9,68.1,55.6,D
7907,3.6,64.9,yes,no,43.9,72.3,53.6,60.0,D
7908,3.9,66.2,yes,yes,46.6,47.3,53.4,52.0,E
7909,1.2,93.1,yes,yes,39.3,49.2,41.2,40.1,E
7910,0.8,95.0,yes,yes,49.6,47.5,52.8,49.9,E
7911,8.0,95.6,yes,no,89.6,84.6,81.2,93.6,B
7912,5.5,51.1,yes,no,67.8,60.3,70.9,66.8,D
7913,0.9,89.9,yes,no,22.0,42.6,54.4,42.2,E
7914,6.3,88.1,yes,no,69.6,93.7,83.5,87.6,B
7915,3.2,62.9,yes,yes,72.0,60.5,44.1,57.8,D
7916,6.5,61.3,yes,yes,81.0,78.6,88.6,81.6,C
7917,7.6,51.7,yes,no,74.6,73.8,69.5,76.4,C
7918,0.7,91.1,yes,no,29.5,35.1,32.9,47.3,E
7919,7.7,80.4,yes,yes,67.8,70.7,88.8,88.6,B
7920,1.7,50.8,yes,no,27.7,12.8,11.0,24.1,F
7921,2.7,61.3,yes,no,54.9,28.4,28.1,41.9,E
7922,5.2,91.5,yes,no,59.8,85.7,77.7,69.4,D
7923,5.9,80.1,yes,yes,90.2,92.1,87.7,87.5,B
7924,1.8,92.8,yes,no,54.1,51.6,30.3,43.3,E
7925,1.5,57.3,yes,yes,21.8,28.5,19.7,25.1,F
7926,2.6,97.6,yes,no,76.0,58.3,88.5,63.6,D
7927,2.9,60.4,no,no,47.5,48.1,50.0,51.3,E
7928,2.9,65.2,no,yes,58.7,37.8,54.5,56.2,D
7929,1.8,96.3,yes,no,77.5,53.8,48.4,60.0,D
7930,7.8,65.6,no,no,100.0,85.7,93.3,93.2,B
7931,6.5,79.8,yes,yes,78.8,62.1,67.8,80.3,C
7932,7.9,67.2,yes,no,86.3,98.8,77.0,92.6,B
7933,1.3,87.0,yes,no,59.5,46.3,50.9,48.7,E
7934,1.1,65.6,yes,no,42.0,48.0,22.2,36.1,F
7935,4.5,72.1,yes,no,68.3,73.0,63.9,61.6,D
7936,5.1,54.2,yes,no,56.0,73.4,72.4,54.5,E
7937,5.3,96.0,yes,no,80.9,84.0,78.4,72.5,C
7938,1.2,95.3,yes,no,47.5,59.9,41.2,56.7,D
7939,6.8,90.2,no,no,85.1,91.4,84.1,92.4,B
7940,4.2,93.7,yes,yes,60.1,64.0,57.7,69.3,D
7941,3.3,80.1,yes,no,61.5,67.7,54.5,55.4,D
7942,4.3,54.3,yes,no,44.0,40.9,55.0,50.7,E
7943,0.8,53.5,yes,no,17.9,25.5,11.1,25.8,F
7944,2.1,89.3,yes,no,60.8,60.4,59.8,59.4,D
7945,8.0,75.9,yes,no,87.8,98.2,100.0,98.0,A
7946,4.6,63.9,yes,yes,58.2,36.7,54.0,53.3,E
7947,1.1,51.9,yes,yes,28.2,33.6,28.1,33.9,F
7948,2.7,99.2,yes,no,76.7,60.4,73.4,62.8,D
7949,1.9,54.8,yes,yes,51.3,49.3,50.4,37.8,F
7950,7.4,68.2,yes,no,99.9,94.4,83.9,83.2,C
7951,6.5,84.0,yes,yes,84.4,87.3,92.7,95.5,A
7952,4.6,81.2,yes,no,62.4,75.8,67.6,65.1,D
7953,7.6,56.3,yes,no,100.0,84.6,100.0,91.7,B
7954,3.3,81.0,yes,no,67.3,45.4,41.5,50.4,E
7955,7.0,66.8,yes,yes,60.9,77.1,80.3,76.3,C
7956,4.0,58.5,yes,no,62.8,62.2,70.8,56.2,D
7957,6.9,80.9,yes,yes,82.7,69.1,91.5,80.7,C
7958,7.3,95.0,yes,no,100.0,100.0,78.5,100.0,A
7959,4.0,87.6,yes,yes,57.9,65.6,69.3,68.3,D
7960,1.8,58.1,yes,yes,36.7,34.6,48.2,40.7,E
7961,1.9,58.7,yes,yes,51.5,30.5,49.5,41.6,E
7962,2.7,73.5,no,yes,62.5,56.4,67.8,52.9,E
7963,2.2,51.1,yes,yes,42.3,48.4,28.1,39.8,F
7964,3.4,51.0,yes,no,69.1,41.9,52.6,56.5,D
7965,4.3,62.6,yes,no,70.0,49.8,65.4,60.8,D
7966,1.2,55.3,yes,no,48.5,22.5,35.2,32.2,F
7967,7.3,77.3,no,no,87.6,85.9,100.0,81.5,C
7968,0.5,52.2,yes,no,54.0,30.1,14.0,25.3,F
7969,1.5,62.2,yes,yes,35.4,39.8,49.3,38.4,F
7970,0.6,52.9,yes,yes,43.6,8.5,27.5,23.1,F
7971,7.9,76.5,yes,yes,85.6,94.2,92.3,95.4,A
7972,3.6,67.6,yes,no,60.8,44.1,64.5,61.8,D
7973,2.0,54.2,yes,no,49.8,44.6,46.3,42.6,E
7974,1.4,67.7,yes,yes,19.3,53.9,27.1,45.8,E
7975,3.3,50.0,yes,no,43.7,27.1,49.8,49.1,E
7976,7.8,91.3,yes,no,100.0,74.3,96.4,90.7,B
7977,4.6,68.2,yes,yes,81.0,58.5,76.3,66.1,D
7978,3.2,83.3,yes,no,37.8,46.2,54.4,52.6,E
7979,3.2,85.4,yes,yes,42.8,58.6,64.0,58.8,D
7980,1.4,77.7,no,no,35.2,66.2,54.7,50.2,E
7981,4.4,79.4,yes,no,50.1,59.5,61.8,58.6,D
7982,3.7,71.4,no,no,63.3,52.9,64.4,63.5,D
7983,6.0,70.4,yes,yes,81.9,41.9,75.7,73.2,C
7984,1.9,65.3,yes,yes,57.1,57.9,54.6,46.3,E
7985,1.5,53.6,yes,no,45.7,23.4,19.5,27.2,F
7986,4.9,67.5,yes,no,72.1,67.4,52.3,58.2,D
7987,6.1,73.1,yes,no,60.4,85.0,81.1,83.7,C
7988,4.2,56.7,yes,no,54.3,56.4,55.9,59.0,D
7989,6.4,95.4,no,yes,84.4,92.0,90.3,98.2,A
7990,6.8,50.4,yes,no,95.9,76.4,73.3,72.1,C
7991,7.4,61.2,yes,no,79.2,91.9,85.5,82.9,C
7992,3.3,84.0,no,yes,56.1,72.9,77.8,63.3,D
7993,7.3,91.2,yes,yes,96.0,92.5,80.6,88.1,B
7994,5.8,73.7,yes,yes,63.6,65.3,63.4,66.0,D
7995,5.2,79.4,yes,no,90.8,87.3,100.0,79.5,C
7996,4.7,63.7,yes,no,56.8,55.1,53.8,62.7,D
7997,0.6,97.7,yes,no,62.7,62.3,58.4,52.9,E
7998,4.7,82.2,yes,no,37.5,51.9,50.5,62.6,D
7999,6.3,56.6,yes,no,92.5,74.2,69.4,66.8,D
8000,7.9,86.8,no,yes,96.6,98.1,87.9,89.0,B
8001,3.7,56.4,yes,yes,64.7,62.7,67.2,61.0,D
8002,7.9,70.2,yes,yes,93.0,100.0,95.9,97.7,A
8003,1.8,74.6,yes,no,53.6,56.0,60.5,53.7,E
8004,7.7,86.1,yes,no,99.6,96.8,100.0,100.0,A
8005,4.9,99.8,yes,no,71.6,66.9,93.5,73.3,C
8006,5.5,68.6,yes,no,82.2,82.8,70.9,79.1,C
8007,4.8,83.8,yes,no,75.8,76.7,65.5,76.9,C
8008,7.9,83.6,yes,yes,92.2,95.1,91.7,92.7,B
8009,0.8,59.2,yes,yes,26.1,35.8,35.8,30.0,F
8010,3.6,82.1,yes,yes,61.3,72.0,70.4,62.5,D
8011,7.1,94.0,yes,no,92.3,86.5,84.3,89.8,B
8012,1.8,77.8,yes,no,43.2,34.4,59.6,41.6,E
8013,4.8,74.0,yes,no,73.2,73.3,73.3,73.8,C
8014,4.4,82.4,yes,yes,62.6,63.2,49.9,65.2,D
8015,6.6,90.3,yes,no,92.5,71.5,88.5,86.6,B
8016,7.4,61.3,no,no,86.3,89.1,92.3,92.5,B
8017,2.4,58.2,yes,no,32.4,42.4,47.3,49.7,E
8018,5.7,82.6,yes,no,71.0,68.5,74.0,71.8,C
8019,4.6,51.7,yes,yes,59.3,53.0,53.0,50.2,E
8020,5.5,91.3,yes,yes,81.1,54.0,67.6,75.9,C
8021,2.0,65.1,yes,no,54.0,47.6,36.1,45.8,E
8022,2.5,55.5,yes,yes,35.2,46.9,29.7,39.2,F
8023,4.6,88.2,yes,no,75.7,75.3,91.8,71.1,C
8024,0.5,61.1,no,no,39.5,10.7,16.4,18.6,F
8025,5.9,70.1,yes,no,62.4,92.3,85.6,74.0,C
8026,1.7,70.7,yes,yes,42.5,26.8,49.3,37.4,F
8027,7.5,91.0,yes,yes,89.9,95.3,89.7,93.4,B
8028,7.0,63.2,yes,no,85.5,90.1,77.6,72.4,C
8029,5.2,81.7,yes,yes,74.3,69.5,80.6,74.2,C
8030,7.2,99.9,yes,no,97.2,97.6,91.6,99.9,A
8031,7.9,80.0,yes,yes,79.4,94.6,85.7,93.3,B
8032,6.3,57.0,yes,yes,55.6,70.6,71.4,64.9,D
8033,5.2,64.2,yes,yes,61.5,90.8,65.0,65.1,D
8034,3.9,76.8,yes,no,67.2,60.8,35.9,57.8,D
8035,6.6,66.1,yes,no,92.6,77.2,70.9,77.1,C
8036,5.8,75.8,yes,yes,80.9,86.5,73.9,82.1,C
8037,4.0,77.2,yes,yes,68.7,53.7,68.3,72.0,C
8038,4.3,86.8,no,yes,75.0,83.2,56.5,71.3,C
8039,2.2,81.1,no,no,50.2,70.4,48.9,48.0,E
8040,6.4,84.9,no,yes,83.4,100.0,87.7,85.1,B
8041,7.1,60.9,yes,yes,88.2,92.2,87.1,88.4,B
8042,0.6,71.2,yes,no,43.3,31.4,36.1,40.3,E
8043,1.3,91.3,yes,no,65.8,48.5,47.1,53.9,E
8044,7.9,87.6,yes,no,93.1,99.4,100.0,100.0,A
8045,1.8,59.1,yes,yes,32.9,42.7,30.9,45.8,E
8046,6.0,53.2,yes,yes,68.9,61.5,85.5,67.0,D
8047,4.1,82.7,yes,no,58.5,60.8,78.9,67.5,D
8048,4.4,72.2,yes,no,77.6,55.5,39.4,63.3,D
8049,1.3,70.5,no,no,43.2,26.1,54.7,39.5,F
8050,1.5,51.3,yes,yes,32.3,37.3,36.8,33.6,F
8051,4.8,69.1,no,yes,72.4,85.0,75.5,72.7,C
8052,3.3,58.9,yes,no,60.7,61.3,52.7,56.5,D
8053,6.5,51.7,yes,no,77.6,87.8,78.1,71.3,C
8054,7.8,69.9,yes,yes,100.0,100.0,86.0,90.5,B
8055,6.6,91.2,yes,no,79.7,99.2,82.7,90.2,B
8056,3.5,94.6,yes,no,79.4,57.5,65.1,69.6,D
8057,4.1,61.9,yes,yes,80.5,48.9,53.1,57.9,D
8058,1.7,63.7,yes,yes,48.7,40.3,44.3,44.7,E
8059,5.7,54.9,yes,yes,65.2,61.7,66.8,64.4,D
8060,3.9,95.5,yes,no,68.2,60.5,48.0,71.7,C
8061,6.9,53.3,yes,yes,84.8,99.8,90.4,85.5,B
8062,5.4,96.9,yes,yes,79.2,94.0,77.9,79.5,C
8063,1.8,82.1,yes,no,51.9,31.5,46.9,40.0,F
8064,3.6,89.3,yes,no,82.2,66.7,71.3,69.4,D
8065,5.6,61.0,yes,yes,69.2,65.1,54.0,74.1,C
8066,6.9,80.4,yes,yes,100.0,79.5,89.6,87.6,B
8067,3.1,55.4,yes,no,42.9,52.1,36.0,40.9,E
8068,5.5,82.9,yes,no,76.7,65.0,55.3,74.1,C
8069,1.8,80.0,yes,yes,62.5,55.1,46.5,52.9,E
8070,7.3,91.2,yes,no,97.8,71.0,88.0,99.7,A
8071,4.8,82.2,yes,no,69.5,85.2,74.0,67.9,D
8072,6.3,98.6,yes,no,88.0,85.1,97.9,84.3,C
8073,3.5,74.5,no,no,66.7,60.4,54.8,51.8,E
8074,7.6,77.6,yes,no,70.8,92.4,96.1,89.4,B
8075,5.9,53.8,yes,yes,66.0,67.1,54.1,63.9,D
8076,1.7,55.4,yes,yes,25.9,27.6,41.9,35.6,F
8077,4.6,58.7,yes,no,65.9,42.4,48.3,53.3,E
8078,2.5,55.9,yes,yes,30.8,21.9,24.4,42.0,E
8079,6.8,56.9,no,yes,89.9,96.8,76.9,78.5,C
8080,6.4,63.0,yes,yes,61.7,80.4,69.6,66.9,D
8081,4.2,63.9,yes,no,77.6,69.9,68.4,57.1,D
8082,2.8,84.8,yes,yes,53.6,59.7,59.4,63.0,D
8083,6.9,74.3,yes,yes,82.8,88.1,69.9,80.7,C
8084,6.9,96.4,yes,no,100.0,93.2,100.0,100.0,A
8085,4.3,67.1,yes,no,51.0,64.7,51.7,52.6,E
8086,5.9,53.2,no,no,58.7,70.9,66.0,72.1,C
8087,2.6,92.2,yes,yes,60.8,52.8,59.1,57.0,D
8088,3.1,92.1,yes,no,48.9,57.5,77.0,66.5,D
8089,7.6,68.2,yes,yes,91.9,86.9,87.1,88.5,B
8090,6.0,53.5,yes,yes,65.1,52.5,91.4,63.1,D
8091,1.0,94.0,no,no,47.1,36.9,40.4,52.4,E
8092,3.9,96.7,yes,yes,53.0,73.2,79.1,77.7,C
8093,3.5,99.9,no,no,51.2,76.1,77.6,72.6,C
8094,2.2,69.6,yes,no,34.1,39.7,26.4,43.2,E
8095,8.0,56.4,no,yes,78.1,71.7,81.3,80.5,C
8096,1.5,68.9,yes,no,36.0,62.5,16.9,31.4,F
8097,2.9,79.3,yes,yes,61.6,55.9,53.2,60.2,D
8098,6.9,52.2,yes,no,57.4,83.8,63.1,71.0,C
8099,1.5,63.7,yes,no,54.8,19.8,31.8,39.8,F
8100,3.3,97.1,yes,yes,83.4,43.8,98.6,71.6,C
8101,5.3,52.2,yes,no,61.6,77.6,60.4,63.0,D
8102,3.0,57.5,yes,yes,58.7,52.5,56.1,49.7,E
8103,3.6,79.1,no,no,47.6,65.1,46.0,56.0,D
8104,4.6,97.9,yes,yes,71.2,80.1,77.7,74.3,C
8105,7.6,97.0,yes,no,77.9,82.4,84.5,98.2,A
8106,7.0,62.9,no,no,75.1,85.1,100.0,82.5,C
8107,1.3,80.7,no,no,40.5,55.0,50.2,44.0,E
8108,4.8,98.3,no,yes,84.2,59.0,80.8,76.5,C
8109,5.4,81.5,no,yes,74.7,62.2,62.5,66.4,D
8110,2.9,61.1,yes,yes,36.4,54.1,50.4,48.0,E
8111,2.5,84.7,yes,no,43.4,41.9,70.6,52.6,E
8112,5.0,75.6,yes,yes,69.9,83.7,71.6,73.5,C
8113,3.6,74.7,yes,yes,65.6,43.8,55.3,52.3,E
8114,7.3,74.4,yes,yes,100.0,76.6,85.7,98.1,A
8115,1.7,55.6,yes,yes,47.7,48.3,57.1,44.5,E
8116,0.8,89.5,yes,no,51.5,57.7,48.7,47.1,E
8117,7.2,67.3,no,yes,82.5,95.5,85.8,81.3,C
8118,7.2,59.2,yes,yes,86.5,100.0,72.7,82.5,C
8119,3.6,72.0,yes,no,49.5,42.3,46.5,58.0,D
8120,6.2,82.2,yes,yes,81.6,87.3,83.7,87.4,B
8121,6.8,77.7,yes,no,75.7,95.9,90.3,84.2,C
8122,2.4,91.0,yes,no,67.1,62.1,59.8,55.4,D
8123,5.4,92.2,yes,yes,100.0,81.9,87.1,85.1,B
8124,6.0,81.0,yes,no,78.8,95.2,65.8,78.9,C
8125,3.2,77.6,yes,yes,77.8,68.5,50.0,61.9,D
8126,7.6,78.3,yes,no,100.0,100.0,96.3,95.8,A
8127,7.8,69.7,yes,yes,91.2,79.3,66.9,92.2,B
8128,4.2,73.5,yes,yes,40.9,56.7,52.0,60.5,D
8129,1.1,76.3,yes,no,67.0,37.3,48.5,44.3,E
8130,7.4,90.0,yes,yes,100.0,97.9,100.0,98.5,A
8131,4.4,87.3,yes,yes,75.5,72.8,76.6,76.3,C
8132,1.5,59.8,yes,no,34.5,46.9,42.6,33.7,F
8133,6.0,98.9,yes,yes,97.7,75.9,91.0,82.9,C
8134,5.7,98.3,yes,no,72.3,73.1,68.5,75.5,C
8135,1.5,64.0,yes,yes,24.2,46.3,56.1,38.4,F
8136,2.6,99.9,yes,yes,80.0,53.3,72.2,65.9,D
8137,7.0,76.3,yes,no,83.7,88.0,91.6,89.5,B
8138,7.8,61.3,yes,no,86.2,92.6,100.0,90.7,B
8139,3.5,86.0,yes,yes,41.7,54.3,68.7,58.7,D
8140,1.5,52.4,yes,no,56.7,37.4,49.7,42.3,E
8141,3.1,84.4,yes,yes,58.1,51.9,33.9,49.0,E
8142,4.3,91.8,no,yes,45.1,54.2,66.8,63.0,D
8143,2.8,67.5,yes,no,64.1,57.1,55.9,54.6,E
8144,5.1,66.7,yes,no,70.1,58.1,62.8,62.8,D
8145,0.6,63.6,yes,yes,36.3,26.1,31.1,23.6,F
8146,6.6,70.4,yes,no,72.3,85.0,71.4,78.0,C
8147,6.8,78.7,yes,no,58.3,80.6,85.7,76.1,C
8148,6.4,88.1,yes,no,82.6,85.3,86.9,88.0,B
8149,2.8,94.3,no,yes,44.1,82.9,66.1,59.0,D
8150,5.2,77.4,yes,no,77.9,72.3,52.0,66.7,D
8151,3.2,73.7,yes,yes,36.1,51.4,62.9,60.8,D
8152,3.4,68.7,yes,no,56.5,66.9,39.3,59.3,D
8153,5.8,79.8,yes,no,72.1,78.4,95.2,81.9,C
8154,6.8,57.2,yes,yes,79.7,91.9,88.4,85.9,B
8155,6.7,73.3,yes,yes,75.9,82.5,75.7,78.9,C
8156,2.2,75.4,yes,no,47.9,45.8,48.6,43.7,E
8157,5.4,81.5,yes,yes,81.2,85.6,80.0,81.0,C
8158,2.5,53.4,yes,no,34.9,23.1,23.8,35.4,F
8159,5.2,71.5,yes,no,76.4,72.1,77.1,79.3,C
8160,3.3,88.1,no,no,69.4,50.3,51.8,56.5,D
8161,6.4,89.2,yes,no,87.4,75.5,71.7,80.2,C
8162,7.5,77.2,no,no,82.7,100.0,83.2,89.4,B
8163,2.7,93.6,yes,no,35.6,54.7,46.6,49.6,E
8164,7.0,87.7,yes,no,96.0,97.5,100.0,94.3,B
8165,6.1,89.9,yes,yes,91.2,89.5,100.0,90.0,B
8166,4.7,89.6,yes,yes,62.7,93.7,75.6,70.6,C
8167,4.4,86.4,yes,no,58.9,59.9,79.7,66.3,D
8168,2.9,92.8,yes,no,68.0,72.5,79.9,63.9,D
8169,2.0,54.8,no,yes,60.1,46.9,63.1,38.0,F
8170,1.1,75.2,yes,yes,51.8,46.4,28.2,38.3,F
8171,5.8,91.3,yes,yes,73.8,78.1,90.0,81.8,C
8172,2.2,55.5,yes,yes,47.8,36.8,55.0,47.1,E
8173,4.2,57.8,yes,yes,51.0,51.4,50.6,47.1,E
8174,7.2,70.1,yes,yes,92.5,87.7,81.0,86.7,B
8175,5.5,78.2,yes,no,92.0,72.8,83.4,75.1,C
8176,1.8,86.2,yes,no,41.8,40.3,62.9,44.4,E
8177,6.0,78.0,yes,no,65.7,83.1,90.6,74.6,C
8178,2.1,60.8,no,no,41.9,38.6,55.3,40.2,E
8179,6.3,92.4,yes,yes,68.9,68.6,79.1,77.7,C
8180,1.1,63.2,no,no,33.7,58.7,10.0,33.1,F
8181,1.6,92.9,yes,no,51.2,72.1,58.5,57.7,D
8182,7.5,74.8,yes,yes,100.0,91.2,90.0,95.2,A
8183,2.6,52.0,yes,yes,50.5,55.1,60.2,37.1,F
8184,1.6,74.0,yes,yes,22.4,19.6,34.9,33.5,F
8185,2.1,82.7,yes,no,37.7,35.8,45.2,47.8,E
8186,3.2,94.0,yes,yes,49.3,54.6,60.4,59.4,D
8187,6.8,79.1,yes,yes,74.6,91.6,83.7,77.8,C
8188,1.6,99.6,yes,no,57.4,41.7,48.1,48.3,E
8189,0.6,69.0,yes,yes,27.0,50.7,42.0,41.9,E
8190,7.0,62.3,yes,yes,93.4,81.2,100.0,90.4,B
8191,2.7,72.2,yes,yes,61.5,46.8,28.3,44.8,E
8192,1.1,82.9,yes,no,28.0,39.1,44.0,37.0,F
8193,0.7,54.7,no,yes,28.4,28.3,30.8,34.8,F
8194,7.2,54.5,yes,no,78.7,90.0,96.5,84.9,C
8195,4.4,81.2,yes,no,87.6,64.1,72.3,73.0,C
8196,5.1,69.2,no,yes,70.7,57.6,62.8,69.5,D
8197,5.1,89.2,yes,yes,84.7,70.7,78.7,76.0,C
8198,4.4,63.2,yes,no,46.3,40.9,46.6,52.3,E
8199,6.3,71.7,yes,no,96.4,75.0,100.0,87.5,B
8200,7.3,75.8,no,yes,95.0,100.0,100.0,96.3,A
8201,5.3,97.1,yes,no,95.5,76.5,68.4,78.5,C
8202,6.8,50.4,yes,yes,77.0,66.8,62.2,68.3,D
8203,0.6,60.8,yes,no,45.0,25.7,27.5,28.4,F
8204,4.1,54.6,yes,yes,75.3,59.3,63.0,64.3,D
8205,5.0,99.6,yes,no,70.3,53.7,81.4,79.0,C
8206,2.0,56.6,yes,no,62.5,55.6,31.8,45.9,E
8207,1.7,91.2,yes,no,68.1,72.5,70.5,51.6,E
8208,1.5,76.0,yes,no,29.0,37.5,37.5,42.4,E
8209,2.6,89.1,yes,yes,60.1,62.0,52.8,60.8,D
8210,6.7,65.1,yes,yes,81.0,91.6,78.3,88.7,B
8211,0.7,73.8,yes,yes,44.1,35.9,30.3,40.3,E
8212,5.0,98.9,yes,no,90.4,82.8,96.3,88.5,B
8213,1.0,54.8,yes,yes,33.0,31.6,23.3,27.8,F
8214,4.9,81.0,no,yes,57.0,50.0,48.8,63.3,D
8215,2.4,97.9,no,yes,36.2,59.6,46.0,50.9,E
8216,1.7,56.3,yes,yes,18.6,25.4,33.2,30.1,F
8217,4.0,92.0,yes,yes,81.3,51.9,81.5,74.0,C
8218,2.2,63.8,yes,yes,30.6,28.1,25.8,38.9,F
8219,3.3,60.0,yes,no,29.7,41.5,20.7,44.8,E
8220,5.2,58.3,yes,yes,64.1,81.5,61.2,72.8,C
8221,7.5,86.8,yes,no,100.0,100.0,100.0,100.0,A
8222,5.1,51.8,yes,no,43.3,60.5,29.3,52.4,E
8223,4.3,71.0,yes,yes,70.4,70.0,54.3,65.7,D
8224,4.7,84.8,yes,no,69.3,77.3,71.2,69.2,D
8225,4.0,57.0,yes,yes,51.6,44.1,74.2,50.4,E
8226,4.7,61.2,yes,yes,64.2,66.1,55.7,60.4,D
8227,4.8,57.6,no,yes,48.6,74.7,66.4,63.3,D
8228,4.2,51.3,yes,no,64.2,53.1,74.2,61.5,D
8229,6.4,72.8,yes,yes,77.5,73.9,71.5,81.5,C
8230,3.4,74.8,yes,yes,60.3,59.2,80.6,63.9,D
8231,1.3,97.3,no,no,37.5,27.6,33.2,42.4,E
8232,5.3,86.4,yes,no,69.9,85.3,79.9,72.8,C
8233,6.5,98.5,yes,yes,100.0,92.9,100.0,98.1,A
8234,6.4,87.8,yes,no,90.9,67.1,76.8,83.4,C
8235,2.4,98.9,yes,no,61.3,29.1,51.7,52.6,E
8236,5.4,62.4,yes,no,100.0,90.6,70.8,75.2,C
8237,8.0,58.4,yes,no,78.5,88.2,76.7,77.8,C
8238,1.3,69.6,yes,no,54.0,33.7,37.2,41.9,E
8239,4.4,74.6,yes,no,56.6,69.3,69.6,62.5,D
8240,2.8,91.2,yes,yes,45.2,42.7,55.4,54.3,E
8241,6.4,77.1,yes,no,86.4,90.7,94.7,91.4,B
8242,2.9,97.6,yes,no,55.1,56.1,62.9,63.7,D
8243,6.0,64.4,yes,no,92.8,69.9,80.7,81.5,C
8244,1.7,78.9,yes,no,62.6,53.9,45.9,44.9,E
8245,1.0,82.6,yes,no,53.5,51.0,47.6,47.2,E
8246,1.3,57.8,yes,no,28.3,25.1,25.2,28.6,F
8247,2.5,89.3,yes,no,54.2,60.7,61.0,53.6,E
8248,6.9,82.0,yes,no,88.8,86.5,83.6,85.2,B
8249,1.6,59.6,yes,yes,51.4,26.0,39.2,33.7,F
8250,0.8,70.7,yes,no,45.0,25.6,38.9,35.1,F
8251,6.9,82.0,yes,no,97.0,86.4,94.4,78.3,C
8252,3.3,86.7,yes,yes,60.8,64.5,51.4,63.3,D
8253,4.9,70.9,yes,no,58.6,57.2,60.5,59.9,D
8254,1.1,86.1,yes,no,41.7,36.0,42.4,38.3,F
8255,7.3,63.0,yes,no,76.8,96.3,93.0,85.1,B
8256,4.3,65.3,yes,no,78.6,76.6,65.2,69.5,D
8257,1.2,50.6,yes,yes,30.0,35.2,47.8,35.9,F
8258,5.3,74.4,no,yes,55.1,90.7,48.0,67.8,D
8259,3.2,59.4,no,no,81.7,59.0,60.6,59.2,D
8260,3.2,80.1,yes,yes,62.1,54.0,65.0,48.7,E
8261,3.6,98.3,yes,yes,64.2,66.1,58.5,58.6,D
8262,4.3,100.0,yes,yes,77.3,51.1,64.2,68.3,D
8263,5.1,68.7,yes,no,73.5,63.1,76.0,65.5,D
8264,1.6,86.7,yes,yes,53.8,53.8,53.6,55.0,E
8265,6.2,98.0,no,no,100.0,71.3,80.4,95.6,A
8266,0.7,76.2,yes,no,50.9,40.1,43.4,36.9,F
8267,5.7,66.7,yes,no,79.0,52.6,62.6,70.7,C
8268,1.9,57.8,yes,no,15.7,57.4,36.9,29.8,F
8269,3.9,58.8,yes,yes,36.2,57.9,58.9,49.9,E
8270,4.7,92.7,yes,no,80.4,66.2,88.2,75.0,C
8271,5.4,62.9,yes,no,75.1,84.8,67.3,61.8,D
8272,6.4,63.5,no,yes,68.6,91.0,87.0,79.4,C
8273,4.4,87.3,no,no,87.6,82.8,75.0,76.3,C
8274,7.1,91.8,yes,yes,80.6,90.5,97.7,86.1,B
8275,7.7,60.4,yes,yes,91.7,84.2,97.9,87.1,B
8276,7.8,84.4,yes,yes,93.4,92.7,100.0,94.8,B
8277,2.9,72.3,yes,no,47.9,57.9,60.2,51.8,E
8278,0.7,63.8,yes,yes,21.0,43.9,15.0,22.6,F
8279,5.9,76.0,yes,yes,86.7,89.2,94.2,81.0,C
8280,2.4,88.9,yes,no,72.5,75.4,65.3,58.0,D
8281,6.3,55.0,yes,yes,63.3,70.8,41.6,68.7,D
8282,0.5,53.6,yes,no,20.8,19.1,38.3,24.1,F
8283,6.3,95.6,no,yes,100.0,100.0,94.4,95.8,A
8284,1.0,98.2,yes,yes,51.3,65.9,48.4,45.8,E
8285,7.1,76.4,no,no,87.5,86.2,94.4,96.9,A
8286,5.4,57.2,yes,yes,51.0,74.3,82.5,74.7,C
8287,1.7,53.9,no,yes,32.1,56.2,48.0,44.3,E
8288,4.3,57.8,yes,yes,42.2,42.5,46.2,47.6,E
8289,4.3,64.1,yes,yes,67.1,66.1,49.7,67.5,D
8290,7.1,84.2,no,no,100.0,100.0,100.0,91.9,B
8291,4.5,55.5,yes,no,35.4,51.0,47.4,49.4,E
8292,4.6,56.8,yes,yes,59.2,59.3,50.3,61.3,D
8293,2.9,85.7,no,yes,78.4,68.0,89.7,63.1,D
8294,6.0,62.9,yes,no,66.7,80.1,83.9,72.3,C
8295,0.9,60.8,yes,no,48.8,10.2,32.0,37.1,F
8296,7.8,79.1,yes,no,100.0,100.0,86.3,100.0,A
8297,5.0,53.9,yes,yes,73.9,63.5,59.9,60.6,D
8298,6.8,81.5,no,no,81.7,98.4,100.0,88.1,B
8299,6.4,51.0,no,no,76.5,88.3,63.7,76.5,C
8300,2.1,61.7,yes,no,27.1,21.5,29.4,31.5,F
8301,2.7,72.5,yes,yes,69.5,38.1,70.1,56.9,D
8302,2.6,81.5,yes,no,45.4,56.0,26.1,45.4,E
8303,2.2,60.2,no,no,45.4,56.2,34.9,45.4,E
8304,0.6,94.0,yes,no,13.7,30.7,35.5,38.2,F
8305,6.7,96.0,yes,no,84.0,100.0,96.4,100.0,A
8306,4.5,74.0,no,no,85.6,66.9,79.6,75.2,C
8307,4.9,63.6,yes,yes,67.1,53.4,36.4,57.8,D
8308,4.2,55.5,yes,yes,59.6,57.1,63.1,57.5,D
8309,1.4,96.9,yes,yes,68.2,29.1,38.1,40.4,E
8310,3.8,56.7,yes,yes,59.6,58.0,66.1,62.1,D
8311,2.7,64.9,yes,no,64.4,61.5,46.1,56.9,D
8312,7.2,66.4,yes,no,89.2,95.0,67.3,83.2,C
8313,5.8,63.4,yes,yes,78.8,70.2,62.0,68.4,D
8314,1.7,50.1,yes,yes,44.4,33.6,35.6,36.2,F
8315,5.8,60.4,no,yes,64.9,66.0,71.9,76.1,C
8316,4.6,87.4,yes,no,70.0,79.9,67.6,80.4,C
8317,1.1,60.3,yes,no,30.6,23.0,20.6,31.3,F
8318,1.0,88.2,yes,yes,48.5,32.2,35.2,41.4,E
8319,1.6,70.8,yes,yes,60.2,32.8,62.0,41.3,E
8320,6.6,54.1,yes,yes,75.9,71.5,78.6,68.5,D
8321,6.7,91.3,yes,yes,76.8,84.7,81.0,80.4,C
8322,5.1,81.8,yes,yes,79.3,79.4,80.0,80.9,C
8323,0.6,80.6,yes,yes,44.8,47.6,47.8,35.9,F
8324,2.9,57.5,yes,no,47.1,60.3,50.4,50.0,E
8325,3.5,81.2,yes,yes,73.3,57.5,66.1,66.0,D
8326,2.6,89.8,yes,no,35.0,70.2,43.1,54.6,E
8327,4.9,99.8,yes,yes,65.5,55.2,88.3,76.9,C
8328,1.0,83.5,yes,yes,56.3,60.3,45.9,51.0,E
8329,0.6,71.6,no,no,61.5,42.3,31.5,39.8,F
8330,4.9,90.9,yes,yes,74.8,77.0,80.5,80.6,C
8331,2.5,52.5,yes,no,39.7,30.4,50.7,33.8,F
8332,5.6,71.0,yes,no,82.3,71.4,70.2,68.0,D
8333,6.3,86.6,yes,no,98.9,89.9,84.3,94.1,B
8334,5.1,68.0,yes,no,67.0,73.8,64.2,66.9,D
8335,7.9,52.9,yes,yes,89.4,54.0,83.1,75.2,C
8336,5.3,55.5,no,yes,59.4,67.4,78.5,71.3,C
8337,6.3,58.4,yes,yes,43.7,68.6,60.8,64.5,D
8338,5.3,91.6,yes,no,62.7,76.1,58.5,76.4,C
8339,6.5,86.0,yes,no,66.5,73.1,85.1,83.8,C
8340,3.4,88.2,yes,yes,50.1,58.5,63.7,58.8,D
8341,3.8,95.5,yes,no,72.4,78.8,76.7,73.8,C
8342,3.0,65.1,yes,no,37.5,47.0,57.8,43.0,E
8343,4.8,87.2,yes,no,42.0,63.6,83.3,66.3,D
8344,3.3,68.2,yes,no,50.2,59.0,68.2,52.8,E
8345,7.9,89.3,yes,yes,99.3,95.9,92.3,100.0,A
8346,5.0,84.8,yes,yes,71.9,61.7,68.1,65.0,D
8347,3.0,99.5,yes,no,81.1,78.9,63.5,70.0,D
8348,4.3,87.9,no,no,85.5,68.8,76.8,78.8,C
8349,6.4,50.3,yes,no,34.7,62.5,66.6,61.5,D
8350,6.5,85.0,yes,yes,73.3,68.0,70.9,80.4,C
8351,5.3,55.1,yes,yes,50.4,64.9,57.7,55.6,D
8352,0.5,77.3,no,yes,24.6,38.9,23.2,35.9,F
8353,7.0,57.9,yes,no,100.0,100.0,89.4,88.2,B
8354,7.3,74.7,yes,yes,90.7,100.0,89.6,95.0,A
8355,7.0,89.6,yes,yes,84.0,95.0,89.4,94.1,B
8356,5.5,64.5,yes,no,83.7,65.8,78.4,78.7,C
8357,0.7,57.6,yes,no,12.2,23.3,30.8,27.9,F
8358,7.6,65.7,no,yes,87.0,91.1,87.0,96.8,A
8359,1.0,58.7,yes,yes,29.5,45.2,28.8,25.6,F
8360,1.6,59.2,yes,yes,32.7,46.9,40.8,42.4,E
8361,5.2,84.9,yes,no,83.9,74.5,60.1,67.0,D
8362,4.0,85.2,yes,yes,62.2,72.1,59.4,56.2,D
8363,6.2,76.5,yes,yes,81.0,86.6,89.2,80.2,C
8364,5.2,62.6,yes,yes,75.2,75.7,92.8,72.4,C
8365,0.5,76.5,no,yes,11.4,35.8,12.6,25.5,F
8366,5.3,97.4,yes,no,86.7,68.5,99.4,87.2,B
8367,6.9,69.2,no,yes,79.1,80.1,86.9,91.5,B
8368,6.9,71.2,yes,yes,86.7,76.6,77.7,74.5,C
8369,1.7,74.7,yes,no,56.0,45.3,23.1,35.1,F
8370,3.1,58.9,yes,no,42.2,55.6,59.9,54.8,E
8371,1.4,62.2,yes,yes,24.1,30.9,21.8,29.2,F
8372,6.1,84.5,yes,no,77.6,57.8,75.9,75.8,C
8373,5.2,58.1,yes,no,77.4,77.4,58.0,65.4,D
8374,4.1,80.2,yes,no,87.2,84.4,60.5,67.0,D
8375,2.7,69.3,yes,no,45.0,31.8,37.4,45.1,E
8376,6.4,65.3,yes,yes,92.7,59.3,96.5,78.0,C
8377,6.4,77.5,yes,no,76.9,83.9,66.6,75.7,C
8378,4.2,61.3,yes,no,44.7,58.5,57.5,48.7,E
8379,1.4,65.5,yes,no,13.6,0.0,25.8,28.8,F
8380,4.0,76.2,yes,yes,53.7,65.8,53.6,60.6,D
8381,7.2,82.9,yes,yes,84.3,81.7,87.3,84.4,C
8382,4.9,91.8,no,no,74.3,72.9,88.2,78.7,C
8383,6.2,91.2,yes,no,100.0,72.1,77.5,87.0,B
8384,2.7,74.9,yes,yes,56.4,56.5,76.3,53.6,E
8385,3.1,53.7,yes,no,36.0,32.3,56.4,38.5,F
8386,1.4,59.4,no,no,28.0,40.3,42.9,43.2,E
8387,3.1,50.0,yes,no,48.2,72.6,56.8,52.1,E
8388,1.8,59.3,yes,no,29.7,53.8,38.8,35.4,F
8389,4.5,51.5,yes,no,54.5,66.1,56.0,55.4,D
8390,3.5,85.7,no,no,80.3,53.0,68.5,61.2,D
8391,6.8,77.3,yes,yes,90.6,78.2,77.1,83.9,C
8392,3.4,51.8,yes,yes,49.5,45.1,58.7,46.1,E
8393,2.1,80.9,yes,no,46.5,60.1,45.7,49.1,E
8394,1.1,90.7,yes,yes,43.9,34.9,53.4,47.5,E
8395,2.4,51.4,yes,no,42.0,31.7,37.8,38.8,F
8396,5.7,56.4,yes,yes,69.1,65.0,56.5,63.1,D
8397,5.2,73.6,yes,yes,79.6,70.1,61.8,73.1,C
8398,5.1,52.1,yes,no,66.7,49.6,55.1,58.0,D
8399,6.9,51.1,yes,yes,76.6,69.7,65.4,67.5,D
8400,2.4,79.1,yes,yes,35.5,36.5,59.8,48.9,E
8401,4.0,78.1,yes,yes,67.9,63.3,59.2,65.1,D
8402,1.8,90.3,yes,no,57.5,30.6,56.0,45.7,E
8403,2.1,53.9,yes,yes,42.9,55.4,33.9,48.0,E
8404,3.3,94.9,no,yes,63.9,54.4,66.3,72.2,C
8405,5.8,50.9,yes,no,44.0,44.7,71.5,61.8,D
8406,6.8,65.1,yes,yes,79.3,80.5,94.7,88.6,B
8407,2.8,52.4,yes,no,35.6,22.1,38.9,37.8,F
8408,3.5,62.2,yes,yes,70.7,56.4,44.3,59.4,D
8409,7.2,90.8,yes,no,73.5,82.8,95.9,88.1,B
8410,6.4,56.3,yes,no,82.3,74.5,65.0,70.7,C
8411,5.7,60.1,yes,no,76.3,71.4,80.4,75.5,C
8412,3.6,80.6,yes,no,46.6,65.2,58.1,61.6,D
8413,3.1,51.1,yes,no,44.9,36.1,35.6,38.5,F
8414,5.9,80.1,yes,no,94.1,100.0,82.8,87.5,B
8415,1.2,94.7,no,yes,49.6,34.2,66.2,47.3,E
8416,4.6,53.5,yes,no,63.8,43.6,54.2,59.6,D
8417,1.0,50.3,yes,yes,42.3,34.8,23.9,34.9,F
8418,5.2,70.3,yes,yes,69.3,55.6,72.3,67.6,D
8419,4.8,92.5,yes,yes,80.6,69.0,51.8,71.3,C
8420,0.9,96.8,yes,yes,42.8,66.7,46.1,55.1,D
8421,3.6,90.1,yes,yes,60.0,59.6,70.5,56.3,D
8422,1.9,82.5,no,no,53.1,56.6,47.0,49.3,E
8423,6.5,71.3,yes,yes,89.4,72.1,73.8,78.4,C
8424,7.3,89.4,yes,no,96.6,82.5,100.0,89.6,B
8425,2.9,87.8,yes,yes,45.9,58.3,50.3,49.9,E
8426,0.7,59.2,yes,no,42.6,20.6,29.3,36.6,F
8427,7.2,85.8,yes,no,88.1,98.6,100.0,96.4,A
8428,6.8,89.6,yes,no,80.9,86.3,86.2,90.1,B
8429,6.5,95.0,yes,no,95.8,88.9,95.9,96.6,A
8430,3.2,86.5,yes,yes,49.5,56.8,57.9,59.4,D
8431,1.1,86.6,yes,yes,50.3,49.1,35.2,52.8,E
8432,7.8,95.1,yes,yes,100.0,97.9,100.0,93.4,B
8433,4.2,59.7,yes,no,75.9,68.2,88.2,66.6,D
8434,3.2,77.5,yes,yes,54.5,55.3,44.0,65.1,D
8435,6.3,94.7,no,yes,76.2,100.0,100.0,96.9,A
8436,5.5,81.6,yes,no,59.0,82.9,66.6,68.6,D
8437,0.8,96.6,yes,no,38.3,44.4,34.8,41.8,E
8438,7.7,52.5,no,yes,100.0,97.8,91.2,88.0,B
8439,4.7,60.7,yes,yes,54.9,61.7,68.9,62.1,D
8440,1.9,61.1,no,yes,63.2,36.1,47.6,45.8,E
8441,0.6,53.9,no,yes,34.2,33.2,18.6,26.7,F
8442,4.6,81.1,yes,yes,62.3,62.3,59.7,62.8,D
8443,5.0,70.1,yes,yes,61.0,64.0,63.5,62.6,D
8444,1.2,62.1,no,no,54.2,41.3,45.8,42.3,E
8445,4.6,86.4,yes,no,63.3,78.1,79.8,68.9,D
8446,3.7,83.8,yes,yes,81.5,60.9,47.1,62.3,D
8447,3.8,52.0,yes,no,63.3,57.6,59.3,57.3,D
8448,7.8,72.0,yes,yes,95.3,100.0,97.0,98.3,A
8449,2.7,86.0,yes,yes,54.3,71.6,52.8,52.7,E
8450,7.1,55.2,yes,yes,83.0,69.1,80.8,71.6,C
8451,3.1,89.7,yes,no,70.8,73.7,45.6,52.9,E
8452,1.8,80.8,yes,yes,58.6,65.7,46.6,54.5,E
8453,1.6,85.9,yes,no,43.6,52.7,35.6,48.1,E
8454,7.6,62.5,yes,no,86.1,91.3,84.3,83.4,C
8455,0.7,87.4,yes,yes,27.6,56.0,29.4,38.6,F
8456,2.1,58.7,yes,yes,52.2,42.7,35.6,44.5,E
8457,3.1,93.0,yes,no,51.0,37.9,59.9,57.3,D
8458,5.4,60.3,yes,yes,66.2,55.9,65.8,70.6,C
8459,3.3,63.4,no,no,59.8,41.3,45.7,50.4,E
8460,0.7,83.5,yes,no,45.4,42.8,41.1,36.4,F
8461,4.4,66.7,yes,no,54.4,62.0,55.3,62.8,D
8462,7.1,65.5,yes,yes,89.3,100.0,90.7,86.7,B
8463,7.1,53.1,yes,yes,79.2,87.3,89.1,78.1,C
8464,7.9,91.0,yes,no,93.9,100.0,93.7,100.0,A
8465,3.1,73.0,yes,no,53.3,50.7,60.7,50.8,E
8466,1.4,69.7,yes,no,34.2,30.8,23.9,34.2,F
8467,1.0,62.3,no,yes,31.2,30.4,53.3,33.6,F
8468,7.0,77.8,yes,yes,93.5,85.1,88.8,84.3,C
8469,6.1,78.0,yes,no,75.3,74.3,82.8,88.2,B
8470,5.2,50.1,yes,yes,60.4,48.9,74.6,64.3,D
8471,4.2,54.3,no,no,48.3,52.6,45.0,54.1,E
8472,3.9,80.6,yes,yes,57.4,72.1,54.2,70.4,C
8473,4.2,64.2,yes,yes,70.1,66.3,58.1,68.2,D
8474,3.2,99.2,yes,yes,55.6,58.1,50.7,64.2,D
8475,4.1,62.4,no,no,54.7,74.0,46.4,60.6,D
8476,2.1,57.6,yes,no,43.5,43.7,43.9,36.8,F
8477,1.4,52.2,yes,no,16.0,30.4,38.6,31.7,F
8478,2.1,84.3,yes,yes,57.1,44.8,45.0,51.5,E
8479,7.8,64.5,yes,no,98.2,74.9,98.2,83.8,C
8480,7.9,63.7,yes,yes,98.1,100.0,82.8,94.9,B
8481,6.1,55.5,yes,no,72.5,55.5,76.2,64.4,D
8482,6.8,52.6,yes,no,100.0,96.0,72.9,82.3,C
8483,1.3,61.5,yes,yes,30.3,34.0,30.0,27.7,F
8484,1.4,69.8,yes,yes,50.2,44.2,41.3,46.0,E
8485,1.2,83.1,yes,yes,61.1,43.0,49.2,50.4,E
8486,1.0,55.1,yes,yes,21.7,30.6,28.2,26.5,F
8487,6.1,68.3,yes,yes,75.6,80.1,77.4,82.7,C
8488,0.9,99.6,yes,yes,41.3,36.9,40.4,41.4,E
8489,7.6,84.1,yes,yes,90.6,87.5,85.8,93.4,B
8490,5.4,100.0,yes,no,73.0,87.5,72.2,85.1,B
8491,1.8,54.0,yes,yes,33.0,38.8,27.9,45.8,E
8492,6.6,70.2,yes,yes,65.1,79.7,79.7,78.8,C
8493,6.7,61.5,yes,no,66.7,82.5,89.3,71.7,C
8494,4.7,97.1,yes,yes,74.4,79.0,77.2,85.1,B
8495,1.2,95.3,yes,no,50.0,34.3,50.9,44.3,E
8496,3.5,78.5,yes,no,79.8,84.5,76.2,65.4,D
8497,4.6,65.4,yes,yes,77.3,70.0,68.3,72.3,C
8498,6.1,77.2,yes,no,79.7,94.4,79.9,86.9,B
8499,2.7,93.6,yes,yes,75.1,52.2,57.1,53.6,E
8500,7.0,78.7,yes,yes,72.1,74.5,85.7,78.0,C
8501,2.4,88.3,yes,yes,58.7,71.5,70.7,62.8,D
8502,8.0,84.4,yes,no,97.3,100.0,90.0,100.0,A
8503,1.4,54.9,yes,no,37.9,16.9,48.1,28.3,F
8504,6.7,87.9,yes,yes,83.6,69.9,90.2,91.7,B
8505,1.5,60.4,yes,yes,44.5,33.7,26.3,27.4,F
8506,6.2,93.5,yes,no,69.7,100.0,90.5,88.6,B
8507,7.0,65.5,yes,no,79.7,86.7,97.7,86.6,B
8508,2.8,78.2,yes,yes,58.2,46.0,73.7,49.2,E
8509,1.3,64.3,yes,yes,54.4,30.3,31.1,29.9,F
8510,8.0,50.4,yes,yes,97.6,90.4,72.4,81.7,C
8511,7.8,89.0,yes,yes,100.0,100.0,100.0,100.0,A
8512,6.2,85.7,yes,yes,67.4,65.8,81.5,75.4,C
8513,3.4,96.2,yes,no,55.1,48.2,55.9,61.1,D
8514,1.5,78.6,no,yes,41.5,17.4,21.2,33.6,F
8515,3.6,59.4,yes,yes,60.6,53.5,65.9,52.5,E
8516,5.9,58.5,yes,no,75.8,95.1,92.3,79.6,C
8517,1.6,69.5,yes,no,45.0,25.3,50.9,48.9,E
8518,0.6,66.5,no,yes,45.2,24.4,47.5,34.0,F
8519,7.3,70.4,yes,no,84.9,86.3,75.3,76.7,C
8520,5.7,61.2,yes,yes,65.6,53.2,49.1,61.5,D
8521,5.7,99.4,yes,yes,74.5,87.7,92.6,81.5,C
8522,7.6,54.3,no,no,93.0,81.1,88.0,88.4,B
8523,4.4,87.0,no,no,65.6,58.9,91.6,69.8,D
8524,2.9,78.4,yes,yes,57.4,62.6,40.9,57.4,D
8525,7.3,77.8,yes,no,98.8,83.9,100.0,96.5,A
8526,7.9,80.7,no,yes,92.8,85.2,75.3,86.7,B
8527,0.7,95.2,yes,no,21.9,39.7,51.0,41.4,E
8528,3.0,83.8,yes,yes,68.5,76.0,69.0,57.9,D
8529,3.2,63.5,yes,yes,68.7,52.2,51.1,58.9,D
8530,1.3,63.5,yes,yes,46.5,32.9,56.8,39.0,F
8531,2.2,91.4,yes,yes,67.6,70.0,46.1,63.6,D
8532,0.7,73.9,no,yes,20.1,36.1,38.1,32.8,F
8533,5.7,85.2,yes,no,86.0,68.6,81.0,76.3,C
8534,1.3,68.8,yes,yes,25.3,23.8,36.0,30.6,F
8535,7.2,86.9,yes,no,83.1,80.7,100.0,89.7,B
8536,4.9,71.2,yes,no,84.4,61.6,68.0,64.6,D
8537,3.2,74.7,yes,no,57.4,58.6,58.8,54.5,E
8538,6.6,96.4,yes,no,92.7,86.6,84.0,95.0,B
8539,5.4,74.7,yes,no,59.3,57.3,56.0,63.8,D
8540,6.1,61.2,no,no,84.3,96.9,79.6,82.4,C
8541,7.1,76.6,yes,no,73.4,78.7,91.9,80.6,C
8542,6.6,50.4,yes,no,58.6,90.4,88.4,82.9,C
8543,6.3,63.9,yes,yes,60.7,74.2,74.5,72.0,C
8544,6.0,80.2,yes,yes,74.2,73.4,48.7,74.2,C
8545,3.3,53.5,yes,no,60.0,61.6,38.6,52.3,E
8546,5.4,72.8,yes,no,73.0,63.3,70.0,66.5,D
8547,4.7,79.9,yes,no,78.0,72.9,66.4,71.4,C
8548,7.7,61.3,yes,no,83.5,79.5,89.9,92.4,B
8549,4.3,60.9,no,yes,65.5,51.0,72.2,63.3,D
8550,2.2,83.4,yes,yes,65.1,46.9,59.4,58.3,D
8551,3.9,98.7,yes,no,73.1,52.9,51.0,66.0,D
8552,3.6,65.4,no,yes,52.0,70.3,52.2,57.4,D
8553,4.0,60.4,yes,yes,60.6,46.3,57.5,54.3,E
8554,4.9,99.2,yes,yes,77.5,73.6,84.3,76.2,C
8555,7.6,91.7,yes,yes,96.6,100.0,93.1,100.0,A
8556,2.6,96.8,no,yes,47.3,72.5,67.4,57.9,D
8557,7.8,52.3,yes,yes,74.7,75.0,54.7,77.0,C
8558,6.3,96.7,yes,yes,92.0,96.5,97.2,98.4,A
8559,1.9,91.9,yes,no,39.4,36.4,33.4,49.4,E
8560,2.6,65.0,yes,no,51.4,36.4,45.9,54.8,E
8561,7.3,81.2,yes,no,85.4,99.7,97.1,89.8,B
8562,6.5,58.6,yes,no,97.3,73.9,70.4,74.9,C
8563,1.6,70.9,yes,yes,57.9,54.5,40.1,49.0,E
8564,4.9,80.1,yes,no,71.4,81.5,69.7,77.8,C
8565,2.6,55.5,yes,no,47.8,26.9,49.9,36.7,F
8566,5.2,98.3,yes,no,81.7,68.4,85.7,77.4,C
8567,1.8,96.5,yes,yes,37.5,55.9,50.7,51.0,E
8568,3.1,93.4,yes,no,66.9,69.3,49.6,66.0,D
8569,3.4,56.4,yes,yes,54.0,61.9,32.9,51.5,E
8570,4.5,83.5,yes,yes,68.0,62.8,64.3,70.7,C
8571,2.3,94.5,yes,no,41.8,50.4,56.3,59.8,D
8572,6.0,56.9,yes,no,42.2,64.8,90.5,63.5,D
8573,6.6,82.4,yes,yes,95.5,100.0,80.4,88.1,B
8574,5.3,60.2,yes,no,65.8,79.6,61.6,65.1,D
8575,7.3,84.5,yes,yes,93.0,89.5,97.5,100.0,A
8576,6.4,82.4,no,yes,97.8,87.6,78.3,87.2,B
8577,0.8,93.6,yes,no,40.0,52.2,57.6,39.4,F
8578,1.1,74.3,yes,no,35.7,54.4,44.4,47.6,E
8579,5.4,87.9,yes,yes,71.0,53.9,50.2,69.4,D
8580,5.9,59.6,yes,no,80.9,81.2,77.9,72.3,C
8581,7.8,82.1,yes,no,78.0,92.2,100.0,100.0,A
8582,0.5,93.8,yes,yes,54.3,46.9,52.7,43.6,E
8583,2.3,86.1,yes,yes,71.7,64.6,56.6,60.3,D
8584,6.7,93.9,yes,yes,94.6,96.6,75.8,89.1,B
8585,7.2,81.5,yes,no,96.4,96.2,97.7,97.0,A
8586,4.0,77.6,no,no,62.9,63.4,61.0,60.2,D
8587,4.1,95.8,yes,no,67.3,76.6,70.7,76.7,C
8588,6.9,66.2,yes,yes,73.8,83.9,75.1,82.5,C
8589,3.9,87.4,yes,no,71.5,70.8,61.7,57.0,D
8590,6.4,84.7,yes,yes,82.6,91.5,80.5,88.0,B
8591,7.6,90.7,yes,no,94.4,89.2,100.0,98.4,A
8592,2.5,74.9,yes,yes,52.7,47.9,53.7,45.5,E
8593,2.6,74.7,no,yes,34.3,50.2,65.4,53.9,E
8594,7.5,51.7,no,yes,79.8,94.4,76.0,85.7,B
8595,3.7,96.6,yes,yes,57.2,69.1,62.1,62.1,D
8596,0.6,69.4,yes,yes,37.7,42.4,31.6,37.4,F
8597,4.3,77.6,yes,yes,79.2,60.4,66.8,73.3,C
8598,5.1,59.9,yes,no,71.9,75.0,89.4,72.7,C
8599,2.3,80.8,yes,no,42.5,30.9,53.0,42.2,E
8600,6.0,67.3,yes,no,69.5,73.3,86.4,84.1,C
8601,2.2,79.3,yes,yes,18.0,42.5,59.9,44.5,E
8602,1.4,86.8,yes,yes,48.1,56.1,61.9,50.7,E
8603,2.4,80.5,yes,yes,41.1,52.5,44.9,50.0,E
8604,4.5,51.5,yes,no,61.4,58.9,47.9,64.2,D
8605,6.9,90.3,yes,yes,92.5,88.6,63.6,88.2,B
8606,4.5,78.0,yes,yes,62.7,91.4,64.3,76.0,C
8607,6.9,61.9,yes,yes,94.2,73.9,95.2,80.4,C
8608,1.0,66.2,yes,yes,40.8,16.4,33.3,35.1,F
8609,3.3,90.6,no,no,62.7,63.8,71.7,64.4,D
8610,3.8,96.8,yes,no,69.2,55.4,70.0,65.8,D
8611,6.5,90.7,no,no,89.8,98.4,94.3,95.8,A
8612,5.1,94.3,yes,yes,65.5,55.8,65.8,71.6,C
8613,6.4,74.5,yes,yes,63.2,62.4,87.0,82.8,C
8614,3.0,70.8,yes,no,28.9,45.5,72.2,52.9,E
8615,7.5,90.9,yes,yes,95.1,100.0,98.9,95.9,A
8616,6.6,69.7,yes,yes,65.4,76.9,66.0,82.5,C
8617,7.4,85.3,yes,yes,98.2,99.0,71.8,91.3,B
8618,2.5,80.7,yes,no,48.0,50.4,52.2,50.6,E
8619,0.5,57.6,yes,no,29.1,17.6,31.1,34.9,F
8620,5.1,65.4,yes,yes,61.8,68.8,54.8,69.1,D
8621,4.2,60.6,yes,no,41.1,74.5,73.4,62.2,D
8622,6.3,56.3,yes,yes,73.7,72.0,63.5,69.0,D
8623,1.2,71.0,yes,yes,49.1,55.5,49.3,43.9,E
8624,5.0,59.9,yes,no,60.2,74.1,82.2,72.6,C
8625,2.0,53.6,yes,yes,37.3,44.8,17.9,32.4,F
8626,4.4,60.3,yes,no,39.8,56.1,51.8,53.3,E
8627,1.7,80.9,yes,yes,23.3,22.9,30.5,39.1,F
8628,7.3,90.4,yes,yes,100.0,86.6,100.0,96.2,A
8629,1.9,73.1,yes,no,21.0,50.0,51.7,39.0,F
8630,4.8,80.5,yes,yes,49.2,60.7,69.7,67.8,D
8631,0.5,82.5,yes,yes,35.5,44.1,47.1,44.0,E
8632,1.7,82.6,no,no,43.8,42.1,36.0,38.7,F
8633,4.2,99.3,no,yes,65.6,68.4,75.8,70.0,D
8634,0.8,80.4,no,no,53.4,38.8,33.5,43.2,E
8635,4.6,77.3,yes,yes,72.1,64.6,40.4,60.1,D
8636,1.9,93.3,yes,yes,42.1,42.2,50.0,43.0,E
8637,5.9,81.0,yes,no,76.0,89.6,85.9,81.1,C
8638,7.0,72.9,yes,yes,89.2,69.5,89.6,80.5,C
8639,6.2,87.1,yes,no,91.0,74.9,85.6,80.2,C
8640,1.0,61.2,yes,yes,24.2,53.9,24.6,36.7,F
8641,4.2,83.6,yes,no,82.6,89.6,62.1,73.0,C
8642,1.3,88.4,yes,yes,49.5,53.5,64.5,54.5,E
8643,3.6,81.9,no,no,56.8,47.1,47.1,58.0,D
8644,6.8,59.4,yes,yes,77.7,79.2,65.9,68.2,D
8645,0.8,75.8,yes,yes,22.3,53.6,20.2,30.4,F
8646,2.4,90.5,yes,no,65.5,40.3,67.8,54.6,E
8647,6.7,70.1,yes,yes,63.8,85.5,62.0,76.2,C
8648,3.5,96.4,yes,no,68.8,74.0,74.1,68.5,D
8649,2.3,52.4,yes,no,28.9,34.8,34.6,43.9,E
8650,7.6,83.3,yes,no,95.7,100.0,100.0,100.0,A
8651,1.7,61.6,no,no,48.7,28.3,44.3,38.5,F
8652,6.4,82.4,yes,no,64.5,79.1,86.2,83.1,C
8653,1.8,97.5,yes,yes,29.6,43.6,60.2,45.9,E
8654,7.7,78.7,yes,yes,100.0,88.4,100.0,100.0,A
8655,6.4,71.8,yes,no,68.2,73.0,36.1,73.5,C
8656,2.6,92.9,yes,yes,45.2,36.3,46.4,48.1,E
8657,7.9,73.2,yes,no,94.2,82.1,81.3,86.8,B
8658,1.4,78.2,yes,no,54.5,61.1,57.3,47.8,E
8659,6.9,65.4,yes,yes,73.2,94.1,96.6,86.1,B
8660,5.7,77.5,no,yes,67.0,74.4,52.3,67.8,D
8661,1.8,85.8,yes,yes,40.6,49.9,39.6,39.9,F
8662,4.6,75.5,yes,no,72.3,88.8,66.9,74.0,C
8663,0.6,60.5,yes,yes,25.8,16.1,38.6,33.0,F
8664,4.8,51.0,yes,yes,62.4,61.8,70.3,58.9,D
8665,4.9,60.9,yes,yes,54.0,50.0,49.2,59.9,D
8666,3.6,92.5,yes,yes,61.8,53.5,60.6,60.5,D
8667,6.7,98.0,no,yes,82.6,70.7,73.3,83.2,C
8668,7.5,78.1,no,yes,100.0,100.0,82.4,98.5,A
8669,4.5,91.5,yes,yes,59.8,58.2,88.9,77.1,C
8670,5.6,52.3,yes,no,60.0,60.0,69.3,58.4,D
8671,1.6,92.7,yes,yes,67.0,69.3,41.9,52.2,E
8672,8.0,64.4,yes,yes,93.1,81.2,93.2,81.9,C
8673,6.9,58.8,yes,no,67.2,46.7,61.2,73.5,C
8674,7.6,63.9,yes,yes,97.9,100.0,100.0,94.5,B
8675,6.3,74.9,yes,yes,79.7,100.0,74.4,84.6,C
8676,2.9,79.4,no,no,41.9,38.5,49.2,49.0,E
8677,2.2,50.3,yes,no,37.0,46.2,34.0,35.2,F
8678,4.3,67.2,yes,no,65.1,70.9,43.2,67.5,D
8679,1.1,85.2,no,yes,24.0,29.9,40.3,43.7,E
8680,4.6,87.5,yes,yes,74.1,75.2,63.6,64.7,D
8681,3.3,61.7,yes,no,52.3,43.1,36.6,48.2,E
8682,6.0,62.3,yes,no,90.0,82.3,76.3,81.5,C
8683,5.2,84.0,no,yes,75.0,76.4,79.8,69.2,D
8684,2.3,80.5,yes,yes,60.1,54.2,48.0,48.9,E
8685,6.0,74.9,yes,yes,78.4,79.3,68.3,73.5,C
8686,2.8,77.3,yes,no,48.5,48.0,46.0,59.6,D
8687,2.4,75.0,yes,no,43.4,27.5,46.9,54.8,E
8688,3.6,70.4,yes,yes,53.4,50.3,56.7,57.8,D
8689,1.7,89.4,yes,no,31.4,49.1,37.1,40.2,E
8690,2.9,94.4,yes,yes,41.4,52.4,54.6,64.5,D
8691,2.4,82.0,no,no,42.5,51.8,45.9,52.9,E
8692,0.7,63.5,yes,yes,42.6,34.2,22.2,31.4,F
8693,2.8,98.7,yes,no,48.0,57.9,73.4,58.9,D
8694,4.0,54.4,yes,yes,49.8,60.8,61.0,47.4,E
8695,6.7,97.6,yes,yes,74.4,77.5,83.1,83.0,C
8696,1.9,77.8,yes,no,47.0,45.5,51.2,46.8,E
8697,3.0,85.5,yes,yes,45.1,51.3,63.8,48.8,E
8698,0.7,71.2,no,yes,30.0,39.4,47.4,37.8,F
8699,1.1,67.9,yes,yes,32.1,13.0,20.0,28.2,F
8700,3.2,61.2,yes,yes,52.4,72.2,61.2,57.6,D
8701,4.2,55.6,yes,no,39.6,61.7,48.5,51.5,E
8702,6.1,65.6,yes,no,65.6,57.9,75.7,66.8,D
8703,6.2,62.7,yes,no,91.9,82.6,53.7,77.1,C
8704,7.4,76.7,yes,yes,86.6,90.2,66.2,94.0,B
8705,7.3,92.9,yes,yes,86.5,96.3,91.7,87.6,B
8706,1.3,54.2,yes,no,34.2,41.9,29.2,26.9,F
8707,1.3,87.3,yes,no,41.0,24.7,46.2,40.9,E
8708,4.2,63.4,yes,yes,46.7,79.5,52.7,61.5,D
8709,4.9,82.1,yes,no,55.7,84.7,53.2,68.1,D
8710,5.0,81.4,yes,no,46.9,56.4,60.8,66.0,D
8711,4.1,86.9,no,yes,74.6,52.9,59.2,76.9,C
8712,7.9,50.8,yes,no,66.5,80.7,68.7,80.2,C
8713,4.3,50.1,yes,yes,37.6,48.7,53.8,45.4,E
8714,7.5,58.4,yes,yes,88.1,75.6,81.9,85.6,B
8715,7.9,99.0,yes,no,95.7,89.1,92.2,97.9,A
8716,3.8,67.1,yes,yes,35.5,59.4,42.5,52.8,E
8717,1.5,81.3,yes,yes,43.2,44.9,39.3,45.0,E
8718,2.9,65.4,yes,no,39.3,33.1,42.3,40.5,E
8719,3.2,74.4,yes,no,68.3,61.5,58.6,54.0,E
8720,7.2,71.9,yes,no,92.2,91.8,78.0,91.0,B
8721,7.7,59.4,yes,yes,97.3,100.0,89.8,88.6,B
8722,1.8,67.9,yes,no,66.8,70.8,66.8,48.2,E
8723,0.7,59.5,yes,no,32.3,22.9,12.1,20.2,F
8724,6.7,64.0,yes,no,67.0,77.1,82.1,78.3,C
8725,4.7,70.9,yes,no,68.4,71.4,67.7,70.7,C
8726,6.1,89.8,yes,no,100.0,76.0,82.4,82.8,C
8727,3.0,59.8,no,yes,33.7,46.8,50.5,42.4,E
8728,1.7,59.8,yes,yes,26.9,18.8,31.0,27.7,F
8729,2.5,62.4,no,yes,44.8,37.9,41.1,35.5,F
8730,0.9,89.5,yes,no,40.4,29.5,25.7,36.5,F
8731,3.4,62.4,yes,no,55.4,52.3,54.8,60.3,D
8732,1.2,91.0,yes,yes,57.1,42.6,56.7,47.5,E
8733,4.0,66.1,yes,yes,40.5,49.8,44.8,54.5,E
8734,6.5,65.1,yes,no,77.8,85.4,84.9,81.9,C
8735,0.9,68.9,no,yes,39.4,39.0,44.6,34.9,F
8736,7.2,72.4,no,no,80.0,91.0,97.8,90.6,B
8737,1.4,71.0,yes,no,47.9,37.4,29.5,35.0,F
8738,5.4,69.7,yes,no,80.5,78.9,71.5,73.8,C
8739,2.3,99.9,yes,no,79.7,58.5,69.7,66.9,D
8740,6.8,84.7,yes,yes,100.0,94.1,85.0,93.0,B
8741,0.6,94.1,no,yes,39.7,34.5,28.3,37.0,F
8742,3.7,94.7,yes,no,59.8,66.4,68.4,73.7,C
8743,7.7,71.3,yes,yes,87.9,93.3,96.2,84.1,C
8744,1.3,88.8,yes,yes,45.5,61.4,29.2,42.4,E
8745,6.2,73.5,yes,no,85.1,85.7,76.9,73.9,C
8746,5.9,79.7,yes,no,80.4,96.7,91.6,88.2,B
8747,2.9,86.7,yes,no,40.1,56.5,70.3,53.1,E
8748,1.0,79.1,yes,no,39.1,44.8,63.0,42.4,E
8749,6.7,75.4,no,no,100.0,90.5,77.2,86.9,B
8750,7.3,50.6,yes,yes,71.2,73.3,75.1,68.6,D
8751,1.5,98.5,yes,yes,46.1,59.8,42.6,48.2,E
8752,6.9,51.9,no,yes,71.5,69.8,77.4,72.4,C
8753,6.7,56.0,no,no,76.6,77.7,65.3,76.4,C
8754,4.8,52.1,yes,no,63.3,63.1,55.4,51.9,E
8755,6.4,81.3,no,yes,78.2,69.9,94.0,76.0,C
8756,0.8,65.1,yes,no,43.6,20.0,13.7,25.0,F
8757,4.2,94.7,yes,yes,67.8,62.3,76.9,67.7,D
8758,7.8,79.6,yes,no,87.7,84.5,94.4,88.1,B
8759,6.3,89.1,yes,yes,87.6,88.5,92.1,78.6,C
8760,2.5,57.3,yes,no,44.6,63.5,46.5,44.2,E
8761,5.2,70.5,yes,yes,90.2,57.4,66.9,64.7,D
8762,2.1,81.2,yes,no,34.4,26.1,49.0,40.5,E
8763,2.2,59.4,yes,yes,43.8,41.2,67.6,46.7,E
8764,1.9,69.1,yes,yes,17.3,35.4,34.5,34.5,F
8765,1.9,87.7,no,yes,70.6,53.7,61.3,57.6,D
8766,4.2,84.1,yes,no,81.4,66.7,65.4,62.6,D
8767,2.8,95.1,yes,no,74.0,69.2,58.3,70.3,C
8768,6.3,77.9,yes,yes,95.4,90.1,73.2,80.5,C
8769,7.2,60.3,yes,no,69.8,88.2,74.2,84.2,C
8770,4.2,93.9,yes,no,75.7,42.5,73.3,67.4,D
8771,1.9,98.1,yes,no,51.2,34.2,43.1,45.3,E
8772,8.0,74.3,yes,no,100.0,97.1,97.1,100.0,A
8773,0.9,54.2,no,yes,31.8,9.8,30.1,25.0,F
8774,4.6,62.6,yes,no,69.7,67.8,54.8,63.2,D
8775,2.1,87.6,no,no,54.5,66.2,56.2,57.4,D
8776,7.5,50.0,yes,no,82.0,74.5,80.5,71.9,C
8777,2.9,64.7,yes,no,28.9,39.5,43.5,41.9,E
8778,7.7,68.4,yes,no,82.7,84.4,95.0,86.2,B
8779,7.8,89.4,no,yes,95.4,90.2,80.1,97.6,A
8780,7.6,71.9,yes,no,79.3,97.3,100.0,98.3,A
8781,6.4,76.3,yes,no,85.3,67.8,79.4,78.8,C
8782,6.1,83.6,yes,no,73.0,83.6,92.8,88.2,B
8783,7.6,89.2,yes,no,100.0,84.6,79.0,92.0,B
8784,2.2,66.9,yes,yes,35.2,37.8,39.5,45.1,E
8785,6.6,58.6,yes,no,72.9,95.1,61.7,73.5,C
8786,1.4,59.1,yes,yes,50.7,39.6,38.1,42.5,E
8787,3.2,58.0,no,no,69.0,51.2,67.3,47.1,E
8788,3.5,55.7,yes,no,46.5,50.5,48.4,51.6,E
8789,8.0,72.0,yes,no,93.6,89.1,90.1,100.0,A
8790,2.9,59.2,yes,yes,66.2,57.6,41.8,55.1,D
8791,4.7,89.1,yes,no,78.7,62.4,68.1,76.2,C
8792,5.3,50.0,yes,yes,66.5,62.4,58.1,60.1,D
8793,5.6,97.7,yes,no,97.1,95.7,99.5,92.9,B
8794,1.4,50.7,yes,yes,39.2,37.5,44.4,39.5,F
8795,4.7,66.3,yes,yes,59.2,50.1,68.2,61.0,D
8796,5.3,87.7,yes,no,95.6,85.1,89.5,78.5,C
8797,7.3,93.6,yes,yes,78.7,100.0,98.6,91.6,B
8798,7.7,54.4,yes,yes,66.4,59.1,89.4,80.6,C
8799,2.3,90.1,yes,yes,47.9,49.0,83.0,56.9,D
8800,2.1,87.6,yes,yes,68.1,40.0,55.8,50.6,E
8801,5.6,73.0,yes,no,90.1,62.6,69.8,69.2,D
8802,4.2,81.3,yes,no,76.2,62.7,66.8,66.7,D
8803,6.1,68.4,yes,yes,53.3,69.4,67.3,71.5,C
8804,6.9,65.6,yes,no,92.3,100.0,76.5,85.2,B
8805,0.6,51.7,yes,yes,30.6,27.4,16.0,31.1,F
8806,7.1,50.3,no,yes,67.7,81.5,100.0,76.7,C
8807,2.5,76.3,yes,yes,63.5,51.0,41.0,48.6,E
8808,7.8,50.6,yes,yes,100.0,86.4,94.3,86.1,B
8809,3.7,56.1,yes,yes,43.9,58.6,51.0,49.9,E
8810,6.9,54.8,yes,no,97.6,84.1,86.4,87.0,B
8811,2.0,81.7,yes,yes,49.9,64.1,58.5,55.2,D
8812,4.4,83.4,yes,no,70.2,86.1,70.2,68.8,D
8813,1.0,87.7,yes,yes,29.8,33.5,23.3,42.9,E
8814,6.0,98.7,no,yes,80.5,97.2,90.0,87.8,B
8815,7.6,99.0,yes,yes,86.1,100.0,100.0,100.0,A
8816,6.8,60.4,yes,no,66.5,73.8,77.4,70.5,C
8817,5.6,67.6,yes,yes,53.0,68.0,60.9,69.9,D
8818,1.4,78.1,yes,no,64.9,46.2,44.0,37.5,F
8819,7.9,52.2,yes,no,76.9,67.0,73.3,82.3,C
8820,3.1,59.6,yes,no,48.4,43.1,15.3,44.6,E
8821,5.2,92.7,yes,no,92.8,74.5,69.2,87.0,B
8822,2.5,70.4,yes,yes,25.6,22.1,24.2,41.1,E
8823,6.7,74.2,yes,no,96.1,100.0,100.0,90.5,B
8824,3.3,86.8,yes,no,54.7,47.5,62.9,61.6,D
8825,3.4,90.4,yes,no,70.6,83.6,50.8,68.1,D
8826,0.5,93.2,yes,yes,48.1,53.0,56.7,48.3,E
8827,4.8,94.7,yes,no,69.8,73.9,81.9,72.5,C
8828,2.4,64.7,yes,yes,30.8,30.4,44.8,38.3,F
8829,7.4,82.5,yes,no,100.0,100.0,100.0,100.0,A
8830,6.4,55.6,yes,no,83.2,78.9,72.2,68.3,D
8831,7.6,98.4,yes,yes,100.0,95.6,86.1,95.0,A
8832,3.4,63.4,yes,no,55.8,67.4,57.0,51.7,E
8833,5.5,69.5,yes,yes,55.5,63.5,65.6,64.4,D
8834,3.9,96.5,yes,yes,71.6,63.2,47.0,66.6,D
8835,7.3,81.5,yes,no,87.8,93.8,85.4,91.7,B
8836,2.9,64.4,yes,no,38.5,72.8,56.1,56.1,D
8837,3.0,54.3,yes,no,32.1,29.0,20.9,37.1,F
8838,3.2,74.4,yes,no,62.1,74.4,60.4,63.6,D
8839,4.2,79.5,yes,no,74.6,70.4,55.9,64.9,D
8840,7.2,83.4,yes,no,99.6,100.0,79.7,97.5,A
8841,2.1,58.2,yes,no,46.3,45.3,59.2,47.5,E
8842,5.4,85.3,yes,yes,76.7,71.7,81.8,77.7,C
8843,2.8,68.1,yes,no,66.8,60.6,51.8,57.2,D
8844,1.1,97.2,yes,yes,30.8,34.4,50.4,40.8,E
8845,7.7,82.7,yes,yes,100.0,100.0,100.0,100.0,A
8846,6.4,95.9,yes,no,100.0,94.5,85.7,96.6,A
8847,7.6,51.5,yes,no,83.9,88.4,95.7,82.6,C
8848,3.5,95.2,yes,no,67.2,76.1,77.9,68.9,D
8849,6.2,93.9,yes,no,90.2,100.0,99.8,92.0,B
8850,5.4,75.5,yes,no,64.6,82.1,98.2,83.3,C
8851,5.1,98.8,yes,no,80.6,87.8,100.0,78.7,C
8852,0.8,87.5,yes,no,28.4,52.9,48.7,40.6,E
8853,1.0,99.8,yes,no,45.6,31.9,52.1,44.6,E
8854,2.0,87.8,yes,no,39.3,48.4,42.2,45.0,E
8855,6.1,95.8,yes,yes,100.0,67.4,77.5,82.7,C
8856,6.5,59.9,yes,yes,76.4,90.7,88.6,79.5,C
8857,5.4,59.8,yes,yes,35.9,81.1,51.5,57.9,D
8858,1.9,75.4,yes,yes,48.8,51.9,63.4,49.5,E
8859,6.3,86.5,yes,no,80.0,90.4,88.6,94.0,B
8860,1.4,63.2,yes,yes,35.5,31.9,51.8,31.3,F
8861,7.2,70.8,yes,yes,90.4,76.2,88.2,81.3,C
8862,3.4,58.6,yes,no,49.1,46.5,58.2,58.6,D
8863,6.0,96.3,yes,yes,99.0,73.6,83.9,95.7,A
8864,1.8,87.2,yes,no,56.7,45.9,41.7,54.2,E
8865,2.9,51.9,yes,yes,27.9,34.9,44.6,38.4,F
8866,4.2,51.1,no,no,49.2,48.4,68.7,54.1,E
8867,4.2,99.7,no,no,94.3,79.9,65.8,80.3,C
8868,1.2,69.8,yes,yes,37.9,39.9,49.0,39.5,F
8869,4.6,80.1,yes,no,60.0,55.1,68.8,63.3,D
8870,1.1,97.4,no,yes,40.1,37.7,52.7,38.4,F
8871,7.4,97.8,yes,yes,93.1,96.4,100.0,96.2,A
8872,3.7,54.8,yes,yes,55.9,54.5,65.5,57.5,D
8873,3.8,81.8,yes,yes,58.5,60.6,57.3,53.7,E
8874,4.8,99.6,yes,yes,77.1,100.0,80.0,75.5,C
8875,6.4,59.0,no,yes,100.0,88.9,78.9,80.7,C
8876,1.0,83.1,yes,yes,62.1,43.6,39.5,45.6,E
8877,5.8,88.7,yes,no,72.8,62.8,71.1,72.2,C
8878,7.3,53.8,yes,yes,86.0,100.0,76.2,83.0,C
8879,3.8,69.4,yes,no,38.1,55.1,44.8,48.9,E
8880,0.6,60.3,yes,yes,29.3,35.0,45.1,35.4,F
8881,2.4,52.8,yes,no,30.4,38.1,21.6,30.4,F
8882,7.6,55.0,yes,no,84.6,77.1,73.6,74.2,C
8883,1.4,67.1,yes,no,40.6,44.7,23.1,36.9,F
8884,0.6,79.0,yes,yes,30.5,29.4,25.7,28.0,F
8885,7.5,97.7,yes,no,96.4,90.8,100.0,100.0,A
8886,7.0,96.8,yes,yes,87.2,97.3,100.0,99.6,A
8887,4.0,93.6,yes,no,53.0,46.7,49.2,59.8,D
8888,0.5,88.6,no,yes,33.6,45.1,37.7,39.0,F
8889,4.9,52.0,yes,no,60.8,60.4,52.4,54.9,E
8890,6.6,70.3,yes,no,98.7,91.2,78.6,83.2,C
8891,2.6,89.0,yes,no,40.0,58.8,52.9,48.5,E
8892,1.8,98.4,yes,no,63.1,36.0,57.8,61.6,D
8893,7.3,73.1,yes,yes,100.0,87.1,91.8,90.0,B
8894,6.3,85.1,yes,yes,92.5,91.7,86.7,94.2,B
8895,3.9,99.8,yes,yes,72.4,58.4,71.5,63.7,D
8896,7.3,81.2,yes,yes,68.9,82.2,99.2,82.1,C
8897,5.1,88.9,yes,no,90.9,59.3,66.5,70.5,C
8898,7.6,98.3,yes,no,93.5,100.0,99.8,100.0,A
8899,1.3,85.5,yes,no,39.9,29.5,50.7,47.9,E
8900,3.8,56.6,yes,no,61.5,29.2,44.3,43.5,E
8901,5.6,99.0,yes,yes,100.0,80.3,97.8,92.0,B
8902,3.6,90.2,yes,no,58.7,72.3,75.8,66.8,D
8903,3.1,63.2,yes,no,48.4,36.3,30.1,43.8,E
8904,5.7,99.4,yes,no,89.0,93.9,86.9,83.2,C
8905,5.0,54.0,yes,no,54.2,53.7,68.6,66.1,D
8906,2.6,97.0,yes,no,50.6,60.4,77.0,61.5,D
8907,3.8,92.1,yes,no,70.3,63.5,61.9,60.7,D
8908,5.8,63.7,yes,no,69.4,66.5,54.6,62.8,D
8909,5.2,93.0,yes,no,62.5,62.5,88.3,73.8,C
8910,3.9,53.0,yes,no,54.7,56.2,68.6,55.7,D
8911,2.5,97.6,yes,no,61.0,32.4,65.0,53.7,E
8912,1.4,80.2,yes,no,40.4,64.7,53.0,38.9,F
8913,6.8,76.1,yes,no,87.6,100.0,82.7,90.7,B
8914,6.7,99.6,no,yes,92.4,100.0,91.4,100.0,A
8915,5.1,51.3,yes,no,58.1,50.0,58.5,53.0,E
8916,4.8,75.6,yes,no,73.9,73.2,74.2,74.7,C
8917,1.5,86.8,yes,no,46.4,53.7,36.0,47.5,E
8918,3.9,55.6,yes,yes,54.2,50.4,52.1,53.1,E
8919,4.1,50.7,yes,yes,57.0,53.4,58.0,47.9,E
8920,4.0,80.8,yes,yes,54.5,88.8,51.7,74.3,C
8921,2.3,66.9,yes,no,34.5,28.8,46.6,39.6,F
8922,1.4,74.1,yes,no,53.9,60.3,33.8,50.6,E
8923,7.5,81.1,yes,no,98.6,87.3,95.7,96.6,A
8924,4.7,69.3,yes,no,91.8,62.7,70.9,72.2,C
8925,7.0,60.7,yes,no,80.5,76.7,71.5,77.1,C
8926,5.5,61.9,yes,no,80.4,72.3,68.6,67.8,D
8927,6.7,59.4,yes,no,92.5,67.2,100.0,84.1,C
8928,2.1,85.8,no,yes,70.7,71.6,56.0,59.4,D
8929,1.3,56.7,yes,no,27.7,18.7,31.4,29.6,F
8930,5.1,98.6,yes,no,67.3,53.1,79.1,78.4,C
8931,4.6,50.2,yes,no,67.7,42.3,48.8,48.1,E
8932,1.2,65.2,yes,no,41.0,28.4,36.8,40.2,E
8933,5.1,90.1,yes,yes,80.2,81.9,70.8,81.8,C
8934,1.9,54.5,yes,yes,31.4,43.7,37.7,41.7,E
8935,1.3,79.4,yes,yes,41.1,20.7,52.9,34.4,F
8936,7.9,64.5,yes,yes,52.2,77.2,89.3,79.5,C
8937,4.7,98.3,yes,yes,65.4,91.5,76.3,81.3,C
8938,3.0,60.9,no,no,25.0,63.0,58.5,42.1,E
8939,1.2,53.5,yes,yes,20.0,28.7,14.9,31.8,F
8940,7.4,80.7,yes,yes,86.5,92.6,90.9,89.8,B
8941,7.6,68.8,yes,no,94.6,78.8,70.9,87.8,B
8942,2.4,95.2,yes,yes,58.7,58.7,76.5,61.2,D
8943,3.8,95.7,yes,yes,86.2,88.1,67.5,76.6,C
8944,5.3,89.8,yes,no,100.0,75.5,89.2,80.0,C
8945,1.3,56.4,yes,yes,40.2,29.6,47.4,37.7,F
8946,4.5,82.9,yes,yes,89.3,77.3,89.2,78.8,C
8947,2.1,54.6,yes,no,44.8,28.4,35.6,36.7,F
8948,2.2,51.3,yes,no,46.2,34.6,19.0,42.1,E
8949,5.0,59.9,yes,yes,52.8,67.5,67.4,65.6,D
8950,2.8,74.7,no,no,43.5,34.3,40.0,43.4,E
8951,4.6,72.6,yes,no,50.9,34.3,57.6,59.6,D
8952,2.5,88.8,no,yes,59.1,48.7,47.8,54.8,E
8953,4.2,76.2,yes,yes,65.9,55.5,52.1,62.1,D
8954,7.5,63.2,yes,yes,72.1,76.6,64.0,76.5,C
8955,4.1,57.0,yes,yes,69.2,67.0,64.8,62.0,D
8956,4.3,78.5,no,no,56.4,60.1,56.8,59.8,D
8957,4.2,83.7,yes,no,66.8,55.3,54.0,63.1,D
8958,6.9,60.6,yes,no,68.3,82.0,70.7,79.9,C
8959,5.6,81.6,yes,no,52.4,74.6,60.8,68.0,D
8960,0.7,93.0,yes,no,49.4,27.1,16.4,34.4,F
8961,1.4,62.1,no,yes,51.4,37.7,38.6,40.4,E
8962,4.8,91.0,yes,no,77.6,90.6,69.0,72.5,C
8963,6.2,97.5,yes,yes,82.1,97.1,76.4,90.6,B
8964,1.4,96.8,yes,no,40.2,63.1,51.6,49.5,E
8965,4.3,57.1,yes,yes,46.3,61.5,54.8,59.5,D
8966,5.3,52.4,yes,yes,66.6,61.4,72.8,67.9,D
8967,3.5,86.3,no,yes,57.2,59.9,65.6,52.9,E
8968,5.7,69.1,no,yes,73.9,74.2,73.7,78.5,C
8969,3.1,58.9,no,no,71.1,42.7,69.3,55.8,D
8970,5.2,72.4,yes,yes,53.4,66.7,73.1,75.3,C
8971,6.2,77.1,yes,no,86.2,81.7,85.4,78.0,C
8972,7.7,58.1,yes,yes,77.1,77.2,84.3,78.3,C
8973,5.3,51.9,yes,yes,72.3,68.0,60.3,71.6,C
8974,3.1,89.1,no,yes,29.2,53.9,59.3,58.0,D
8975,5.9,72.8,yes,no,71.5,78.0,81.5,78.8,C
8976,6.5,62.2,yes,no,72.6,97.0,92.7,84.7,C
8977,3.6,97.8,yes,yes,74.3,42.9,61.6,61.4,D
8978,3.2,88.0,no,yes,47.8,56.4,54.2,54.0,E
8979,1.6,70.1,no,no,12.2,42.4,20.6,31.2,F
8980,5.6,63.6,no,yes,82.9,81.8,82.3,79.7,C
8981,3.8,86.5,yes,yes,78.1,73.0,56.6,68.3,D
8982,1.5,86.2,no,no,60.3,64.4,53.0,53.6,E
8983,4.7,94.2,no,yes,77.1,68.9,79.7,77.5,C
8984,7.9,50.7,yes,no,96.0,89.9,100.0,88.5,B
8985,0.9,81.5,no,yes,34.7,32.8,25.8,44.7,E
8986,4.4,64.1,yes,yes,55.9,60.6,63.1,53.0,E
8987,7.5,98.7,yes,yes,96.6,100.0,100.0,92.0,B
8988,7.7,51.2,yes,no,76.0,82.4,75.3,76.0,C
8989,3.1,74.4,yes,no,42.9,37.0,53.0,46.8,E
8990,1.8,85.5,yes,yes,32.4,67.2,37.7,41.9,E
8991,3.7,87.6,yes,no,64.7,81.6,57.9,70.9,C
8992,2.9,81.7,yes,yes,66.6,47.9,69.0,55.8,D
8993,4.1,73.6,yes,no,48.3,57.4,56.6,55.7,D
8994,5.0,95.5,yes,no,82.9,81.9,91.6,86.5,B
8995,6.3,78.8,yes,yes,87.7,81.5,60.8,81.1,C
8996,5.3,76.1,yes,no,67.8,90.0,82.7,81.4,C
8997,7.2,92.9,no,no,79.2,83.7,75.2,87.6,B
8998,6.0,72.2,yes,no,48.9,55.9,84.5,67.3,D
8999,4.4,80.4,no,yes,95.7,61.4,79.0,74.7,C
9000,1.4,66.5,yes,no,30.5,33.6,40.3,33.8,F
9001,6.5,60.6,yes,no,83.1,85.3,62.6,77.1,C
9002,5.9,73.0,yes,no,95.6,57.1,82.5,73.7,C
9003,3.0,66.8,yes,no,46.1,58.9,61.1,59.7,D
9004,2.2,51.9,yes,no,28.3,29.5,39.6,29.4,F
9005,5.4,74.3,yes,no,63.9,62.9,77.4,69.8,D
9006,1.1,82.8,yes,no,39.5,30.0,58.9,42.9,E
9007,6.4,52.6,no,no,82.3,83.8,80.1,82.0,C
9008,2.2,78.4,yes,yes,54.9,44.1,49.8,40.8,E
9009,5.0,65.5,yes,yes,62.4,56.0,56.9,56.6,D
9010,2.8,52.0,no,yes,65.2,48.6,37.3,48.7,E
9011,4.1,54.8,yes,no,51.6,47.2,54.5,50.7,E
9012,6.5,85.8,yes,no,78.0,81.8,72.9,83.7,C
9013,2.7,77.0,yes,no,70.0,77.3,61.9,58.8,D
9014,0.7,97.8,yes,yes,36.3,44.6,35.0,42.3,E
9015,1.1,84.1,yes,yes,46.8,53.9,43.1,46.0,E
9016,1.1,98.1,no,no,48.4,34.0,32.0,42.7,E
9017,3.9,64.3,yes,no,70.2,52.6,78.8,61.3,D
9018,1.1,79.1,yes,no,42.7,44.6,35.8,43.4,E
9019,3.6,77.9,yes,no,70.0,55.6,61.0,62.6,D
9020,5.7,76.2,yes,no,73.9,70.8,78.0,80.6,C
9021,7.1,94.9,yes,no,91.1,86.2,94.4,94.4,B
9022,2.2,76.4,yes,yes,47.4,36.9,32.3,42.2,E
9023,7.1,63.2,yes,no,82.4,100.0,81.4,82.2,C
9024,7.8,85.1,yes,no,80.6,100.0,89.2,87.5,B
9025,5.2,63.2,yes,yes,81.7,85.1,75.0,73.1,C
9026,6.0,54.2,yes,no,79.0,88.6,90.7,76.9,C
9027,4.1,79.4,no,yes,41.5,64.6,62.8,56.4,D
9028,1.1,56.9,no,no,37.1,18.5,51.9,32.8,F
9029,7.7,85.7,no,no,97.4,100.0,92.5,92.2,B
9030,7.6,71.9,yes,yes,85.9,69.8,85.7,86.4,B
9031,2.9,93.3,no,no,57.4,70.4,45.2,54.9,E
9032,2.0,70.2,yes,no,53.8,47.2,37.0,42.0,E
9033,1.0,69.8,yes,yes,25.9,35.3,45.3,43.3,E
9034,4.2,71.4,yes,no,73.4,68.8,63.0,64.7,D
9035,7.4,85.7,yes,yes,75.4,89.9,100.0,100.0,A
9036,0.8,57.8,yes,yes,20.2,25.8,27.1,27.5,F
9037,5.1,67.1,no,no,54.5,71.8,62.8,72.5,C
9038,6.8,63.4,yes,no,86.8,69.2,61.2,72.5,C
9039,3.3,69.4,yes,no,47.9,69.0,70.4,51.0,E
9040,5.1,95.6,yes,yes,80.2,86.7,84.9,80.5,C
9041,3.8,81.6,yes,yes,61.0,69.9,55.5,64.1,D
9042,1.0,75.2,yes,no,36.2,32.9,55.9,37.8,F
9043,4.3,56.5,yes,no,63.8,62.6,62.1,65.1,D
9044,1.2,78.8,yes,yes,50.8,51.9,25.4,41.9,E
9045,5.6,89.9,yes,yes,91.5,83.6,79.2,88.8,B
9046,2.8,68.0,yes,yes,32.0,34.5,37.7,39.6,F
9047,6.5,95.1,yes,yes,80.0,98.4,94.2,97.1,A
9048,4.9,67.6,yes,yes,71.0,61.8,61.8,59.0,D
9049,7.5,58.0,no,no,89.7,82.0,100.0,85.0,B
9050,6.0,91.4,yes,yes,84.8,84.0,84.3,87.8,B
9051,5.9,78.3,yes,no,96.9,73.4,86.8,86.7,B
9052,2.8,75.8,yes,no,70.6,56.2,42.0,48.8,E
9053,3.8,96.3,yes,no,64.3,57.0,64.7,63.8,D
9054,6.1,91.2,yes,yes,100.0,92.5,100.0,93.0,B
9055,5.9,99.6,no,yes,84.5,59.1,70.1,84.1,C
9056,5.7,84.6,yes,yes,100.0,91.2,63.1,84.2,C
9057,0.6,79.0,yes,yes,28.8,38.3,16.2,27.6,F
9058,0.6,76.9,yes,no,22.3,33.7,13.8,26.5,F
9059,1.0,67.8,yes,yes,54.3,48.4,42.8,40.8,E
9060,0.7,59.0,no,no,21.0,17.1,31.0,19.6,F
9061,6.3,91.3,yes,yes,84.0,100.0,85.5,83.5,C
9062,4.6,50.3,no,yes,59.1,48.2,56.8,50.5,E
9063,4.3,94.4,yes,no,74.1,89.7,75.9,74.9,C
9064,1.1,63.1,yes,yes,12.7,25.3,26.6,30.2,F
9065,6.3,62.0,yes,no,67.3,89.0,73.0,70.7,C
9066,1.2,50.4,yes,yes,30.9,37.7,23.2,37.0,F
9067,2.2,68.0,yes,no,26.6,26.2,58.6,35.2,F
9068,6.6,54.4,yes,yes,79.3,47.4,66.8,68.7,D
9069,5.7,59.2,yes,yes,66.7,66.6,66.7,71.5,C
9070,1.2,84.4,yes,no,30.4,44.7,26.6,35.1,F
9071,1.1,70.8,yes,yes,41.1,34.0,41.6,41.8,E
9072,3.5,50.5,yes,no,57.9,39.0,58.6,54.6,E
9073,5.0,65.8,no,no,80.1,73.5,76.6,75.3,C
9074,2.4,50.3,no,yes,47.5,62.6,46.3,45.9,E
9075,4.9,95.8,yes,no,84.7,99.8,77.1,83.1,C
9076,3.2,93.0,yes,no,44.3,23.1,56.7,55.8,D
9077,4.9,67.7,no,yes,61.8,62.8,76.1,56.9,D
9078,5.9,62.0,yes,no,62.1,76.6,67.7,71.8,C
9079,6.8,55.3,yes,yes,92.9,67.0,92.9,81.4,C
9080,2.0,85.3,yes,no,39.0,41.4,38.1,41.8,E
9081,1.1,56.0,yes,yes,26.8,57.9,39.3,39.8,F
9082,1.4,83.5,yes,no,48.0,49.4,56.1,45.8,E
9083,1.7,62.9,yes,yes,41.5,46.6,9.3,33.7,F
9084,2.9,86.5,yes,no,60.3,50.6,70.6,63.7,D
9085,0.7,69.7,no,yes,32.9,35.4,17.8,26.4,F
9086,6.7,56.8,no,yes,80.9,65.8,66.2,66.7,D
9087,6.9,63.9,no,yes,79.8,73.1,79.1,76.5,C
9088,5.8,84.5,yes,yes,69.9,74.5,95.5,82.8,C
9089,3.2,84.3,yes,yes,63.2,57.4,65.0,63.4,D
9090,5.8,79.9,yes,no,69.6,74.8,77.8,74.5,C
9091,4.8,66.2,no,yes,35.5,49.3,44.2,54.9,E
9092,5.5,81.8,yes,no,64.9,87.4,67.6,78.6,C
9093,1.2,52.1,yes,no,48.7,9.5,32.7,30.5,F
9094,7.1,80.2,yes,yes,84.4,97.7,93.9,88.1,B
9095,3.1,89.1,yes,yes,60.1,44.8,73.4,62.1,D
9096,2.5,56.9,yes,yes,27.9,31.5,44.3,40.2,E
9097,3.4,90.8,no,yes,91.9,80.8,65.3,71.8,C
9098,2.4,95.3,no,yes,69.1,74.5,66.0,65.1,D
9099,8.0,98.0,yes,no,96.6,100.0,94.8,100.0,A
9100,5.3,51.5,yes,no,67.1,68.9,49.9,59.2,D
9101,7.2,94.8,no,yes,100.0,92.5,82.4,89.7,B
9102,7.6,53.2,yes,no,62.2,81.0,68.7,82.8,C
9103,4.9,69.0,yes,no,83.6,67.7,61.2,71.4,C
9104,6.5,77.4,yes,no,74.2,81.9,67.6,83.1,C
9105,7.3,61.1,yes,no,75.3,92.4,99.4,91.7,B
9106,1.6,67.2,yes,yes,56.1,33.0,22.2,35.7,F
9107,2.5,95.4,no,yes,55.5,43.7,44.8,52.1,E
9108,3.5,58.8,yes,no,47.7,38.8,48.2,54.3,E
9109,5.2,76.9,yes,no,87.9,59.9,74.3,69.2,D
9110,6.3,91.3,yes,yes,80.7,95.6,87.9,85.4,B
9111,3.1,62.1,yes,yes,45.8,53.5,58.0,55.9,D
9112,6.8,96.8,yes,yes,96.9,82.7,71.0,88.0,B
9113,5.4,99.0,yes,no,68.5,93.7,86.0,84.4,C
9114,3.3,63.3,yes,yes,60.1,58.8,55.0,59.7,D
9115,5.6,73.7,yes,no,54.4,73.0,58.7,68.8,D
9116,6.9,50.6,yes,yes,68.5,75.8,76.3,79.6,C
9117,3.0,98.0,no,no,68.4,59.5,55.5,62.6,D
9118,3.4,56.9,yes,yes,37.8,36.3,25.6,47.5,E
9119,5.7,71.4,yes,no,78.2,69.9,74.7,70.1,C
9120,3.7,83.6,yes,yes,37.7,51.7,43.6,59.3,D
9121,1.8,82.5,yes,no,49.3,42.3,67.0,51.5,E
9122,6.9,82.6,yes,no,85.4,92.3,72.0,90.9,B
9123,2.0,50.9,yes,yes,24.1,27.3,34.3,26.5,F
9124,2.3,86.7,yes,yes,50.4,47.0,53.3,54.8,E
9125,7.0,87.3,yes,yes,97.8,91.1,100.0,94.1,B
9126,5.3,77.3,no,no,80.0,74.6,60.0,75.9,C
9127,3.7,86.6,yes,no,61.0,76.6,76.5,65.0,D
9128,3.4,50.0,yes,no,35.2,24.7,50.1,40.5,E
9129,1.9,58.3,yes,no,41.7,49.9,36.4,37.6,F
9130,1.0,53.7,no,yes,29.9,34.5,36.0,24.6,F
9131,7.3,65.6,yes,yes,57.3,79.7,69.6,79.5,C
9132,0.8,60.2,yes,yes,18.5,36.8,36.7,32.3,F
9133,1.0,59.3,yes,no,12.5,30.2,18.2,25.0,F
9134,6.1,71.0,yes,no,69.8,60.6,73.6,74.5,C
9135,7.2,81.2,yes,yes,75.1,97.2,100.0,94.7,B
9136,5.8,77.2,yes,yes,87.0,78.5,79.6,82.6,C
9137,2.3,91.8,yes,no,52.9,44.1,56.7,62.8,D
9138,2.5,69.7,yes,yes,61.1,46.1,50.5,54.1,E
9139,7.7,70.4,yes,no,75.9,93.7,80.0,82.8,C
9140,5.8,50.5,yes,yes,70.4,59.8,61.0,61.8,D
9141,6.7,88.0,yes,yes,83.6,96.5,92.7,87.4,B
9142,3.8,80.1,yes,no,67.0,71.9,70.6,69.3,D
9143,6.3,56.3,yes,yes,69.7,49.7,70.7,63.2,D
9144,7.9,59.6,yes,yes,87.5,100.0,92.8,92.6,B
9145,3.2,58.6,yes,no,39.2,64.3,36.8,56.0,D
9146,2.9,70.4,yes,no,36.1,47.7,51.4,52.7,E
9147,0.8,51.9,yes,no,27.7,3.4,26.0,18.2,F
9148,6.0,88.9,yes,yes,71.6,83.0,100.0,84.7,C
9149,2.3,65.9,yes,yes,36.3,34.8,18.3,40.9,E
9150,2.4,95.9,yes,no,67.6,52.6,51.5,53.8,E
9151,5.2,63.6,yes,yes,58.3,76.9,71.7,64.5,D
9152,6.0,68.3,yes,yes,58.5,77.0,62.8,66.4,D
9153,3.6,96.0,yes,no,63.8,70.0,47.3,61.8,D
9154,7.6,58.4,yes,no,97.4,89.8,81.5,84.4,C
9155,1.7,92.3,yes,no,63.7,45.8,49.0,47.4,E
9156,4.5,57.6,yes,no,57.1,77.4,69.9,65.2,D
9157,5.1,74.8,yes,yes,83.2,69.0,56.3,77.9,C
9158,5.1,93.7,yes,no,68.8,63.5,76.7,70.2,C
9159,5.4,58.0,no,yes,71.9,77.9,79.8,73.0,C
9160,5.3,51.9,yes,no,76.3,93.6,72.1,72.0,C
9161,6.4,62.0,yes,no,75.8,71.1,64.5,72.7,C
9162,6.6,63.1,yes,yes,64.7,86.5,90.9,75.4,C
9163,7.8,70.4,yes,yes,81.5,81.3,88.6,92.2,B
9164,7.5,87.2,yes,no,100.0,94.3,93.2,91.6,B
9165,4.4,52.4,no,no,60.1,72.3,68.6,65.8,D
9166,5.8,78.6,yes,no,87.5,90.4,89.3,82.0,C
9167,3.5,86.3,no,yes,67.7,50.4,53.0,53.0,E
9168,5.4,90.4,yes,yes,77.6,73.6,80.8,79.7,C
9169,0.6,98.3,yes,yes,51.5,26.6,37.1,37.7,F
9170,3.3,91.3,yes,no,57.4,62.6,50.6,64.1,D
9171,7.4,55.2,yes,yes,96.8,100.0,71.2,86.5,B
9172,5.6,58.8,yes,no,67.7,64.0,74.3,66.8,D
9173,0.6,86.0,yes,yes,27.3,54.9,30.2,30.0,F
9174,4.4,60.6,yes,no,65.2,57.8,58.1,57.5,D
9175,3.2,62.4,yes,yes,44.4,55.4,56.7,46.8,E
9176,6.6,92.5,yes,yes,77.5,100.0,82.9,84.7,C
9177,1.4,73.1,yes,no,19.1,37.5,44.9,36.0,F
9178,5.0,69.8,yes,yes,66.9,80.4,51.9,61.3,D
9179,5.8,73.5,yes,no,91.9,86.2,100.0,85.3,B
9180,5.0,62.8,yes,yes,85.4,65.9,90.8,67.7,D
9181,2.6,54.4,yes,no,38.3,35.5,44.2,34.0,F
9182,6.4,98.9,yes,yes,87.4,80.8,100.0,95.7,A
9183,6.5,64.6,yes,yes,74.8,65.3,74.0,73.8,C
9184,3.2,75.6,yes,yes,55.3,46.6,68.2,57.0,D
9185,2.5,52.9,yes,no,58.9,47.7,44.1,47.5,E
9186,5.5,57.5,yes,no,79.9,74.2,81.5,68.2,D
9187,3.3,55.1,no,no,65.9,36.5,27.1,42.0,E
9188,3.1,52.6,yes,yes,53.0,79.7,44.6,54.6,E
9189,3.9,82.5,yes,yes,78.4,50.8,80.3,66.5,D
9190,3.9,50.8,yes,yes,74.3,47.5,53.9,59.5,D
9191,6.7,72.8,yes,no,86.9,86.8,80.6,79.4,C
9192,7.6,83.2,yes,no,87.7,89.1,74.6,92.7,B
9193,5.9,68.2,yes,no,71.3,55.1,78.8,75.2,C
9194,1.2,57.5,yes,no,31.1,27.9,13.8,23.2,F
9195,3.0,61.2,yes,no,55.4,53.0,40.4,49.5,E
9196,1.9,57.7,yes,no,29.3,44.0,35.5,41.8,E
9197,5.5,64.8,yes,yes,56.6,67.1,60.6,67.5,D
9198,5.0,67.8,yes,yes,72.6,67.4,66.9,67.6,D
9199,7.9,69.8,no,no,73.3,100.0,94.2,96.1,A
9200,3.9,61.2,yes,yes,67.1,75.6,51.8,65.2,D
9201,1.3,61.7,yes,yes,21.6,35.2,34.6,27.7,F
9202,5.0,82.0,no,no,72.4,92.5,74.5,81.5,C
9203,3.3,51.2,yes,yes,40.1,44.7,46.2,45.3,E
9204,1.8,72.1,yes,no,41.0,42.5,52.0,39.2,F
9205,3.3,96.5,yes,no,66.9,35.6,59.4,67.3,D
9206,2.3,88.1,yes,no,39.0,77.3,60.8,51.8,E
9207,2.0,66.6,yes,yes,32.8,51.4,43.7,50.9,E
9208,4.1,77.4,no,no,71.4,81.8,77.0,69.9,D
9209,6.6,99.1,yes,yes,100.0,100.0,87.4,100.0,A
9210,7.1,85.8,yes,yes,93.0,94.0,89.1,85.9,B
9211,2.5,79.5,no,no,26.4,40.4,27.9,43.4,E
9212,3.9,78.0,yes,no,71.5,82.4,64.4,69.1,D
9213,6.8,94.7,yes,yes,100.0,100.0,91.4,99.5,A
9214,7.9,59.7,yes,no,87.2,81.4,96.2,92.8,B
9215,6.9,78.9,no,yes,73.1,79.3,78.2,77.4,C
9216,4.2,67.5,yes,no,51.9,58.3,59.2,57.1,D
9217,7.0,73.4,no,no,69.6,71.5,80.8,75.8,C
9218,5.8,52.0,no,no,77.6,54.3,63.5,65.4,D
9219,1.4,89.7,yes,yes,32.7,29.6,54.9,39.1,F
9220,1.1,59.2,yes,yes,34.2,48.9,31.0,42.3,E
9221,7.5,78.1,yes,no,66.1,85.0,86.3,88.8,B
9222,7.4,96.2,yes,no,100.0,100.0,96.6,95.3,A
9223,3.9,62.9,yes,no,51.0,58.5,65.2,59.8,D
9224,5.5,66.4,yes,yes,69.9,77.7,81.9,78.7,C
9225,2.8,70.3,yes,yes,55.6,31.6,39.9,40.8,E
9226,5.8,77.2,yes,yes,68.2,75.0,81.7,80.9,C
9227,3.8,61.5,yes,yes,37.3,52.2,54.4,53.0,E
9228,3.1,86.9,yes,no,37.6,36.8,56.7,53.1,E
9229,3.8,81.5,yes,no,38.9,56.8,54.6,54.4,E
9230,3.9,54.7,yes,yes,51.2,58.4,59.0,59.1,D
9231,7.6,75.5,yes,yes,96.5,82.9,93.9,98.2,A
9232,7.1,68.0,yes,no,82.9,86.0,91.3,87.0,B
9233,2.0,67.5,no,yes,57.2,21.9,57.3,49.3,E
9234,2.6,99.2,yes,no,62.2,54.0,42.9,58.6,D
9235,2.7,70.3,yes,yes,41.5,41.1,50.4,40.2,E
9236,0.6,51.2,yes,no,35.7,42.2,34.0,33.0,F
9237,4.5,67.7,yes,yes,75.2,96.6,69.8,70.2,C
9238,4.1,80.0,no,no,61.2,65.4,72.7,63.5,D
9239,1.4,76.4,yes,no,51.2,38.9,46.7,35.9,F
9240,7.9,53.9,yes,no,73.5,65.0,75.7,80.9,C
9241,6.2,58.4,yes,no,64.4,69.2,82.2,70.9,C
9242,1.9,88.5,yes,no,48.6,53.6,59.9,58.2,D
9243,5.8,50.4,yes,yes,49.2,41.3,47.9,58.3,D
9244,3.1,61.5,yes,no,46.0,76.3,52.0,58.9,D
9245,5.2,99.0,yes,no,76.4,93.4,96.8,88.9,B
9246,4.0,82.8,yes,no,68.3,76.5,71.5,71.1,C
9247,1.5,62.3,yes,yes,41.2,61.0,27.7,44.2,E
9248,4.0,59.7,yes,yes,49.1,40.9,69.1,55.0,E
9249,7.7,70.8,yes,yes,84.2,80.6,100.0,93.4,B
9250,6.1,82.3,no,no,87.5,89.3,82.4,75.3,C
9251,5.2,58.6,yes,yes,74.5,50.3,57.7,60.1,D
9252,6.8,87.4,yes,yes,97.8,98.5,100.0,91.5,B
9253,6.7,52.1,no,no,75.4,76.1,58.9,73.1,C
9254,7.2,59.7,yes,no,100.0,100.0,76.6,89.9,B
9255,1.3,79.5,yes,yes,40.6,53.2,36.9,38.1,F
9256,1.5,85.3,yes,no,24.1,53.9,37.5,38.5,F
9257,6.5,83.6,yes,yes,79.4,73.2,90.7,89.9,B
9258,8.0,63.1,no,yes,83.1,89.8,60.2,82.9,C
9259,4.7,69.3,yes,yes,66.6,71.2,61.6,60.6,D
9260,7.7,51.9,no,no,99.6,86.9,65.6,86.9,B
9261,5.5,50.0,yes,no,70.4,52.0,62.3,58.0,D
9262,1.1,70.8,yes,no,46.1,36.2,16.2,37.4,F
9263,7.4,77.2,yes,yes,97.7,96.6,99.2,87.9,B
9264,6.8,91.1,yes,no,89.6,80.8,97.6,93.3,B
9265,4.5,98.1,yes,yes,79.0,100.0,87.8,83.2,C
9266,6.1,80.0,yes,yes,68.3,54.6,73.6,73.1,C
9267,3.1,90.8,yes,yes,67.0,59.9,74.5,66.6,D
9268,5.1,56.5,no,no,80.1,60.4,83.6,72.6,C
9269,3.6,90.8,yes,yes,90.4,58.9,43.5,58.6,D
9270,4.5,62.7,yes,no,53.3,52.6,39.4,57.7,D
9271,5.3,70.5,yes,no,68.3,87.9,84.0,74.8,C
9272,0.9,51.1,no,yes,38.0,29.4,25.7,31.5,F
9273,1.2,73.4,yes,no,42.4,49.9,44.2,46.8,E
9274,1.1,82.6,yes,yes,62.4,48.3,55.0,49.5,E
9275,5.0,62.6,yes,yes,89.2,71.7,88.5,74.8,C
9276,3.6,90.4,yes,no,81.4,64.5,68.8,62.4,D
9277,4.3,96.3,yes,yes,86.7,68.9,93.7,81.9,C
9278,4.3,78.5,yes,no,72.6,47.2,60.4,56.7,D
9279,0.8,62.2,yes,yes,17.5,19.2,22.5,30.2,F
9280,6.5,85.3,yes,no,95.6,85.5,90.9,82.4,C
9281,5.8,64.7,yes,no,71.4,64.6,43.8,63.2,D
9282,5.7,58.1,yes,no,78.0,77.6,87.9,75.4,C
9283,0.8,64.3,yes,no,25.5,27.6,22.4,27.2,F
9284,5.4,72.0,yes,yes,48.0,80.7,84.7,76.6,C
9285,4.3,61.3,yes,yes,58.4,46.9,48.1,51.1,E
9286,6.2,66.9,yes,no,79.9,83.7,70.6,85.1,B
9287,1.2,69.8,yes,no,41.4,48.5,49.4,44.6,E
9288,6.1,87.7,yes,yes,94.6,84.6,96.7,92.0,B
9289,7.7,92.9,yes,no,100.0,100.0,92.4,100.0,A
9290,6.9,91.2,no,no,77.9,97.1,93.4,85.5,B
9291,7.2,59.7,no,yes,73.2,83.4,84.0,81.3,C
9292,1.1,90.5,yes,yes,32.7,56.7,37.5,42.1,E
9293,4.5,82.0,yes,no,62.9,60.9,66.3,61.9,D
9294,2.3,61.9,yes,no,52.0,51.0,40.5,39.9,F
9295,4.6,68.8,yes,yes,74.6,64.7,68.6,72.7,C
9296,5.8,67.3,yes,no,81.8,81.8,81.0,78.6,C
9297,6.1,71.8,yes,yes,76.1,83.9,75.1,78.1,C
9298,7.9,92.2,yes,yes,92.2,100.0,90.9,96.7,A
9299,7.7,70.6,yes,no,84.0,95.6,77.6,90.4,B
9300,2.4,52.7,yes,yes,46.2,65.8,53.5,50.1,E
9301,7.4,86.9,yes,yes,73.7,95.5,81.6,87.9,B
9302,7.1,89.4,yes,no,100.0,87.9,91.6,87.0,B
9303,5.9,78.6,yes,yes,87.8,86.2,85.6,85.0,C
9304,2.4,73.8,yes,no,51.3,43.0,50.3,49.1,E
9305,1.9,88.6,yes,yes,57.1,50.7,62.6,53.2,E
9306,3.8,51.1,yes,no,45.6,48.3,49.4,49.7,E
9307,0.8,79.2,yes,yes,31.9,31.1,23.0,28.6,F
9308,2.6,97.6,no,no,46.7,51.8,54.5,53.2,E
9309,1.1,89.7,yes,yes,42.3,33.8,52.9,47.4,E
9310,4.4,63.8,yes,yes,58.7,71.3,65.6,58.9,D
9311,5.1,95.9,yes,no,71.1,49.1,66.6,70.4,C
9312,1.3,60.1,yes,no,57.1,33.7,66.9,42.3,E
9313,7.1,77.3,yes,no,82.1,100.0,80.7,91.3,B
9314,1.2,81.2,yes,no,40.1,41.8,46.8,49.7,E
9315,3.5,51.7,yes,yes,46.1,60.5,50.0,50.4,E
9316,4.3,56.4,yes,yes,71.8,64.0,68.8,61.4,D
9317,4.9,77.2,yes,no,75.5,78.0,78.5,72.6,C
9318,2.9,59.0,yes,yes,61.4,34.9,56.4,38.8,F
9319,5.8,71.0,yes,no,68.3,66.4,78.4,69.0,D
9320,3.1,85.3,yes,no,54.0,56.9,50.4,50.2,E
9321,2.4,81.3,yes,no,53.7,53.7,64.4,52.8,E
9322,3.9,93.7,yes,no,69.6,62.3,66.4,66.8,D
9323,1.4,96.1,yes,no,37.0,44.3,33.7,44.6,E
9324,7.7,96.3,yes,yes,100.0,96.8,100.0,99.7,A
9325,4.6,69.6,yes,yes,50.3,49.0,61.7,61.6,D
9326,1.6,56.1,yes,no,48.5,46.0,35.5,45.0,E
9327,6.5,83.4,yes,no,95.9,98.5,100.0,91.5,B
9328,5.9,96.0,yes,yes,93.0,94.9,100.0,95.0,A
9329,3.7,88.5,yes,no,67.2,72.4,80.2,73.8,C
9330,7.9,84.9,no,yes,92.5,100.0,85.4,100.0,A
9331,4.3,90.1,yes,yes,56.4,55.7,80.2,65.8,D
9332,2.1,70.5,yes,yes,44.6,32.2,37.7,51.8,E
9333,6.4,75.1,yes,no,100.0,93.5,100.0,84.0,C
9334,7.5,60.0,yes,no,87.4,90.6,78.1,84.5,C
9335,2.5,83.6,yes,no,55.9,38.4,46.1,58.4,D
9336,0.6,67.4,yes,yes,26.9,32.5,49.4,34.1,F
9337,5.1,63.4,yes,yes,66.4,67.8,48.7,67.9,D
9338,6.0,62.5,yes,no,81.0,70.7,80.3,75.1,C
9339,2.5,75.5,yes,yes,60.9,46.8,48.9,55.6,D
9340,7.7,77.0,yes,yes,100.0,94.6,100.0,95.2,A
9341,1.8,91.3,yes,yes,65.8,48.0,51.0,55.6,D
9342,6.5,95.8,yes,yes,93.4,93.1,96.1,93.6,B
9343,7.1,65.5,yes,yes,68.8,62.1,58.0,75.8,C
9344,1.8,66.6,yes,no,42.1,49.6,46.2,44.5,E
9345,4.3,64.1,yes,yes,77.9,86.1,84.7,70.0,C
9346,0.7,65.1,yes,yes,19.5,26.4,46.6,26.0,F
9347,5.3,86.4,yes,yes,98.4,84.6,92.3,77.4,C
9348,4.6,81.5,yes,yes,61.3,65.9,86.4,68.2,D
9349,6.3,53.9,yes,yes,76.1,86.5,73.1,71.0,C
9350,4.3,78.6,no,no,73.8,64.2,70.2,70.9,C
9351,3.2,92.4,no,yes,64.9,41.1,52.2,57.0,D
9352,1.5,53.0,yes,yes,21.5,27.7,30.9,42.1,E
9353,0.9,95.3,yes,no,54.4,36.0,50.7,44.9,E
9354,4.5,62.8,yes,yes,62.7,68.0,71.7,66.3,D
9355,7.4,66.4,no,no,71.4,76.9,82.8,79.9,C
9356,6.2,70.0,yes,no,94.4,100.0,93.0,84.7,C
9357,3.4,57.1,yes,no,30.6,51.2,37.4,48.7,E
9358,7.9,54.9,no,no,100.0,84.6,81.9,83.6,C
9359,1.9,62.0,yes,yes,36.1,35.4,43.9,34.0,F
9360,8.0,50.3,no,no,89.8,100.0,77.7,91.3,B
9361,2.2,78.9,no,no,44.2,40.0,50.0,56.9,D
9362,1.8,56.7,yes,yes,37.8,46.8,49.3,40.5,E
9363,6.9,54.7,yes,no,92.3,71.3,71.6,80.6,C
9364,4.0,78.2,yes,no,67.5,68.1,64.3,64.9,D
9365,7.2,79.6,yes,yes,93.7,84.7,74.2,88.1,B
9366,6.1,83.0,yes,yes,96.7,87.6,79.0,86.6,B
9367,1.7,75.2,yes,yes,27.7,41.2,61.6,36.2,F
9368,1.4,94.2,yes,yes,31.9,57.1,39.6,48.1,E
9369,3.9,56.2,yes,no,50.0,65.0,65.0,60.0,D
9370,4.7,89.3,yes,no,72.5,74.3,76.8,72.8,C
9371,3.7,70.6,no,yes,63.6,71.0,60.2,66.0,D
9372,2.1,95.2,yes,no,56.3,58.4,63.9,58.9,D
9373,2.1,61.7,yes,yes,43.1,43.6,14.2,38.0,F
9374,4.3,97.4,no,yes,69.5,85.5,92.6,73.8,C
9375,0.6,93.4,no,no,32.3,61.0,36.6,42.9,E
9376,3.8,58.7,yes,yes,40.4,62.0,38.7,50.2,E
9377,0.7,71.7,yes,yes,45.0,53.3,29.7,38.9,F
9378,7.0,62.2,yes,no,96.0,76.8,71.3,85.3,B
9379,5.2,57.1,yes,yes,82.6,77.9,66.6,68.6,D
9380,1.7,69.4,yes,no,37.8,44.9,47.3,42.6,E
9381,6.3,76.8,yes,yes,89.3,79.4,81.2,87.5,B
9382,4.2,70.1,yes,no,63.9,52.9,55.6,59.2,D
9383,4.3,66.6,yes,no,68.4,76.5,79.9,65.5,D
9384,2.4,66.4,yes,yes,55.6,59.8,46.0,50.0,E
9385,3.5,58.1,yes,yes,53.9,35.9,53.2,47.0,E
9386,7.1,61.1,no,no,77.0,83.4,65.7,84.7,C
9387,1.6,76.5,yes,no,30.9,24.1,41.9,37.1,F
9388,5.2,58.0,no,yes,65.6,57.5,60.4,61.3,D
9389,2.1,91.5,no,no,45.1,48.2,54.6,55.0,D
9390,3.8,86.8,yes,no,58.0,64.0,48.1,64.3,D
9391,4.5,99.4,yes,yes,79.7,86.0,81.2,78.2,C
9392,1.4,65.8,yes,no,38.4,35.3,45.3,43.3,E
9393,1.1,59.1,no,no,39.9,26.3,42.4,36.4,F
9394,4.1,53.8,yes,no,41.8,49.0,62.6,48.9,E
9395,3.6,67.5,yes,yes,28.1,51.8,37.5,51.9,E
9396,7.4,96.0,yes,yes,100.0,86.3,99.9,98.7,A
9397,5.7,79.6,no,yes,85.3,91.6,79.1,86.1,B
9398,7.2,97.9,no,yes,100.0,78.4,100.0,87.5,B
9399,7.5,95.7,yes,no,93.5,100.0,95.3,97.3,A
9400,0.6,69.0,yes,yes,25.5,32.1,36.7,24.6,F
9401,7.1,71.9,yes,yes,75.0,91.5,71.4,79.0,C
9402,7.7,65.0,yes,yes,84.3,89.2,88.7,91.4,B
9403,3.9,87.1,yes,no,62.2,82.4,49.9,67.0,D
9404,5.3,78.5,yes,yes,66.0,81.0,83.8,75.8,C
9405,3.1,53.2,yes,yes,40.1,48.3,21.5,38.8,F
9406,1.2,95.9,yes,yes,39.7,49.3,38.6,38.7,F
9407,2.5,89.3,yes,yes,43.1,60.8,61.1,52.8,E
9408,1.1,96.6,yes,yes,60.3,40.4,54.2,51.9,E
9409,4.2,62.5,yes,no,42.4,46.6,28.6,49.7,E
9410,5.4,87.6,yes,yes,72.7,75.2,69.5,72.9,C
9411,0.5,81.7,yes,yes,38.3,22.4,42.4,30.0,F
9412,2.2,56.2,yes,no,54.5,46.3,47.2,41.6,E
9413,1.1,63.0,no,no,17.9,33.7,39.1,41.6,E
9414,7.7,59.6,yes,yes,94.2,91.9,75.3,85.6,B
9415,6.5,57.7,yes,no,81.7,90.9,83.7,79.4,C
9416,0.7,82.5,yes,yes,40.9,57.2,31.8,36.1,F
9417,6.6,93.3,no,yes,94.9,98.2,90.6,99.9,A
9418,6.7,99.4,yes,no,97.9,93.8,88.5,90.9,B
9419,6.5,60.8,yes,yes,77.2,64.3,73.6,66.8,D
9420,7.1,83.7,yes,no,100.0,100.0,90.9,97.4,A
9421,4.0,53.9,yes,yes,70.2,61.9,61.7,61.9,D
9422,2.3,62.0,yes,yes,62.2,40.2,40.6,43.5,E
9423,7.0,92.4,yes,no,97.5,100.0,71.6,83.7,C
9424,6.8,97.1,yes,yes,82.5,98.2,86.2,89.3,B
9425,2.6,98.5,yes,no,67.1,47.2,60.9,60.2,D
9426,4.9,73.2,yes,yes,73.3,58.1,63.7,62.4,D
9427,4.7,86.8,yes,no,75.8,75.6,83.8,72.9,C
9428,4.2,68.5,yes,yes,67.7,65.0,63.6,61.4,D
9429,5.1,85.1,yes,no,50.1,48.8,55.3,65.6,D
9430,1.1,57.6,yes,yes,23.4,22.2,30.3,24.1,F
9431,3.9,56.1,yes,yes,48.9,67.8,45.7,51.8,E
9432,2.6,99.2,yes,yes,56.8,75.7,57.5,66.6,D
9433,0.5,65.6,yes,no,40.6,39.2,47.7,31.1,F
9434,4.4,94.9,yes,no,64.4,55.7,79.8,76.5,C
9435,3.2,51.1,yes,no,48.4,20.4,37.3,39.3,F
9436,3.7,91.6,yes,no,61.0,61.3,57.3,62.6,D
9437,1.3,96.8,yes,no,69.0,49.0,66.7,57.7,D
9438,4.3,50.8,yes,yes,63.3,54.8,74.2,59.5,D
9439,2.5,69.5,yes,yes,57.0,50.0,66.2,55.7,D
9440,0.5,90.4,yes,yes,42.0,43.8,51.7,42.5,E
9441,6.4,50.2,yes,no,61.0,60.9,70.0,65.7,D
9442,5.2,65.2,no,yes,75.4,88.5,58.1,73.3,C
9443,4.5,62.9,yes,no,40.9,37.0,57.4,61.6,D
9444,5.2,56.7,yes,yes,58.5,66.4,67.4,61.7,D
9445,2.9,54.4,yes,yes,56.8,48.3,46.0,50.6,E
9446,1.4,62.4,no,yes,36.7,41.1,30.1,37.7,F
9447,3.2,60.0,yes,no,56.4,51.4,45.3,47.6,E
9448,6.4,98.7,no,yes,79.7,79.8,75.9,87.7,B
9449,5.1,51.1,yes,yes,45.2,54.1,37.0,55.3,D
9450,6.4,56.5,yes,no,70.3,74.7,67.4,69.1,D
9451,7.3,90.4,yes,yes,86.0,85.5,97.1,92.0,B
9452,2.4,88.1,no,yes,67.1,67.6,62.6,61.4,D
9453,7.4,73.4,yes,no,89.1,100.0,100.0,93.9,B
9454,5.5,69.3,yes,yes,69.7,53.4,76.5,67.7,D
9455,4.7,67.3,yes,yes,50.3,65.0,78.8,74.4,C
9456,4.3,98.7,yes,yes,77.0,56.4,89.5,80.3,C
9457,4.0,93.4,yes,no,72.3,88.6,54.2,75.4,C
9458,1.1,63.1,yes,no,12.6,22.7,12.6,30.1,F
9459,0.9,73.1,yes,yes,35.8,52.2,37.4,33.6,F
9460,3.0,87.3,yes,no,64.0,62.1,79.0,65.3,D
9461,2.0,91.2,no,yes,37.0,65.9,28.2,45.4,E
9462,1.1,56.1,yes,yes,47.2,32.7,17.7,34.4,F
9463,0.7,97.8,yes,yes,34.0,31.8,51.3,44.0,E
9464,7.8,91.0,yes,no,100.0,100.0,100.0,100.0,A
9465,2.1,75.2,no,no,50.6,46.9,53.5,51.7,E
9466,7.9,75.0,no,yes,100.0,92.7,90.7,95.7,A
9467,4.6,75.4,yes,no,80.3,85.3,65.7,74.7,C
9468,1.9,90.8,yes,yes,39.5,66.5,54.0,59.0,D
9469,1.6,77.3,no,no,42.3,55.2,51.0,52.6,E
9470,2.0,90.6,yes,yes,36.6,41.7,30.5,45.0,E
9471,3.2,93.2,yes,yes,86.3,59.6,48.4,62.9,D
9472,2.0,85.1,yes,no,64.5,60.4,50.0,54.2,E
9473,6.7,52.3,yes,no,88.8,91.2,91.3,74.0,C
9474,3.3,72.4,yes,yes,49.0,71.3,49.0,60.3,D
9475,4.5,62.8,yes,no,61.8,45.7,61.4,59.8,D
9476,4.3,52.2,yes,yes,40.5,57.2,45.5,47.8,E
9477,5.4,82.4,yes,no,92.5,71.6,65.8,76.7,C
9478,8.0,75.6,yes,no,90.5,84.2,81.9,85.5,B
9479,3.8,53.1,yes,yes,56.0,68.1,58.3,58.3,D
9480,2.9,81.1,yes,yes,40.1,47.6,49.4,46.6,E
9481,7.8,59.5,yes,yes,100.0,100.0,90.2,94.8,B
9482,8.0,96.9,yes,no,100.0,94.6,100.0,97.0,A
9483,6.4,84.9,no,no,85.0,71.7,82.9,88.2,B
9484,6.5,50.2,yes,yes,71.4,72.9,67.9,78.9,C
9485,3.6,93.6,yes,yes,80.9,56.3,93.5,74.3,C
9486,4.5,53.3,yes,no,56.3,60.9,57.2,56.7,D
9487,3.1,50.6,yes,yes,30.1,32.2,27.4,36.7,F
9488,5.1,69.8,no,no,72.9,67.4,84.2,70.7,C
9489,6.7,57.8,yes,no,84.9,74.7,61.1,77.5,C
9490,3.3,90.9,yes,yes,56.1,64.8,58.8,56.0,D
9491,4.5,97.2,yes,yes,76.6,74.7,52.7,70.0,D
9492,6.3,89.2,yes,yes,84.4,61.5,71.0,93.2,B
9493,2.1,68.4,yes,no,59.7,21.3,38.6,44.9,E
9494,5.1,64.6,yes,yes,56.2,74.9,50.3,64.6,D
9495,6.3,67.1,no,yes,88.4,85.6,100.0,82.8,C
9496,0.9,54.3,yes,no,30.4,29.5,25.7,31.6,F
9497,2.4,95.2,no,yes,43.2,52.9,48.3,52.6,E
9498,0.7,62.2,yes,yes,29.3,34.3,32.0,32.9,F
9499,0.5,62.5,yes,yes,43.8,26.7,26.6,26.3,F
9500,4.1,85.8,yes,yes,63.1,80.0,73.5,72.8,C
9501,5.8,80.9,yes,yes,70.6,69.5,88.4,80.2,C
9502,3.4,97.9,yes,yes,48.1,53.4,66.5,56.8,D
9503,5.2,99.1,yes,no,86.9,76.3,75.4,77.0,C
9504,1.9,70.9,yes,no,49.8,49.6,50.6,47.9,E
9505,6.8,96.0,yes,yes,85.3,87.4,100.0,89.3,B
9506,3.2,97.8,yes,no,56.2,57.3,57.0,59.1,D
9507,5.8,92.8,yes,no,85.1,94.7,85.4,89.5,B
9508,1.5,96.6,yes,no,58.3,70.5,54.6,60.2,D
9509,6.6,80.0,no,yes,65.1,78.2,67.2,75.8,C
9510,4.4,55.7,yes,yes,36.0,37.0,53.1,49.7,E
9511,7.8,93.0,yes,yes,95.1,88.4,100.0,92.8,B
9512,3.5,65.4,no,yes,40.1,29.9,42.4,46.3,E
9513,7.0,96.3,no,no,91.5,93.2,93.6,87.3,B
9514,3.6,76.0,yes,no,51.1,47.0,59.8,49.5,E
9515,1.3,74.5,no,no,47.0,45.4,49.5,35.3,F
9516,5.7,91.6,yes,no,79.8,81.4,86.4,78.2,C
9517,1.9,69.4,yes,no,48.1,46.8,45.7,42.2,E
9518,6.5,55.3,yes,no,63.5,56.1,64.4,69.1,D
9519,3.0,89.2,yes,yes,38.6,46.0,48.3,55.5,D
9520,6.2,64.5,yes,no,63.9,63.9,68.5,66.5,D
9521,4.1,92.3,yes,yes,72.8,73.1,82.8,78.1,C
9522,4.5,95.8,yes,no,56.9,63.6,49.9,66.7,D
9523,6.0,69.6,yes,yes,78.7,60.2,77.6,70.3,C
9524,5.5,83.5,yes,no,69.4,78.1,61.4,72.7,C
9525,5.5,50.9,yes,no,74.7,69.4,79.8,71.3,C
9526,5.4,89.7,yes,no,66.9,88.4,76.6,78.4,C
9527,4.9,73.0,no,no,67.1,50.8,69.6,65.2,D
9528,6.6,63.2,yes,no,83.9,88.9,83.0,74.3,C
9529,2.8,93.8,yes,no,80.1,58.9,65.1,60.2,D
9530,1.9,70.5,yes,yes,21.6,27.0,29.9,35.5,F
9531,6.0,91.2,yes,no,95.8,90.2,100.0,92.9,B
9532,4.5,71.0,yes,yes,48.2,53.8,60.3,62.4,D
9533,7.3,97.5,no,no,82.2,91.8,86.9,94.5,B
9534,7.7,83.5,yes,yes,100.0,100.0,100.0,97.9,A
9535,7.0,83.4,yes,no,88.2,80.8,76.3,84.1,C
9536,4.6,56.2,yes,yes,69.0,62.5,48.5,61.4,D
9537,6.2,87.4,yes,yes,88.8,86.3,83.7,90.2,B
9538,3.0,76.0,yes,yes,70.9,56.7,59.1,59.1,D
9539,0.6,85.9,yes,yes,46.6,34.9,32.0,39.0,F
9540,6.4,93.4,yes,yes,85.0,73.2,82.6,85.8,B
9541,6.4,85.2,yes,no,94.2,100.0,65.1,87.1,B
9542,0.6,75.0,yes,no,36.4,43.3,52.6,39.9,F
9543,7.0,92.6,yes,no,99.5,100.0,89.4,88.6,B
9544,7.1,86.9,no,no,86.8,90.6,76.4,84.2,C
9545,2.9,88.2,yes,no,59.1,43.7,74.7,61.5,D
9546,0.6,95.6,yes,yes,29.2,40.1,22.2,36.4,F
9547,7.1,56.9,yes,yes,74.8,76.7,67.2,76.9,C
9548,1.0,75.0,yes,no,35.2,29.6,26.9,32.1,F
9549,2.2,56.2,yes,yes,39.2,36.0,32.1,39.2,F
9550,4.6,87.5,yes,no,81.1,87.1,69.2,74.0,C
9551,6.6,71.6,yes,no,77.1,69.0,86.3,80.3,C
9552,6.4,86.0,yes,yes,83.7,75.5,87.5,78.3,C
9553,5.6,56.1,yes,yes,34.6,63.1,68.5,58.3,D
9554,6.7,81.0,yes,yes,78.5,74.7,95.1,81.2,C
9555,5.6,55.6,yes,yes,57.8,63.0,53.9,61.2,D
9556,5.3,67.7,yes,no,54.6,85.4,78.8,74.5,C
9557,1.8,76.8,no,yes,50.6,47.0,33.6,40.8,E
9558,3.8,84.6,yes,yes,61.1,42.1,53.9,61.4,D
9559,3.9,75.1,yes,no,63.9,51.4,44.0,59.1,D
9560,0.6,86.5,yes,yes,39.4,34.6,58.9,43.5,E
9561,3.5,58.7,yes,yes,59.3,57.6,64.0,51.3,E
9562,2.2,82.1,yes,yes,45.4,39.4,67.4,44.4,E
9563,1.2,69.3,yes,no,37.1,31.3,39.1,30.9,F
9564,4.6,57.7,yes,yes,57.6,50.5,60.7,56.1,D
9565,2.3,92.7,yes,yes,58.9,52.6,49.5,54.1,E
9566,1.9,98.8,yes,no,53.0,69.9,63.6,52.0,E
9567,6.4,62.0,yes,yes,81.6,100.0,82.1,77.7,C
9568,6.6,57.9,yes,no,81.1,83.0,67.7,80.3,C
9569,5.5,88.2,yes,no,68.7,74.2,85.5,84.3,C
9570,1.9,99.5,yes,yes,38.4,55.2,39.6,52.9,E
9571,5.2,70.9,yes,yes,64.1,84.4,72.8,69.1,D
9572,5.8,89.5,yes,yes,100.0,93.8,100.0,91.3,B
9573,2.2,57.4,yes,yes,42.9,26.3,39.8,43.0,E
9574,1.5,61.4,yes,no,25.2,36.9,31.2,38.6,F
9575,3.8,57.0,yes,no,51.9,41.6,74.4,54.8,E
9576,3.7,83.3,yes,no,49.6,44.5,57.0,54.0,E
9577,1.6,79.4,yes,yes,34.4,35.3,42.6,36.6,F
9578,1.9,83.1,yes,no,51.2,35.5,47.6,44.0,E
9579,4.2,58.4,no,yes,68.8,68.4,73.7,63.6,D
9580,4.5,54.1,yes,yes,67.2,66.4,64.3,56.8,D
9581,4.5,76.7,yes,yes,67.6,57.4,68.2,70.2,C
9582,7.9,76.5,yes,no,91.1,96.9,70.9,87.2,B
9583,0.8,71.1,no,no,44.5,43.1,29.1,34.6,F
9584,6.4,84.1,yes,no,90.5,92.0,92.3,91.2,B
9585,3.1,70.9,yes,yes,42.6,65.7,73.5,62.5,D
9586,6.1,92.8,yes,yes,73.4,82.7,92.4,76.6,C
9587,6.0,88.9,yes,no,97.8,90.7,78.1,80.3,C
9588,5.1,66.8,yes,no,66.7,46.9,83.2,63.7,D
9589,5.2,94.7,yes,no,78.6,87.2,83.6,78.1,C
9590,5.5,74.6,yes,yes,73.0,90.2,81.7,79.0,C
9591,6.1,73.2,yes,no,64.2,71.4,72.3,69.1,D
9592,1.5,86.0,no,yes,56.4,63.6,63.2,55.1,D
9593,3.2,97.8,yes,yes,79.9,52.0,73.0,71.8,C
9594,6.8,51.7,yes,yes,52.0,75.1,67.5,66.5,D
9595,4.6,58.8,yes,yes,46.6,45.1,67.0,57.1,D
9596,1.5,90.3,yes,no,51.3,58.2,60.3,48.3,E
9597,7.7,72.1,yes,no,92.7,100.0,92.6,91.9,B
9598,7.9,92.9,yes,yes,81.3,100.0,99.8,100.0,A
9599,4.3,67.6,yes,no,57.5,77.3,53.8,61.5,D
9600,4.5,98.8,yes,no,94.5,79.2,78.4,81.5,C
9601,2.7,60.8,yes,no,54.3,66.1,66.8,54.8,E
9602,4.4,97.4,yes,yes,63.3,70.0,73.2,72.2,C
9603,7.8,89.5,yes,yes,98.0,100.0,100.0,99.6,A
9604,2.4,98.7,yes,no,78.8,71.0,59.6,66.0,D
9605,2.8,58.1,yes,no,56.7,27.6,54.8,51.5,E
9606,7.2,67.7,no,yes,72.4,88.3,86.1,79.9,C
9607,3.4,59.9,yes,no,46.8,26.6,59.0,41.9,E
9608,7.8,91.5,yes,yes,96.6,100.0,81.1,100.0,A
9609,3.1,63.4,yes,yes,36.2,56.7,58.7,48.4,E
9610,0.5,76.3,yes,no,34.5,23.7,26.5,24.9,F
9611,7.7,59.7,yes,no,80.7,93.5,76.8,75.8,C
9612,2.3,85.4,yes,yes,51.6,63.1,41.9,60.7,D
9613,5.7,87.2,yes,no,81.4,63.4,57.9,72.3,C
9614,0.9,55.8,yes,yes,13.6,38.7,41.4,35.9,F
9615,6.1,84.3,no,no,87.1,100.0,100.0,87.3,B
9616,2.2,58.3,yes,no,64.0,47.0,44.8,42.2,E
9617,6.5,97.7,yes,no,100.0,78.0,100.0,97.1,A
9618,7.7,94.0,yes,yes,96.9,100.0,71.9,100.0,A
9619,0.8,60.1,yes,yes,57.4,35.7,14.6,30.9,F
9620,3.3,67.0,yes,yes,50.2,45.8,27.1,44.4,E
9621,5.9,79.8,yes,no,70.0,46.2,82.9,72.1,C
9622,8.0,90.3,yes,yes,100.0,92.2,100.0,100.0,A
9623,3.2,97.2,yes,yes,63.8,73.4,68.5,68.3,D
9624,8.0,71.0,no,no,100.0,100.0,100.0,96.1,A
9625,7.2,74.4,no,no,88.0,82.0,88.7,91.1,B
9626,5.9,57.8,no,yes,74.4,63.5,84.7,71.5,C
9627,3.4,67.5,no,no,55.9,49.6,74.7,58.3,D
9628,4.5,99.6,yes,no,58.7,81.1,58.0,75.2,C
9629,5.9,96.9,yes,no,78.1,90.1,91.7,84.1,C
9630,5.6,70.7,yes,yes,62.9,69.8,71.0,63.8,D
9631,2.7,61.2,yes,no,50.6,46.9,40.1,51.3,E
9632,4.7,78.6,no,yes,75.0,60.2,51.9,66.5,D
9633,6.8,71.2,yes,yes,96.8,96.6,89.9,90.8,B
9634,4.1,87.6,yes,no,61.1,78.7,67.7,64.6,D
9635,4.7,81.5,no,yes,66.3,72.9,77.2,70.3,C
9636,3.0,83.0,yes,yes,65.7,67.9,77.4,63.6,D
9637,1.7,68.7,yes,no,47.0,41.3,50.6,49.6,E
9638,1.0,80.9,yes,no,42.7,36.0,49.3,47.1,E
9639,3.5,84.5,yes,no,59.9,73.7,92.2,67.7,D
9640,5.2,82.4,yes,no,66.0,65.4,72.8,69.4,D
9641,6.2,84.8,yes,no,80.2,74.8,69.3,74.7,C
9642,1.1,94.5,yes,yes,33.4,51.6,50.5,43.2,E
9643,2.9,63.4,yes,yes,47.9,47.8,38.2,42.7,E
9644,6.6,57.8,yes,no,100.0,76.9,78.1,82.5,C
9645,1.3,51.7,yes,yes,35.6,47.9,30.3,40.5,E
9646,7.9,85.0,yes,no,86.4,98.5,92.0,88.7,B
9647,5.2,66.8,yes,no,68.3,86.9,86.9,72.5,C
9648,7.6,75.3,yes,yes,98.7,92.7,100.0,95.2,A
9649,6.0,53.7,yes,no,57.9,59.3,68.2,60.8,D
9650,7.7,96.3,yes,yes,97.8,90.8,100.0,100.0,A
9651,5.5,79.4,yes,no,70.2,93.6,100.0,85.4,B
9652,2.5,56.2,yes,yes,34.9,46.5,30.2,37.3,F
9653,6.5,70.3,yes,yes,67.3,80.2,73.2,78.9,C
9654,2.2,65.6,yes,no,32.4,55.9,43.8,39.8,F
9655,4.7,93.3,yes,yes,91.6,83.6,80.2,79.7,C
9656,3.3,93.8,yes,yes,59.1,60.3,60.3,67.7,D
9657,6.5,89.5,no,yes,83.7,89.1,89.9,87.4,B
9658,6.2,69.4,yes,yes,80.8,73.2,54.2,74.9,C
9659,7.0,97.2,yes,no,97.3,100.0,100.0,100.0,A
9660,2.4,63.8,yes,yes,42.6,62.8,29.0,36.8,F
9661,8.0,83.1,yes,no,100.0,100.0,80.4,100.0,A
9662,6.5,76.2,yes,no,85.3,92.5,91.3,80.8,C
9663,3.4,71.9,yes,no,44.9,44.1,58.8,57.4,D
9664,1.5,59.4,yes,no,47.5,51.9,43.1,37.7,F
9665,3.1,62.0,yes,yes,52.3,63.4,74.4,55.7,D
9666,1.3,91.1,yes,no,20.8,53.8,49.6,39.4,F
9667,5.1,83.4,yes,no,56.5,51.2,81.2,68.0,D
9668,1.3,96.6,yes,no,47.3,42.5,53.6,49.5,E
9669,3.7,84.1,no,no,73.2,73.5,88.7,66.4,D
9670,5.5,53.0,no,yes,54.8,42.7,63.7,58.5,D
9671,3.9,55.8,yes,no,51.5,64.4,35.5,48.9,E
9672,7.1,86.2,yes,yes,83.6,94.5,72.8,88.1,B
9673,2.3,62.5,yes,yes,67.9,51.2,58.4,49.4,E
9674,4.4,62.4,yes,yes,50.8,49.3,49.3,57.8,D
9675,7.3,70.3,yes,no,100.0,88.7,97.4,95.2,A
9676,3.1,87.3,yes,no,56.0,45.3,62.9,56.3,D
9677,4.0,81.9,yes,no,61.6,55.4,54.5,57.6,D
9678,7.5,59.7,yes,no,50.5,85.0,65.0,75.9,C
9679,4.2,94.8,yes,no,91.5,72.2,64.7,75.6,C
9680,7.0,98.6,yes,yes,89.6,100.0,96.4,99.3,A
9681,7.6,89.6,yes,no,100.0,86.5,100.0,100.0,A
9682,2.4,59.7,yes,no,34.4,22.9,28.8,40.9,E
9683,6.4,89.7,yes,no,70.9,96.2,100.0,84.4,C
9684,5.4,76.1,no,no,72.8,57.2,69.5,63.8,D
9685,7.9,51.4,yes,no,75.8,79.7,85.5,81.2,C
9686,4.9,83.4,no,no,62.9,55.4,63.7,64.0,D
9687,6.4,98.8,yes,no,89.5,95.2,93.9,92.5,B
9688,3.1,71.6,yes,no,26.8,62.0,49.2,45.0,E
9689,5.0,53.2,yes,yes,56.9,61.3,70.8,69.0,D
9690,6.3,61.5,no,yes,54.9,59.8,89.6,75.5,C
9691,7.8,77.9,yes,yes,90.7,88.3,100.0,100.0,A
9692,2.4,89.6,yes,no,72.3,57.1,59.3,56.6,D
9693,1.1,59.3,yes,yes,46.9,23.0,28.2,34.8,F
9694,7.8,61.0,yes,yes,100.0,83.3,83.5,92.0,B
9695,5.0,96.1,yes,no,80.5,49.6,71.1,70.6,C
9696,0.6,94.1,yes,yes,38.4,38.1,33.4,35.2,F
9697,4.4,95.8,yes,yes,96.6,89.2,88.3,81.7,C
9698,7.5,58.8,no,yes,71.7,67.7,94.3,76.5,C
9699,7.9,96.6,yes,yes,100.0,93.1,100.0,100.0,A
9700,2.9,67.0,yes,yes,43.0,44.1,35.9,42.2,E
9701,6.4,75.8,yes,no,84.4,89.6,72.1,84.2,C
9702,3.9,72.8,yes,yes,67.0,67.2,65.7,66.5,D
9703,3.5,98.9,no,yes,86.0,73.2,75.4,72.2,C
9704,6.2,63.1,yes,no,100.0,76.8,71.2,80.5,C
9705,2.5,97.9,yes,no,43.8,62.8,56.8,56.4,D
9706,3.7,98.0,yes,no,87.3,81.9,90.3,77.3,C
9707,2.3,95.9,yes,no,54.9,48.8,53.5,57.5,D
9708,1.6,67.9,no,no,33.7,30.2,32.7,34.0,F
9709,3.3,68.8,yes,yes,62.7,67.8,70.4,62.1,D
9710,7.7,60.2,yes,no,100.0,97.9,100.0,92.4,B
9711,3.6,73.8,yes,no,47.3,50.5,68.2,60.7,D
9712,5.6,62.4,yes,no,54.6,67.6,54.1,68.1,D
9713,2.6,81.4,yes,yes,60.7,55.9,74.9,60.0,D
9714,7.0,93.4,yes,yes,84.4,80.2,92.8,99.0,A
9715,5.2,97.5,no,no,83.0,96.6,76.7,81.1,C
9716,7.6,71.9,yes,yes,94.5,80.8,71.7,84.4,C
9717,2.9,71.6,no,no,60.6,48.3,51.6,56.3,D
9718,4.5,75.7,yes,no,76.8,72.4,76.3,72.9,C
9719,1.9,95.6,yes,no,38.8,42.5,35.8,47.1,E
9720,1.5,53.9,yes,no,42.9,39.7,25.0,26.3,F
9721,4.9,65.3,yes,no,83.5,82.0,55.2,70.6,C
9722,6.5,59.9,yes,yes,96.5,82.9,89.3,83.2,C
9723,2.0,88.8,yes,no,53.5,56.7,43.5,47.6,E
9724,5.8,68.9,yes,no,66.0,76.0,78.3,75.8,C
9725,5.5,98.2,yes,yes,62.7,58.8,70.1,75.6,C
9726,4.1,99.0,no,yes,90.0,78.1,80.1,78.0,C
9727,6.3,94.0,yes,no,89.3,88.5,86.4,94.2,B
9728,5.0,75.4,yes,no,49.5,56.2,52.4,63.5,D
9729,7.6,96.5,yes,no,75.5,100.0,100.0,100.0,A
9730,6.2,68.8,yes,no,85.5,95.6,87.8,74.9,C
9731,7.1,69.6,yes,yes,96.3,77.3,68.0,85.1,B
9732,3.2,73.6,yes,no,85.5,65.6,52.3,63.2,D
9733,6.6,84.9,yes,no,96.2,94.8,100.0,94.0,B
9734,7.9,53.2,yes,yes,84.1,100.0,83.5,83.1,C
9735,1.7,76.8,no,no,30.9,46.7,52.7,51.1,E
9736,4.3,98.3,yes,yes,79.6,86.1,90.2,69.0,D
9737,7.0,53.4,yes,yes,68.3,51.8,66.4,70.2,C
9738,3.5,54.3,yes,no,46.9,41.0,37.6,47.3,E
9739,4.3,97.2,yes,no,65.0,81.7,64.6,73.2,C
9740,6.1,91.6,yes,no,85.7,65.2,97.4,86.5,B
9741,6.7,50.0,yes,yes,70.5,64.4,49.7,67.2,D
9742,2.0,72.6,yes,yes,41.0,30.6,34.3,44.5,E
9743,3.4,65.5,yes,no,33.0,33.3,42.5,47.1,E
9744,3.5,58.4,yes,yes,56.9,65.8,33.1,48.7,E
9745,1.6,52.6,yes,no,40.3,45.6,26.4,35.6,F
9746,1.2,62.5,no,yes,29.0,33.5,43.2,31.8,F
9747,6.1,82.6,yes,no,86.2,84.7,61.8,72.0,C
9748,6.9,65.2,yes,no,82.4,89.7,66.1,84.8,C
9749,7.6,65.4,yes,no,89.0,96.7,86.6,87.0,B
9750,7.7,63.1,yes,yes,57.4,82.4,57.6,79.5,C
9751,8.0,54.9,yes,no,69.5,73.6,90.1,77.6,C
9752,1.1,79.7,yes,yes,42.5,31.2,32.9,38.4,F
9753,3.5,86.6,yes,yes,68.6,69.1,65.5,71.4,C
9754,1.1,99.0,yes,no,51.6,29.3,43.9,45.7,E
9755,5.6,61.3,yes,yes,57.2,80.0,86.2,78.9,C
9756,7.8,58.1,yes,no,96.4,100.0,84.5,90.1,B
9757,0.8,85.4,yes,yes,48.5,41.5,26.0,50.0,E
9758,4.4,66.2,yes,no,82.6,67.6,59.7,68.8,D
9759,4.5,75.4,yes,no,71.2,51.0,78.7,72.4,C
9760,1.7,85.4,yes,no,47.3,42.1,28.9,41.3,E
9761,6.8,71.0,no,no,84.9,100.0,73.9,79.1,C
9762,3.5,68.6,yes,yes,68.5,60.8,58.9,59.0,D
9763,3.7,72.0,yes,yes,58.3,64.9,46.5,55.0,D
9764,7.7,72.8,yes,no,92.6,87.5,95.8,92.4,B
9765,2.4,50.0,yes,yes,29.2,37.1,23.7,31.1,F
9766,3.4,59.4,yes,no,61.5,44.5,66.8,50.8,E
9767,6.3,80.5,no,no,84.4,89.6,97.4,87.5,B
9768,4.1,50.9,yes,yes,52.9,41.6,57.6,58.6,D
9769,5.0,63.8,yes,yes,70.8,74.4,78.3,63.2,D
9770,4.1,72.0,yes,yes,77.5,71.1,68.6,66.1,D
9771,2.6,72.1,yes,no,66.5,58.0,53.8,50.8,E
9772,1.7,52.4,yes,yes,48.0,27.1,36.9,31.4,F
9773,6.9,93.8,yes,no,85.9,88.8,86.2,84.0,C
9774,2.6,54.5,yes,no,40.2,48.3,40.5,33.7,F
9775,8.0,93.8,yes,yes,100.0,87.1,97.2,94.6,B
9776,0.6,99.5,yes,no,60.9,58.1,53.8,50.5,E
9777,7.1,58.9,yes,yes,88.9,72.4,90.2,72.6,C
9778,7.6,53.5,no,yes,91.4,97.2,96.9,81.6,C
9779,0.9,56.1,yes,yes,14.0,14.3,9.9,21.6,F
9780,5.2,92.6,yes,no,80.5,77.4,82.2,82.7,C
9781,6.4,98.6,yes,no,66.3,92.0,80.7,82.2,C
9782,5.1,79.6,yes,no,72.9,73.5,56.7,75.1,C
9783,7.1,97.4,yes,no,93.5,100.0,100.0,99.1,A
9784,1.5,88.5,yes,yes,34.4,48.6,31.3,41.0,E
9785,7.6,78.4,yes,no,84.4,88.7,95.5,86.6,B
9786,4.6,95.7,yes,no,76.0,67.2,69.1,84.4,C
9787,3.1,73.4,yes,yes,34.7,53.2,43.9,46.5,E
9788,4.4,70.6,yes,yes,79.9,63.1,66.2,69.6,D
9789,3.0,86.0,yes,no,56.5,47.6,70.5,62.5,D
9790,3.9,87.4,yes,no,57.8,77.8,61.5,60.4,D
9791,1.7,67.7,yes,yes,60.5,59.8,56.4,48.2,E
9792,6.8,73.8,yes,no,67.8,63.3,76.6,75.3,C
9793,3.4,60.8,yes,no,60.3,29.2,46.7,52.6,E
9794,4.0,56.0,yes,no,34.9,45.2,39.1,47.6,E
9795,7.3,67.6,yes,yes,87.8,100.0,94.5,86.5,B
9796,7.3,74.6,yes,yes,96.1,79.9,79.6,89.7,B
9797,6.4,57.9,yes,no,58.5,59.9,62.8,64.4,D
9798,0.7,58.2,yes,yes,45.2,23.9,22.9,34.8,F
9799,7.3,56.2,no,no,79.8,77.8,75.2,74.5,C
9800,1.9,93.8,yes,yes,48.4,43.8,50.0,44.9,E
9801,3.8,84.7,yes,yes,80.9,61.9,67.5,69.7,D
9802,7.3,57.3,yes,yes,83.2,59.7,55.7,74.6,C
9803,1.2,83.1,yes,no,52.2,54.7,60.2,52.3,E
9804,1.5,74.3,yes,no,34.8,58.4,45.3,49.8,E
9805,4.8,78.3,yes,no,80.7,55.7,80.6,61.5,D
9806,4.0,91.4,yes,no,64.4,76.0,74.0,69.6,D
9807,3.4,73.8,yes,no,35.4,58.1,68.0,58.7,D
9808,6.6,64.4,yes,no,86.8,90.3,49.6,70.2,C
9809,7.2,89.0,yes,yes,100.0,100.0,93.9,100.0,A
9810,7.9,58.0,yes,no,83.0,87.0,88.7,82.6,C
9811,1.4,96.2,yes,yes,40.5,41.9,40.8,41.1,E
9812,5.6,97.1,yes,yes,100.0,93.9,77.0,92.8,B
9813,7.0,67.2,yes,no,99.4,77.1,65.4,77.0,C
9814,2.3,88.6,yes,yes,47.4,50.1,51.6,51.2,E
9815,4.1,96.1,yes,yes,63.3,53.6,70.3,71.4,C
9816,0.6,96.0,yes,yes,36.3,55.9,18.4,38.5,F
9817,1.5,55.7,yes,no,27.7,29.7,57.3,41.5,E
9818,1.4,58.4,yes,no,33.7,48.4,35.0,35.1,F
9819,5.8,74.5,no,no,90.5,66.7,86.9,77.9,C
9820,5.2,77.6,no,yes,78.4,72.2,89.2,76.5,C
9821,0.8,67.2,yes,no,46.7,43.2,35.3,42.2,E
9822,5.0,53.8,yes,yes,76.7,67.6,68.1,66.6,D
9823,1.0,71.5,yes,yes,27.6,15.1,25.6,30.4,F
9824,2.0,64.1,yes,no,35.3,55.2,54.9,46.8,E
9825,7.3,72.4,yes,yes,86.8,82.9,97.1,88.6,B
9826,3.9,63.7,no,no,63.3,70.3,57.6,64.6,D
9827,6.4,71.8,yes,no,97.1,100.0,81.6,88.9,B
9828,2.9,79.4,yes,no,71.4,63.4,53.9,63.8,D
9829,1.3,68.0,no,yes,19.9,42.5,46.3,40.3,E
9830,7.2,60.5,yes,yes,70.7,75.0,82.4,86.3,B
9831,1.7,69.8,yes,no,51.1,39.9,27.4,39.6,F
9832,3.1,63.0,yes,yes,44.9,44.7,60.8,56.6,D
9833,5.8,53.2,no,no,68.5,56.4,46.4,58.2,D
9834,4.9,81.7,yes,yes,46.0,75.0,62.4,71.6,C
9835,7.5,81.7,yes,yes,100.0,87.5,97.6,100.0,A
9836,7.9,65.9,yes,no,99.1,89.4,100.0,98.5,A
9837,1.6,98.0,yes,yes,70.7,65.4,61.3,59.1,D
9838,2.2,89.5,yes,no,45.6,41.2,47.9,43.7,E
9839,5.3,95.1,yes,yes,99.3,81.5,73.9,84.0,C
9840,1.6,73.5,yes,no,59.1,57.7,53.0,44.2,E
9841,4.6,76.2,yes,yes,56.4,45.7,56.0,57.4,D
9842,3.3,84.6,no,no,41.5,42.6,63.0,56.1,D
9843,7.2,79.4,yes,yes,63.5,83.4,75.8,80.6,C
9844,7.4,83.4,yes,yes,83.9,100.0,76.0,93.3,B
9845,2.4,71.6,yes,no,42.4,56.7,65.7,51.1,E
9846,1.2,56.6,yes,yes,51.9,35.6,23.7,36.4,F
9847,7.9,90.6,yes,yes,86.3,94.3,83.5,91.5,B
9848,1.6,69.4,yes,no,44.5,36.5,49.1,40.7,E
9849,1.8,80.4,yes,no,29.6,56.4,52.8,44.4,E
9850,2.4,68.5,yes,no,43.8,38.5,52.3,46.9,E
9851,3.1,74.1,yes,no,61.8,57.8,38.8,61.2,D
9852,1.6,81.9,no,no,54.3,70.0,47.6,54.5,E
9853,2.9,78.9,no,no,33.0,47.0,42.5,45.8,E
9854,0.7,57.0,yes,yes,30.6,31.3,15.9,23.8,F
9855,6.5,61.8,no,yes,93.5,75.7,75.9,85.2,B
9856,2.5,58.7,yes,no,43.4,39.3,56.5,46.1,E
9857,6.6,78.8,no,yes,67.4,88.8,98.2,88.6,B
9858,5.4,69.7,yes,yes,75.8,71.1,61.1,69.4,D
9859,4.1,62.3,yes,yes,53.1,46.9,51.3,50.2,E
9860,7.8,52.2,yes,yes,94.7,66.6,69.1,81.0,C
9861,3.4,88.4,yes,yes,43.1,57.0,65.5,53.6,E
9862,1.8,52.7,yes,yes,45.9,29.3,19.9,28.2,F
9863,4.8,69.0,yes,no,62.0,77.5,58.2,67.2,D
9864,1.6,72.8,yes,yes,64.2,24.7,57.5,41.7,E
9865,2.6,72.7,yes,no,39.9,36.0,52.3,47.1,E
9866,7.3,56.9,no,yes,87.5,76.2,65.7,83.4,C
9867,7.2,85.5,yes,yes,76.4,71.9,90.3,94.0,B
9868,4.0,61.4,yes,no,58.3,65.6,58.3,60.6,D
9869,4.1,81.5,yes,no,61.1,56.6,44.1,62.9,D
9870,4.8,68.9,no,no,74.1,64.3,53.6,70.0,C
9871,1.1,76.1,no,yes,41.7,45.2,43.3,45.3,E
9872,2.4,72.6,yes,no,55.4,45.0,66.7,57.2,D
9873,4.8,97.8,no,no,80.9,65.4,82.1,69.7,D
9874,2.9,67.3,yes,yes,47.9,63.2,75.1,54.7,E
9875,2.1,57.6,yes,yes,28.0,15.0,34.5,32.2,F
9876,5.4,68.0,yes,yes,72.7,59.7,65.4,68.5,D
9877,4.7,75.0,yes,yes,67.6,70.2,72.2,66.7,D
9878,3.0,53.3,yes,yes,35.1,54.2,39.9,36.6,F
9879,7.5,95.9,yes,no,97.7,100.0,88.8,97.0,A
9880,6.3,59.9,no,yes,56.2,70.5,73.0,69.8,D
9881,5.0,96.5,yes,yes,94.6,91.6,76.6,75.0,C
9882,2.1,70.2,yes,no,40.6,37.0,63.9,45.9,E
9883,5.4,77.8,yes,yes,68.7,88.1,73.7,77.9,C
9884,5.7,84.2,yes,yes,89.1,92.0,85.2,86.8,B
9885,4.9,53.2,yes,yes,53.4,74.3,52.3,65.1,D
9886,5.3,70.7,yes,yes,72.3,96.7,59.0,76.2,C
9887,1.7,64.1,no,no,56.6,37.6,42.0,44.4,E
9888,3.0,58.4,yes,yes,39.5,35.8,54.0,39.2,F
9889,7.2,83.4,yes,no,80.8,87.0,84.9,88.2,B
9890,1.5,58.3,yes,no,24.9,48.0,35.3,36.5,F
9891,4.9,79.1,yes,yes,72.3,54.5,76.7,68.9,D
9892,7.2,69.5,yes,no,82.8,100.0,100.0,91.9,B
9893,0.6,98.8,yes,no,35.2,22.2,40.3,44.8,E
9894,7.8,95.3,yes,no,95.1,95.8,94.7,91.7,B
9895,7.1,50.4,yes,no,78.8,59.8,67.3,70.3,C
9896,5.9,90.5,no,yes,81.9,86.2,78.2,89.3,B
9897,5.8,58.4,yes,no,61.7,72.5,64.7,77.1,C
9898,7.0,73.5,no,yes,91.6,97.5,100.0,95.3,A
9899,1.8,90.6,yes,yes,62.1,57.5,65.1,56.0,D
9900,5.7,64.4,yes,no,80.2,90.3,61.3,76.8,C
9901,3.1,86.7,yes,yes,49.4,43.7,60.6,56.3,D
9902,7.1,62.0,yes,no,89.1,85.9,97.8,85.4,B
9903,4.5,93.6,yes,no,65.5,74.7,81.1,72.6,C
9904,6.2,72.0,yes,no,73.0,80.2,76.9,84.0,C
9905,1.8,60.0,yes,no,43.4,29.5,31.6,29.0,F
9906,2.3,52.7,yes,no,53.5,39.1,43.4,41.8,E
9907,6.8,80.3,yes,yes,73.2,97.8,74.6,82.4,C
9908,3.5,84.1,yes,no,68.9,71.5,77.4,63.8,D
9909,4.5,84.0,yes,no,63.7,82.8,82.7,77.4,C
9910,5.9,74.9,yes,no,94.2,100.0,100.0,79.8,C
9911,1.8,70.1,yes,no,49.3,41.1,34.3,42.9,E
9912,2.8,81.0,yes,no,53.2,58.7,52.6,51.1,E
9913,2.9,51.7,yes,no,39.0,45.6,63.6,52.5,E
9914,7.4,62.0,yes,no,86.9,75.5,54.8,76.1,C
9915,1.5,62.8,yes,no,34.2,27.6,33.8,30.9,F
9916,3.3,88.9,yes,yes,75.3,70.8,51.2,70.2,C
9917,7.7,72.1,no,yes,100.0,100.0,77.9,95.4,A
9918,6.8,52.3,yes,yes,71.4,65.0,61.0,65.4,D
9919,5.5,94.8,yes,no,67.9,83.7,89.8,80.4,C
9920,4.6,69.3,yes,no,81.4,63.7,66.5,70.1,C
9921,6.8,53.8,yes,yes,77.5,73.7,76.0,85.2,B
9922,7.6,70.9,yes,no,91.9,93.2,98.4,95.1,A
9923,7.4,97.5,yes,no,92.6,88.4,100.0,96.0,A
9924,5.3,90.1,yes,yes,71.7,95.0,89.8,85.0,C
9925,6.0,79.7,yes,no,79.0,89.5,70.1,86.8,B
9926,6.3,88.0,yes,yes,69.2,76.9,83.6,80.2,C
9927,6.6,75.8,yes,yes,81.2,93.2,100.0,91.7,B
9928,6.0,90.2,yes,yes,80.2,81.0,82.2,81.3,C
9929,1.8,92.0,yes,no,54.2,34.2,51.3,46.2,E
9930,6.2,66.9,yes,no,100.0,82.6,98.1,85.1,B
9931,3.4,72.3,yes,yes,65.6,58.4,49.4,60.1,D
9932,2.0,61.3,yes,yes,64.3,55.2,46.2,47.5,E
9933,1.3,84.3,yes,no,31.2,27.2,32.2,43.0,E
9934,2.3,56.9,no,no,60.5,38.5,39.6,42.9,E
9935,4.3,73.6,yes,yes,70.1,84.2,63.3,73.3,C
9936,2.4,98.3,yes,no,84.3,58.5,62.6,62.1,D
9937,5.5,73.3,yes,no,71.1,89.4,97.4,80.8,C
9938,7.7,53.4,yes,yes,100.0,95.7,88.6,91.4,B
9939,0.8,50.9,yes,no,16.7,36.6,30.2,28.7,F
9940,1.5,97.5,yes,yes,49.4,58.1,75.7,60.7,D
9941,2.4,85.4,yes,no,81.8,45.0,52.1,59.5,D
9942,6.5,85.5,yes,no,73.7,80.6,78.3,82.2,C
9943,2.5,68.5,yes,yes,50.9,53.4,47.9,48.4,E
9944,1.9,75.1,yes,no,33.5,56.6,41.2,45.3,E
9945,1.6,77.9,yes,yes,41.8,32.7,54.7,41.5,E
9946,1.6,88.4,yes,no,69.0,45.4,38.7,48.7,E
9947,5.9,75.5,yes,no,86.2,79.6,80.8,83.4,C
9948,5.8,65.3,yes,no,69.2,91.0,86.3,74.5,C
9949,2.8,76.6,yes,yes,57.3,59.9,62.8,61.2,D
9950,3.9,84.1,yes,no,65.6,69.8,59.4,66.8,D
9951,5.2,52.9,yes,yes,61.2,62.7,56.0,60.7,D
9952,7.8,73.7,no,no,100.0,74.7,100.0,96.9,A
9953,6.1,67.2,yes,yes,77.9,72.8,54.0,69.9,D
9954,6.5,94.8,no,yes,84.6,89.5,100.0,90.9,B
9955,7.8,69.4,yes,no,100.0,86.1,97.1,96.6,A
9956,3.4,81.4,yes,no,50.8,89.1,72.7,67.6,D
9957,1.0,72.8,yes,yes,32.7,45.6,27.8,30.7,F
9958,6.1,90.7,yes,no,85.2,95.8,91.5,92.7,B
9959,1.4,96.5,yes,no,50.6,53.8,54.5,52.3,E
9960,3.8,54.2,yes,yes,51.3,61.3,50.2,46.1,E
9961,6.0,51.0,yes,no,72.4,69.9,75.1,58.7,D
9962,4.7,85.2,yes,no,66.3,66.1,74.2,69.0,D
9963,3.3,81.6,yes,yes,61.1,59.0,61.9,57.6,D
9964,4.4,77.7,yes,yes,63.3,67.9,59.3,61.3,D
9965,2.3,71.5,yes,yes,19.4,30.3,44.9,37.1,F
9966,1.1,87.5,yes,no,45.6,68.5,39.3,43.0,E
9967,3.6,85.2,yes,no,91.9,79.8,76.2,71.5,C
9968,0.9,70.8,yes,no,53.9,39.9,45.3,44.4,E
9969,7.8,66.2,yes,yes,84.7,100.0,77.4,88.7,B
9970,3.9,98.1,yes,no,74.4,73.7,85.4,78.5,C
9971,7.1,70.3,yes,no,71.1,87.3,68.6,76.7,C
9972,7.6,60.5,no,yes,98.5,87.2,100.0,92.0,B
9973,3.9,98.0,yes,no,72.3,67.0,76.0,71.6,C
9974,3.7,85.3,yes,yes,40.4,59.6,60.2,55.1,D
9975,7.2,77.9,yes,no,86.9,81.5,63.4,80.0,C
9976,0.8,88.4,yes,no,37.9,32.9,51.8,32.3,F
9977,4.2,61.1,yes,no,54.6,57.0,43.9,54.6,E
9978,2.5,77.9,yes,yes,54.2,61.5,30.2,52.0,E
9979,6.1,63.7,yes,no,71.4,92.5,81.6,79.8,C
9980,6.8,93.1,yes,no,100.0,100.0,73.8,93.6,B
9981,5.2,56.8,yes,no,49.7,76.1,65.6,64.3,D
9982,3.6,60.9,no,no,47.5,45.6,45.0,48.0,E
9983,4.7,62.2,yes,no,64.8,58.2,46.4,64.6,D
9984,4.8,71.9,yes,no,72.8,85.8,73.1,76.7,C
9985,5.3,56.7,no,no,74.5,71.6,75.7,73.9,C
9986,7.4,77.2,yes,yes,78.1,80.3,100.0,87.9,B
9987,2.4,86.6,no,yes,48.0,41.0,45.3,53.6,E
9988,2.0,50.4,yes,no,24.8,32.5,45.7,34.5,F
9989,1.9,94.4,no,yes,52.5,39.3,63.8,54.3,E
9990,5.7,92.6,yes,yes,95.1,87.4,77.0,80.9,C
9991,7.3,52.5,yes,yes,79.1,61.8,66.8,73.8,C
9992,3.0,53.4,yes,no,26.8,48.1,28.8,39.4,F
9993,3.7,78.7,yes,no,65.1,81.3,69.4,67.7,D
9994,7.8,65.7,yes,no,88.4,87.0,82.9,88.7,B
9995,1.6,74.5,yes,no,28.5,15.4,33.0,35.2,F
9996,7.1,78.4,yes,yes,84.6,100.0,93.6,89.1,B
9997,7.7,81.9,yes,no,100.0,98.5,100.0,98.0,A
9998,6.5,86.6,yes,no,63.2,88.6,81.6,80.1,C
9999,3.0,92.9,yes,no,75.2,58.3,62.3,70.9,C
10000,5.4,80.3,yes,no,50.4,84.2,59.6,68.5,D
10001,2.7,55.3,yes,no,47.1,22.3,31.7,44.1,E
10002,1.4,56.8,yes,yes,15.9,9.5,37.3,24.5,F
10003,1.3,80.7,yes,no,55.5,62.9,48.1,49.1,E
10004,0.6,85.4,yes,yes,50.9,20.1,41.4,31.3,F
10005,7.8,87.7,yes,yes,99.5,100.0,100.0,100.0,A
10006,5.4,75.9,yes,yes,82.9,75.8,57.1,69.6,D
10007,2.9,80.0,yes,no,62.3,63.1,74.0,55.4,D
10008,4.8,98.7,yes,no,87.9,95.9,92.4,83.3,C
10009,5.1,67.4,yes,yes,66.4,66.2,85.0,76.9,C
10010,1.9,60.7,yes,no,44.0,50.7,40.7,32.9,F
10011,2.7,98.4,yes,no,72.0,66.6,77.4,67.8,D
10012,4.6,95.9,no,no,59.1,77.3,70.5,69.5,D
10013,6.8,50.4,yes,no,56.6,84.3,55.1,65.7,D
10014,1.5,70.1,yes,no,41.4,48.3,47.9,46.9,E
10015,6.9,86.7,yes,yes,77.4,100.0,70.3,86.1,B
10016,5.1,58.9,yes,no,69.4,50.8,61.2,70.8,C
10017,4.2,51.6,yes,no,67.8,80.8,51.5,62.1,D
10018,1.6,51.8,yes,yes,33.7,31.6,30.5,36.0,F
10019,4.6,78.2,yes,no,67.3,53.1,60.9,65.1,D
10020,3.2,61.5,yes,yes,30.6,71.7,23.9,43.1,E
10021,1.9,62.9,yes,no,44.3,21.2,26.3,33.9,F
10022,7.1,50.8,yes,yes,88.5,70.0,80.0,79.7,C
10023,4.0,86.3,yes,no,87.3,76.7,51.1,66.4,D
10024,1.1,92.2,yes,yes,38.7,58.6,43.1,49.1,E
10025,2.8,86.7,yes,yes,37.0,46.4,51.9,48.5,E
10026,1.9,56.8,yes,no,20.0,20.8,13.9,33.1,F
10027,7.5,97.9,no,no,100.0,90.2,87.3,92.9,B
10028,2.3,98.1,yes,yes,52.1,63.1,66.7,66.1,D
10029,4.3,63.0,yes,no,50.2,43.1,65.0,54.6,E
10030,6.1,99.2,yes,no,63.7,74.1,95.1,79.5,C
10031,1.7,72.2,yes,yes,35.3,47.4,40.0,34.5,F
10032,3.8,52.1,yes,no,54.0,58.5,69.2,51.7,E
10033,5.4,78.8,yes,no,69.8,73.2,85.9,65.2,D
10034,7.1,76.3,no,yes,81.8,78.2,87.5,82.8,C
10035,5.4,92.9,yes,yes,70.6,72.5,75.5,82.0,C
10036,1.1,67.8,yes,yes,32.9,44.6,25.4,27.8,F
10037,2.9,88.3,no,yes,59.0,51.7,58.5,58.4,D
10038,3.1,89.3,yes,yes,66.8,54.1,72.4,66.3,D
10039,3.4,51.7,yes,yes,44.5,56.7,36.6,53.3,E
10040,7.6,83.7,yes,no,92.3,88.1,85.3,88.3,B
10041,0.8,74.0,yes,yes,38.1,23.0,32.7,29.7,F
10042,2.8,60.1,yes,yes,45.2,42.7,57.1,53.6,E
10043,4.2,70.8,yes,yes,53.0,55.1,66.5,66.5,D
10044,1.1,92.9,yes,yes,51.1,47.4,32.2,43.6,E
10045,4.1,84.5,yes,no,54.9,64.2,72.5,72.9,C
10046,1.3,81.4,yes,no,24.2,48.2,24.9,34.2,F
10047,6.8,54.1,yes,yes,62.2,79.3,58.5,69.8,D
10048,2.5,83.3,yes,yes,47.1,57.8,73.5,55.7,D
10049,4.4,87.9,yes,no,79.6,73.3,53.6,72.3,C
10050,5.1,97.5,yes,yes,94.1,97.8,83.2,82.5,C
10051,2.8,89.9,yes,yes,72.5,76.8,69.9,62.5,D
10052,3.1,54.0,yes,yes,34.4,58.0,53.3,43.8,E
10053,4.3,97.2,yes,yes,83.3,79.5,70.8,68.4,D
10054,6.5,89.6,yes,yes,77.5,87.6,89.5,90.3,B
10055,3.9,50.2,no,no,63.0,80.9,71.9,60.6,D
10056,4.2,85.6,yes,no,68.3,67.8,66.6,66.5,D
10057,5.0,65.2,yes,yes,72.5,58.1,69.1,57.4,D
10058,3.7,80.3,yes,yes,72.2,63.4,79.5,67.2,D
10059,5.9,64.1,no,no,88.0,64.5,69.2,71.1,C
10060,0.5,86.5,no,no,24.1,34.3,45.5,32.8,F
10061,4.1,59.3,yes,yes,56.8,41.0,35.3,48.2,E
10062,7.4,91.7,yes,yes,100.0,95.1,100.0,100.0,A
10063,5.1,53.6,yes,no,76.6,84.8,52.2,71.2,C
10064,4.1,51.2,yes,no,49.9,64.4,69.2,58.1,D
10065,6.3,56.6,yes,no,66.8,75.3,93.5,69.5,D
10066,3.4,69.2,yes,no,64.7,44.0,60.4,58.4,D
10067,4.0,82.8,yes,yes,69.9,86.4,64.7,62.1,D
10068,2.0,74.0,yes,yes,29.7,32.2,56.1,39.2,F
10069,1.4,73.8,yes,yes,35.6,45.9,46.1,47.0,E
10070,0.7,93.3,yes,yes,60.6,48.9,22.8,47.8,E
10071,6.0,78.0,no,no,96.5,90.2,89.4,86.6,B
10072,4.0,75.4,yes,no,82.6,71.0,60.8,69.7,D
10073,7.5,71.0,no,no,100.0,89.4,92.6,93.9,B
10074,1.8,98.9,yes,no,59.1,49.6,46.7,57.5,D
10075,2.3,62.1,yes,no,18.7,29.3,49.7,34.2,F
10076,5.3,57.8,yes,no,72.9,32.3,63.3,58.4,D
10077,0.9,74.6,yes,yes,30.9,48.2,28.5,32.3,F
10078,4.3,83.9,yes,no,76.8,84.6,65.5,59.5,D
10079,1.4,51.1,yes,yes,17.6,44.4,25.2,25.8,F
10080,1.7,92.8,yes,yes,53.7,52.6,59.6,44.0,E
10081,4.3,64.2,yes,yes,59.5,77.6,75.0,69.9,D
10082,4.8,82.3,yes,yes,92.3,80.8,91.8,77.3,C
10083,2.1,58.7,no,yes,16.0,34.4,25.6,31.4,F
10084,2.5,93.6,yes,yes,49.3,45.8,50.8,48.6,E
10085,2.6,67.9,yes,yes,51.5,47.0,63.3,52.5,E
10086,1.6,59.3,yes,yes,24.9,9.9,33.7,31.4,F
10087,7.7,51.0,yes,no,90.0,90.5,67.6,90.1,B
10088,5.7,65.4,yes,yes,73.6,79.6,78.5,81.0,C
10089,1.3,69.0,yes,no,39.3,43.8,32.4,42.2,E
10090,3.2,51.8,yes,yes,44.1,48.2,55.0,42.6,E
10091,1.8,77.8,yes,no,43.7,54.9,59.4,52.3,E
10092,2.3,72.7,no,no,42.6,45.9,53.7,43.6,E
10093,7.5,74.7,yes,no,97.6,84.5,82.2,90.5,B
10094,1.5,56.7,yes,no,17.0,26.8,17.2,25.9,F
10095,7.1,69.2,no,yes,85.4,87.9,71.5,84.5,C
10096,6.8,98.4,yes,yes,78.5,83.4,86.2,89.3,B
10097,6.1,67.9,yes,no,97.7,78.6,80.5,81.4,C
10098,4.2,89.6,yes,yes,75.9,53.3,81.6,71.8,C
10099,2.4,56.2,yes,no,28.0,61.9,38.5,41.3,E
10100,6.7,56.1,yes,yes,97.5,66.6,69.6,79.1,C
10101,6.8,99.9,yes,no,94.2,98.3,100.0,90.6,B
10102,4.4,82.4,no,yes,51.5,67.0,50.6,60.3,D
10103,0.9,83.2,yes,yes,62.2,29.8,49.5,37.8,F
10104,1.9,71.3,yes,yes,44.2,55.5,72.1,45.8,E
10105,0.9,88.1,yes,no,19.4,40.7,30.7,35.5,F
10106,1.8,96.4,yes,yes,65.4,41.3,27.5,53.0,E
10107,4.3,54.1,yes,yes,64.6,57.8,63.6,61.6,D
10108,6.9,58.6,yes,yes,100.0,82.9,91.4,87.2,B
10109,5.4,93.3,yes,no,78.6,82.8,76.9,77.3,C
10110,5.0,54.0,yes,no,55.4,69.0,71.7,62.4,D
10111,6.1,68.0,no,yes,61.0,67.3,72.5,72.9,C
10112,5.3,54.2,yes,no,58.4,71.6,56.1,66.1,D
10113,3.8,70.4,yes,yes,43.0,47.7,40.8,49.9,E
10114,6.6,72.4,yes,yes,56.7,75.6,68.5,72.9,C
10115,2.8,59.0,yes,no,39.8,53.1,44.9,47.5,E
10116,7.5,54.1,yes,no,76.8,86.1,73.8,78.6,C
10117,1.4,70.9,yes,yes,35.0,33.4,37.3,38.0,F
10118,5.3,75.7,yes,no,40.3,57.7,61.0,72.4,C
10119,4.3,86.9,yes,no,56.8,66.4,85.8,68.0,D
10120,3.7,86.3,yes,yes,55.4,58.1,52.5,57.1,D
10121,3.7,53.5,yes,yes,52.7,39.6,49.3,59.6,D
10122,0.8,71.9,yes,yes,33.9,25.6,31.5,28.8,F
10123,6.1,92.2,yes,no,76.9,76.0,77.3,82.7,C
10124,3.1,79.8,yes,no,54.4,48.6,52.0,55.6,D
10125,4.1,92.7,yes,no,77.7,64.8,76.2,73.9,C
10126,6.9,97.5,yes,yes,96.0,91.9,87.7,86.3,B
10127,4.8,66.7,yes,yes,60.6,47.2,47.6,60.0,D
10128,6.9,56.6,yes,yes,67.3,90.3,91.4,84.7,C
10129,1.5,54.2,yes,yes,50.6,46.7,35.6,36.8,F
10130,2.6,56.3,yes,yes,43.7,47.0,28.3,33.8,F
10131,2.2,84.1,yes,no,45.6,58.0,71.1,55.9,D
10132,7.1,56.0,yes,yes,79.0,89.1,81.6,76.4,C
10133,6.4,97.6,yes,no,86.6,92.7,85.5,96.0,A
10134,6.8,82.9,yes,no,74.4,79.3,73.9,79.7,C
10135,4.8,97.8,yes,yes,82.2,83.7,70.0,75.1,C
10136,2.2,78.2,yes,yes,50.4,49.4,57.6,48.4,E
10137,3.3,60.1,yes,yes,61.7,51.4,51.6,58.4,D
10138,4.6,58.4,no,yes,73.5,58.0,63.2,69.1,D
10139,0.6,88.4,yes,yes,52.7,46.4,28.0,38.7,F
10140,5.3,50.0,yes,no,69.7,64.5,70.6,63.1,D
10141,6.9,93.8,no,yes,91.3,91.2,88.5,91.1,B
10142,2.9,51.5,yes,yes,35.5,44.2,28.5,38.8,F
10143,5.6,80.2,no,no,72.3,63.6,54.1,73.9,C
10144,4.1,69.4,yes,no,64.0,71.3,64.1,67.3,D
10145,0.5,80.6,yes,yes,44.4,42.8,35.5,43.6,E
10146,2.6,89.1,yes,no,49.8,52.2,59.3,62.9,D
10147,4.5,55.6,no,no,48.5,43.4,59.6,48.3,E
10148,5.9,97.3,yes,no,95.7,96.3,98.2,83.2,C
10149,3.5,79.8,yes,no,63.8,57.7,53.9,63.5,D
10150,1.9,69.1,yes,yes,51.9,54.9,42.5,52.4,E
10151,1.0,99.0,yes,no,21.1,46.5,38.4,38.3,F
10152,5.9,90.6,yes,no,60.1,69.1,80.4,74.2,C
10153,3.2,58.1,yes,no,29.1,63.2,50.4,42.1,E
10154,5.4,54.4,yes,yes,70.3,83.0,90.1,73.8,C
10155,2.2,96.1,yes,no,50.2,49.6,55.5,54.3,E
10156,6.2,79.2,yes,yes,73.1,79.3,76.8,78.2,C
10157,3.1,73.2,yes,yes,53.2,4.6,47.8,52.8,E
10158,0.9,53.9,no,no,32.6,24.9,12.3,21.1,F
10159,4.3,77.1,yes,yes,78.4,97.2,76.4,72.1,C
10160,6.0,63.6,yes,no,89.6,74.5,94.1,73.1,C
10161,7.5,59.7,yes,yes,67.5,78.6,84.3,83.6,C
10162,7.8,69.6,yes,yes,98.5,100.0,100.0,96.3,A
10163,3.9,51.8,yes,yes,42.7,28.2,58.2,45.5,E
10164,5.1,79.9,yes,no,74.3,80.7,46.2,68.1,D
10165,4.7,81.1,yes,no,58.8,64.1,72.7,66.0,D
10166,4.5,84.7,no,no,66.5,57.3,45.1,65.2,D
10167,1.4,51.1,yes,no,23.8,21.9,35.8,28.5,F
10168,5.5,58.8,no,no,76.9,76.6,67.4,72.7,C
10169,7.7,88.6,yes,yes,100.0,100.0,100.0,100.0,A
10170,1.5,78.7,yes,yes,15.2,34.9,27.4,35.4,F
10171,2.8,50.5,yes,yes,29.3,40.3,39.2,33.4,F
10172,1.1,86.5,yes,yes,54.8,42.3,59.6,37.7,F
10173,3.5,70.8,yes,no,74.0,51.9,89.0,64.2,D
10174,4.1,63.2,no,no,58.5,60.6,44.5,52.8,E
10175,3.2,87.7,yes,no,58.4,71.0,66.3,67.0,D
10176,4.1,68.0,yes,yes,44.4,50.1,62.2,51.9,E
10177,6.5,72.7,yes,yes,76.1,86.4,76.6,74.8,C
10178,2.1,93.0,yes,no,51.1,51.8,47.5,52.4,E
10179,6.2,57.5,yes,no,63.5,81.6,85.0,75.1,C
10180,6.4,78.3,yes,yes,77.1,68.5,77.9,82.0,C
10181,4.9,55.2,yes,yes,79.5,68.8,59.4,55.4,D
10182,2.9,98.9,yes,yes,59.7,70.9,62.8,55.6,D
10183,7.5,65.6,yes,yes,67.0,70.2,85.0,82.5,C
10184,3.2,95.5,yes,yes,84.2,55.9,59.9,67.4,D
10185,0.9,68.4,yes,yes,19.7,27.6,25.9,25.7,F
10186,1.5,92.3,yes,yes,77.2,75.5,65.6,58.8,D
10187,7.2,88.2,yes,no,96.1,97.6,84.1,86.7,B
10188,1.6,61.6,yes,no,11.4,40.9,43.8,40.6,E
10189,3.9,82.3,yes,yes,46.7,68.4,73.9,67.6,D
10190,5.7,61.7,yes,yes,72.2,64.1,81.4,72.4,C
10191,4.8,50.9,yes,no,61.8,64.0,56.5,57.3,D
10192,5.4,65.0,yes,no,72.4,56.5,58.9,66.3,D
10193,3.1,85.5,yes,no,60.0,64.1,53.9,49.9,E
10194,5.5,58.9,yes,no,63.9,69.9,62.7,65.7,D
10195,0.6,81.4,yes,no,18.4,18.9,22.2,33.2,F
10196,2.5,88.2,yes,yes,49.8,57.1,39.2,53.7,E
10197,1.4,65.5,yes,yes,21.5,40.7,44.7,40.8,E
10198,3.9,55.1,no,no,46.7,36.4,36.5,50.2,E
10199,1.6,79.8,yes,no,57.4,40.9,59.3,45.3,E
10200,4.6,56.6,yes,no,83.6,76.6,62.7,68.5,D
10201,1.9,50.1,yes,no,23.2,32.6,11.6,28.1,F
10202,3.6,56.5,yes,yes,62.4,58.9,74.2,58.4,D
10203,1.1,63.3,no,no,15.6,28.0,28.0,29.6,F
10204,3.8,83.9,yes,no,72.8,52.3,65.2,63.4,D
10205,6.6,66.6,yes,yes,65.3,70.8,63.6,73.1,C
10206,2.9,95.9,yes,yes,51.6,60.0,67.5,55.8,D
10207,5.8,87.1,yes,no,80.2,70.0,71.5,73.6,C
10208,3.7,99.4,no,yes,62.2,75.2,46.4,66.6,D
10209,2.3,83.3,yes,no,49.2,34.2,41.7,44.5,E
10210,2.8,51.1,yes,no,39.0,43.7,48.9,42.6,E
10211,2.8,57.4,yes,yes,56.8,54.9,44.7,52.6,E
10212,6.1,63.5,yes,yes,81.5,91.3,67.1,81.6,C
10213,2.0,85.2,yes,no,69.6,64.3,55.6,58.3,D
10214,7.8,82.3,no,yes,87.1,86.9,100.0,94.8,B
10215,5.7,60.3,yes,no,68.1,70.3,74.7,60.6,D
10216,3.5,84.9,yes,no,61.8,57.8,75.0,62.2,D
10217,8.0,64.0,yes,no,92.7,82.2,98.9,88.5,B
10218,2.1,83.4,yes,no,52.7,57.0,58.2,59.9,D
10219,6.2,65.5,yes,no,90.7,75.7,69.7,75.2,C
10220,2.5,60.5,yes,no,53.8,61.1,51.5,48.7,E
10221,4.6,74.7,yes,yes,63.6,81.1,84.4,76.3,C
10222,0.9,99.0,yes,yes,59.6,62.0,38.2,50.6,E
10223,6.8,82.3,yes,no,100.0,100.0,92.5,94.6,B
10224,3.2,67.6,yes,no,52.3,73.5,76.0,62.0,D
10225,4.9,75.9,yes,yes,66.8,74.7,83.6,76.4,C
10226,7.5,71.9,yes,yes,100.0,67.0,100.0,93.4,B
10227,0.7,51.6,yes,no,17.2,40.1,0.0,23.7,F
10228,7.8,83.7,yes,no,100.0,100.0,100.0,98.8,A
10229,4.4,60.3,yes,yes,71.6,80.6,70.3,69.2,D
10230,6.4,76.7,yes,yes,74.0,54.0,66.6,78.5,C
10231,4.0,53.5,yes,no,48.7,62.6,52.2,48.2,E
10232,6.6,89.5,yes,no,100.0,100.0,100.0,94.0,B
10233,7.1,50.9,yes,yes,72.9,88.5,65.7,68.5,D
10234,3.4,66.1,no,no,48.0,46.0,62.8,57.7,D
10235,5.9,69.2,no,yes,73.5,57.0,72.9,77.2,C
10236,8.0,88.6,yes,no,100.0,90.3,100.0,100.0,A
10237,6.2,98.7,yes,no,100.0,87.8,67.4,86.8,B
10238,7.7,59.6,yes,no,83.8,83.1,68.4,76.5,C
10239,6.0,57.0,yes,yes,97.1,67.7,65.5,73.0,C
10240,3.0,81.1,yes,yes,49.7,59.6,49.6,51.9,E
10241,6.7,60.9,no,yes,85.3,74.4,67.7,78.0,C
10242,5.5,51.2,yes,yes,70.8,66.1,74.9,67.6,D
10243,0.7,61.6,yes,yes,43.7,24.0,37.1,24.7,F
10244,1.8,61.7,yes,yes,32.3,18.4,36.6,31.8,F
10245,2.5,77.6,yes,yes,58.1,42.9,50.1,46.6,E
10246,6.1,72.5,yes,yes,79.7,79.6,82.0,80.5,C
10247,6.5,66.7,yes,yes,76.4,77.6,95.3,83.2,C
10248,6.7,64.5,no,yes,88.3,64.5,58.7,70.7,C
10249,1.0,63.4,no,yes,27.7,31.1,7.1,29.0,F
10250,1.0,93.1,yes,yes,56.0,37.3,41.3,54.1,E
10251,2.7,73.0,yes,yes,35.0,54.7,37.9,44.0,E
10252,5.6,92.7,no,yes,99.7,100.0,91.6,90.1,B
10253,6.8,99.8,no,no,71.9,81.6,92.3,84.5,C
10254,7.0,74.8,yes,no,74.7,91.5,84.9,86.9,B
10255,2.1,96.4,yes,no,74.3,69.5,54.3,62.4,D
10256,6.3,58.7,no,yes,83.5,93.8,81.6,82.8,C
10257,5.3,65.5,yes,yes,63.9,67.4,76.9,67.5,D
10258,7.5,82.9,yes,no,88.7,100.0,98.0,100.0,A
10259,6.3,61.9,yes,yes,90.2,91.4,79.2,84.7,C
10260,4.5,79.6,yes,no,71.4,56.6,72.6,62.5,D
10261,6.4,94.9,yes,yes,84.7,71.1,99.8,80.2,C
10262,2.8,98.7,yes,yes,48.5,55.3,68.4,66.0,D
10263,6.4,76.7,yes,yes,91.9,65.5,72.1,80.3,C
10264,6.4,86.8,no,yes,92.9,86.0,81.2,89.4,B
10265,6.9,80.2,yes,yes,73.2,79.5,94.1,77.8,C
10266,2.3,71.0,yes,no,40.4,31.5,46.5,39.1,F
10267,6.9,67.8,yes,no,72.9,77.4,87.9,83.6,C
10268,1.8,80.7,yes,no,48.5,31.3,47.3,42.3,E
10269,6.3,67.3,yes,no,73.6,84.3,71.7,75.7,C
10270,7.5,87.5,yes,no,100.0,96.2,100.0,94.0,B
10271,0.8,56.3,yes,no,36.1,36.6,42.4,31.6,F
10272,5.2,85.9,yes,no,78.7,72.2,77.5,75.7,C
10273,5.4,75.6,yes,no,85.3,76.1,75.3,79.4,C
10274,6.6,54.1,no,yes,74.6,66.2,64.1,66.0,D
10275,1.3,92.0,yes,yes,27.0,25.2,38.5,39.0,F
10276,7.3,77.5,yes,yes,100.0,90.4,100.0,90.3,B
10277,8.0,86.7,yes,no,82.3,97.0,100.0,100.0,A
10278,5.5,56.2,yes,no,71.9,59.3,75.9,73.2,C
10279,3.7,57.8,yes,yes,61.9,42.5,51.6,47.8,E
10280,5.3,93.9,yes,yes,87.6,81.0,85.9,85.3,B
10281,0.9,73.3,yes,no,31.0,25.6,7.9,33.5,F
10282,6.1,64.8,yes,yes,71.3,89.5,69.4,76.0,C
10283,1.0,75.9,no,no,19.1,40.6,28.3,30.1,F
10284,2.9,68.6,yes,no,65.5,45.6,48.7,47.7,E
10285,1.5,98.7,no,no,45.1,63.5,40.9,59.9,D
10286,5.9,59.8,no,no,62.0,70.5,85.4,73.8,C
10287,5.0,76.5,yes,no,50.3,66.7,56.9,67.2,D
10288,5.7,66.6,yes,yes,85.6,76.9,75.3,69.6,D
10289,1.0,58.3,yes,yes,19.7,12.1,19.0,22.2,F
10290,3.3,84.1,yes,yes,61.5,50.1,59.0,54.8,E
10291,3.5,56.8,yes,no,60.5,54.9,38.8,54.2,E
10292,5.0,63.7,yes,no,64.6,48.6,53.2,59.0,D
10293,1.3,74.4,yes,yes,33.6,35.3,45.0,32.1,F
10294,5.4,71.2,yes,no,74.8,84.3,67.2,72.8,C
10295,3.5,95.5,yes,no,78.8,73.2,51.7,65.9,D
10296,7.3,82.5,yes,no,82.7,89.9,84.2,82.3,C
10297,3.9,53.5,yes,yes,55.4,54.0,61.2,61.8,D
10298,1.3,57.2,no,no,51.3,38.3,32.9,38.6,F
10299,1.3,79.3,yes,no,50.1,55.3,52.8,45.0,E
10300,2.4,61.3,yes,yes,21.9,33.0,37.6,43.7,E
10301,2.3,59.8,yes,no,40.3,32.1,36.7,44.9,E
10302,6.5,99.4,no,no,88.5,90.7,97.0,90.5,B
10303,5.9,85.5,yes,yes,90.8,74.4,69.8,76.1,C
10304,1.1,65.1,yes,yes,39.6,51.0,30.7,38.9,F
10305,6.9,51.4,yes,yes,78.1,96.1,100.0,85.3,B
10306,1.2,89.8,yes,no,34.3,45.5,54.0,45.0,E
10307,6.4,78.9,no,yes,92.2,89.6,100.0,91.9,B
10308,1.3,65.6,yes,yes,43.7,30.8,33.6,33.8,F
10309,3.3,76.4,yes,yes,70.3,42.2,46.1,52.6,E
10310,6.1,94.8,yes,no,81.5,89.2,82.9,95.0,A
10311,2.4,53.2,yes,no,45.1,30.4,41.2,43.1,E
10312,1.3,86.6,yes,no,40.1,42.0,24.6,44.2,E
10313,6.4,93.1,yes,no,78.2,73.7,57.9,79.2,C
10314,5.7,76.0,yes,yes,69.6,81.9,72.3,77.0,C
10315,7.2,98.0,yes,no,79.4,100.0,90.9,93.9,B
10316,5.3,61.6,yes,no,76.6,77.4,69.8,72.8,C
10317,1.1,86.1,yes,no,36.6,44.7,46.2,40.4,E
10318,5.3,71.2,yes,yes,87.5,88.0,72.8,79.5,C
10319,6.7,69.0,no,yes,90.2,89.4,94.5,89.0,B
10320,1.1,81.8,yes,no,61.7,67.3,45.6,45.3,E
10321,1.5,80.5,yes,yes,57.9,51.7,42.0,45.0,E
10322,5.6,68.4,yes,yes,95.6,70.3,63.3,75.2,C
10323,6.4,68.8,yes,no,72.4,76.1,100.0,81.2,C
10324,3.1,74.0,yes,yes,75.3,54.3,78.7,62.3,D
10325,6.0,99.6,yes,yes,83.9,82.7,79.4,82.5,C
10326,1.8,89.9,yes,no,50.4,30.8,55.9,44.5,E
10327,3.8,68.3,yes,yes,61.5,59.1,66.9,61.2,D
10328,6.1,68.2,yes,yes,87.9,59.7,95.8,86.0,B
10329,2.0,94.8,yes,yes,43.8,60.0,41.0,47.3,E
10330,3.1,89.0,yes,no,80.3,66.3,81.0,67.3,D
10331,5.2,82.7,yes,yes,74.9,100.0,68.0,82.7,C
10332,3.1,85.7,yes,no,62.1,61.4,41.3,61.6,D
10333,7.1,52.8,yes,no,88.2,79.6,78.3,81.0,C
10334,7.7,54.6,yes,yes,84.3,76.7,81.3,87.5,B
10335,5.3,65.8,yes,no,83.1,71.0,79.0,72.9,C
10336,6.4,73.6,no,yes,68.7,91.0,55.0,71.9,C
10337,7.3,85.5,yes,no,98.4,100.0,100.0,100.0,A
10338,5.8,89.1,no,no,95.8,94.1,76.6,83.1,C
10339,6.3,94.2,yes,yes,79.8,84.6,99.4,84.3,C
10340,1.1,63.5,yes,yes,43.5,48.0,17.2,32.8,F
10341,6.7,87.4,yes,no,92.8,93.9,100.0,85.7,B
10342,2.6,99.7,yes,yes,79.7,51.7,70.9,59.2,D
10343,1.0,60.4,no,yes,33.4,44.5,37.6,38.6,F
10344,4.9,53.5,yes,yes,58.4,72.1,66.2,61.1,D
10345,2.2,94.8,yes,no,51.3,27.3,56.3,48.1,E
10346,1.1,56.7,yes,no,28.1,23.9,30.1,30.7,F
10347,5.1,86.0,yes,yes,72.9,51.6,77.2,68.1,D
10348,1.2,69.4,yes,no,30.2,37.4,23.5,28.2,F
10349,7.2,67.8,yes,yes,70.3,88.2,91.2,81.9,C
10350,7.8,97.0,yes,no,92.6,98.5,95.7,100.0,A
10351,6.0,67.6,yes,no,86.8,68.3,66.5,69.2,D
10352,2.7,70.4,yes,no,46.2,52.5,58.3,50.1,E
10353,4.7,50.8,yes,no,56.6,55.3,39.5,52.1,E
10354,0.7,59.2,no,no,17.3,47.3,37.0,23.3,F
10355,5.2,68.1,yes,yes,55.0,60.0,59.8,62.2,D
10356,2.5,83.3,yes,yes,70.6,60.7,64.5,59.5,D
10357,3.9,53.2,no,yes,58.3,61.6,55.7,55.3,D
10358,1.8,67.5,no,yes,30.6,49.0,45.2,39.5,F
10359,7.9,68.3,yes,no,83.6,82.6,76.6,81.2,C
10360,2.1,89.6,yes,no,50.8,49.9,50.6,46.5,E
10361,3.6,63.7,yes,no,64.6,47.0,43.1,47.2,E
10362,2.4,94.6,yes,no,46.8,64.2,93.8,66.8,D
10363,4.6,97.2,yes,no,87.2,100.0,68.5,75.9,C
10364,7.3,61.1,yes,yes,70.0,74.9,82.3,73.5,C
10365,1.7,68.9,yes,yes,68.7,64.9,39.1,48.8,E
10366,1.6,86.7,yes,no,66.9,47.6,39.2,50.2,E
10367,1.1,63.4,yes,no,60.8,32.2,48.5,42.3,E
10368,4.9,91.3,yes,yes,64.7,54.7,36.1,68.5,D
10369,5.0,98.7,yes,yes,62.0,71.3,61.9,74.4,C
10370,6.7,81.6,yes,no,94.6,74.2,84.1,94.2,B
10371,6.8,58.1,yes,yes,67.5,89.4,81.3,76.0,C
10372,1.3,50.1,no,yes,32.4,31.0,29.4,32.7,F
10373,7.3,70.5,yes,yes,65.4,80.0,61.6,78.3,C
10374,6.7,61.3,no,no,83.5,77.8,84.7,87.2,B
10375,5.4,88.7,yes,yes,100.0,72.6,84.8,86.7,B
10376,3.1,73.5,yes,no,59.1,45.8,60.2,56.4,D
10377,6.1,81.6,yes,no,73.9,96.0,66.2,84.2,C
10378,5.2,80.3,yes,no,78.9,82.2,72.0,72.8,C
10379,3.1,51.8,yes,yes,36.8,42.0,44.0,43.0,E
10380,0.6,85.4,yes,yes,47.0,22.8,38.0,35.0,F
10381,4.9,91.3,yes,no,80.5,71.5,76.0,70.6,C
10382,4.8,73.6,no,yes,71.0,76.3,67.9,64.2,D
10383,1.7,79.1,yes,yes,61.2,62.7,53.1,43.6,E
10384,7.3,57.2,yes,yes,86.1,100.0,99.6,87.8,B
10385,1.7,82.9,yes,yes,57.7,41.4,24.5,37.8,F
10386,2.7,97.0,yes,no,65.8,53.1,63.2,60.6,D
10387,3.3,85.6,yes,no,64.0,58.6,62.2,55.9,D
10388,5.6,50.7,yes,yes,45.1,59.3,61.9,66.5,D
10389,1.1,65.5,no,no,36.0,49.6,32.9,37.2,F
10390,5.8,97.7,yes,no,82.4,99.0,100.0,84.8,C
10391,3.6,83.4,yes,yes,43.5,52.9,52.2,54.7,E
10392,1.9,66.2,no,yes,30.3,47.0,50.2,39.6,F
10393,1.3,80.0,yes,no,48.0,47.8,47.4,35.7,F
10394,3.6,58.2,yes,yes,64.1,45.7,70.8,57.4,D
10395,3.8,96.2,no,no,79.9,83.9,86.7,72.8,C
10396,1.5,69.5,yes,yes,65.9,46.8,46.7,44.7,E
10397,4.1,59.6,yes,yes,57.0,46.9,52.6,51.7,E
10398,4.3,53.7,yes,yes,76.3,48.8,61.6,62.2,D
10399,7.9,51.7,yes,no,81.9,82.6,81.2,78.7,C
10400,5.8,82.3,yes,no,79.5,92.4,85.5,85.5,B
10401,0.6,84.1,yes,no,33.4,55.1,31.5,33.1,F
10402,4.1,82.9,yes,no,68.3,53.0,47.3,61.3,D
10403,0.7,65.7,yes,yes,17.7,45.3,40.5,33.3,F
10404,4.3,89.6,yes,no,70.8,81.7,61.6,68.1,D
10405,3.0,92.0,yes,no,71.9,63.1,68.8,66.8,D
10406,7.3,80.2,yes,no,80.2,97.4,82.3,87.2,B
10407,4.2,80.8,yes,yes,58.9,58.5,61.1,72.1,C
10408,6.9,59.6,yes,yes,92.6,100.0,78.8,87.1,B
10409,4.9,92.9,yes,yes,79.7,76.8,88.9,78.4,C
10410,3.5,54.2,yes,yes,62.9,43.3,36.3,50.9,E
10411,2.2,90.1,yes,yes,61.8,59.4,58.7,60.0,D
10412,1.9,70.9,yes,no,23.5,46.4,51.0,45.1,E
10413,6.5,54.9,yes,yes,76.3,67.4,71.6,76.0,C
10414,7.1,53.1,yes,yes,88.4,93.6,74.6,80.6,C
10415,2.9,99.4,yes,no,44.8,61.7,54.1,57.9,D
10416,4.2,78.5,yes,no,41.6,59.0,50.7,57.6,D
10417,2.7,72.2,yes,no,51.0,33.5,30.8,44.1,E
10418,3.9,96.3,yes,no,82.7,79.4,70.3,71.5,C
10419,7.0,73.2,yes,no,77.5,89.6,60.8,79.9,C
10420,1.5,92.3,yes,no,62.7,64.3,57.3,58.9,D
10421,2.7,92.7,yes,no,42.2,51.1,60.2,51.6,E
10422,5.7,87.5,yes,yes,81.1,82.6,86.4,86.6,B
10423,2.8,54.8,yes,yes,53.5,51.5,53.1,48.8,E
10424,1.1,97.7,yes,yes,58.9,59.0,57.1,56.9,D
10425,3.3,81.4,yes,no,58.0,63.1,50.5,54.1,E
10426,5.6,70.4,yes,no,84.1,83.8,77.2,79.3,C
10427,7.9,88.3,no,yes,100.0,81.8,100.0,99.0,A
10428,7.2,53.7,yes,yes,46.6,79.9,82.2,75.4,C
10429,4.7,58.9,yes,no,68.1,57.4,66.8,61.7,D
10430,6.3,83.9,yes,yes,79.7,74.2,98.2,85.2,B
10431,4.8,81.5,yes,no,55.3,49.9,73.2,63.5,D
10432,4.2,76.2,yes,yes,72.2,60.7,62.1,68.0,D
10433,1.8,83.7,yes,no,44.2,23.7,34.8,41.7,E
10434,2.7,97.5,yes,yes,68.3,57.5,66.4,60.3,D
10435,3.9,56.5,yes,yes,55.7,66.5,57.7,54.5,E
10436,7.9,67.1,yes,yes,72.7,81.2,91.3,81.1,C
10437,5.1,64.7,yes,no,52.0,51.1,64.9,64.4,D
10438,7.6,96.8,no,no,94.2,89.6,100.0,100.0,A
10439,2.4,59.4,yes,no,41.9,58.2,47.4,34.8,F
10440,1.0,68.4,no,yes,38.6,30.9,16.4,28.7,F
10441,7.8,95.3,no,yes,82.5,100.0,96.4,100.0,A
10442,3.0,83.5,yes,no,57.3,60.4,70.5,59.8,D
10443,4.5,51.6,no,no,60.2,45.4,63.0,63.4,D
10444,1.0,98.0,yes,no,49.4,29.2,49.1,46.4,E
10445,7.0,53.0,yes,yes,63.1,58.9,64.9,70.0,D
10446,0.5,76.1,yes,yes,21.4,29.6,41.0,36.5,F
10447,7.3,62.1,yes,no,70.9,65.0,74.7,74.7,C
10448,1.7,81.6,yes,no,51.2,37.7,34.9,39.0,F
10449,1.9,64.2,yes,yes,15.6,47.0,43.1,36.9,F
10450,6.7,90.9,yes,yes,79.4,100.0,84.9,91.2,B
10451,3.4,78.3,yes,yes,48.0,44.1,54.5,49.2,E
10452,2.4,65.6,no,yes,37.1,41.0,47.3,43.2,E
10453,5.0,93.3,yes,yes,67.5,82.8,82.1,79.1,C
10454,2.4,88.9,yes,yes,47.6,57.0,63.5,54.7,E
10455,2.6,74.7,yes,yes,54.8,52.4,74.4,51.7,E
10456,0.8,74.6,no,no,47.4,51.4,33.5,45.0,E
10457,4.5,73.4,yes,no,83.6,82.9,67.4,75.0,C
10458,1.5,77.0,yes,no,55.9,58.8,46.8,49.6,E
10459,6.8,92.9,yes,yes,79.8,94.2,88.2,93.6,B
10460,6.1,53.7,no,no,72.3,75.4,53.8,66.9,D
10461,2.6,69.4,yes,yes,57.0,21.9,40.9,50.2,E
10462,4.5,87.5,yes,yes,70.5,77.0,91.0,75.5,C
10463,4.8,98.2,yes,no,87.9,82.3,66.2,75.6,C
10464,5.5,57.7,yes,no,61.0,56.6,74.8,67.4,D
10465,3.6,52.2,yes,no,60.3,61.2,44.6,49.7,E
10466,5.4,90.3,yes,yes,90.7,63.3,86.3,84.8,C
10467,1.8,98.5,yes,yes,44.3,27.8,41.9,46.0,E
10468,4.0,85.7,yes,no,63.1,73.6,67.4,73.1,C
10469,1.2,77.7,yes,yes,32.9,13.2,36.0,38.7,F
10470,7.6,61.7,yes,yes,80.5,87.6,100.0,87.2,B
10471,3.5,97.9,yes,no,75.7,70.7,56.5,57.6,D
10472,5.1,86.1,yes,no,84.8,73.9,73.3,74.0,C
10473,4.2,84.7,yes,yes,78.4,61.1,71.3,68.4,D
10474,0.7,94.1,no,no,51.0,57.8,63.4,47.8,E
10475,1.0,93.8,yes,yes,40.1,22.9,42.5,45.1,E
10476,2.5,54.0,yes,no,50.3,47.3,37.4,42.9,E
10477,5.6,51.0,no,no,59.2,68.1,62.6,68.4,D
10478,5.3,61.1,yes,yes,83.7,53.1,71.6,68.5,D
10479,1.9,95.5,yes,no,43.3,54.3,48.6,58.5,D
10480,4.2,76.7,yes,yes,59.0,69.9,58.0,69.6,D
10481,3.3,82.4,yes,no,65.2,61.6,54.2,58.9,D
10482,4.8,67.3,yes,yes,68.0,89.1,72.9,71.0,C
10483,3.0,71.2,yes,yes,62.2,47.6,40.3,50.0,E
10484,7.2,65.0,yes,yes,100.0,88.4,100.0,91.6,B
10485,4.0,97.0,yes,yes,41.7,60.1,73.1,66.2,D
10486,3.7,70.6,yes,no,42.5,43.9,53.1,50.9,E
10487,5.8,91.8,yes,yes,73.4,100.0,91.3,82.0,C
10488,6.4,57.8,yes,yes,74.7,76.4,66.5,65.9,D
10489,3.8,65.9,yes,yes,48.7,48.0,79.7,62.7,D
10490,1.3,59.1,yes,no,13.3,39.9,27.0,37.5,F
10491,1.1,64.7,yes,yes,33.4,38.9,26.3,43.7,E
10492,3.0,83.4,yes,yes,60.1,56.4,41.6,54.7,E
10493,6.0,57.1,yes,no,85.6,41.0,68.7,66.2,D
10494,5.4,76.8,yes,no,50.5,50.6,74.9,67.2,D
10495,2.7,50.2,yes,yes,30.3,37.4,48.6,39.1,F
10496,0.5,99.2,no,no,35.6,41.4,52.6,34.3,F
10497,5.3,51.8,yes,yes,83.0,71.1,67.2,72.3,C
10498,4.7,87.7,yes,yes,94.2,61.3,75.9,73.6,C
10499,6.3,93.5,yes,yes,87.1,88.5,61.3,83.8,C
10500,5.6,99.8,yes,no,92.5,82.3,74.6,85.0,C
10501,2.4,82.5,yes,yes,55.9,52.3,64.4,55.2,D
10502,6.0,80.3,yes,yes,99.3,76.0,81.6,84.8,C
10503,4.1,77.9,yes,yes,55.2,75.7,61.0,60.8,D
10504,4.8,88.2,yes,yes,79.2,76.5,73.0,79.2,C
10505,3.2,93.5,yes,no,49.9,82.7,65.8,71.9,C
10506,6.4,76.4,yes,no,99.1,88.8,87.8,91.7,B
10507,2.0,86.0,yes,no,69.6,36.3,67.8,53.7,E
10508,2.0,98.1,yes,yes,55.7,52.7,64.2,49.1,E
10509,2.3,55.6,yes,yes,28.9,42.1,30.4,36.5,F
10510,6.4,79.5,yes,yes,73.6,73.0,98.0,87.7,B
10511,6.0,53.4,yes,no,77.9,71.4,74.2,61.0,D
10512,2.5,71.8,yes,yes,45.8,51.4,52.4,55.7,D
10513,1.6,86.3,yes,no,45.6,61.4,33.6,49.0,E
10514,0.7,69.0,yes,yes,24.6,41.7,52.1,39.2,F
10515,5.6,55.0,no,no,74.6,63.0,57.9,70.0,D
10516,4.5,91.5,yes,yes,80.7,57.7,47.1,62.7,D
10517,5.8,62.2,yes,yes,73.2,89.0,76.7,72.0,C
10518,5.8,75.1,yes,no,83.8,78.2,64.8,70.4,C
10519,6.8,57.5,yes,no,60.6,72.6,82.8,69.7,D
10520,3.6,99.5,yes,no,69.1,79.0,57.9,70.0,C
10521,6.7,69.1,yes,no,84.4,91.8,78.1,82.5,C
10522,3.8,91.1,yes,yes,55.6,75.0,62.3,63.6,D
10523,5.8,69.2,yes,yes,61.2,87.1,82.7,70.8,C
10524,4.6,67.5,yes,yes,49.3,69.6,48.0,55.7,D
10525,7.4,62.0,yes,no,90.5,100.0,90.3,93.0,B
10526,3.3,70.2,yes,no,56.1,57.2,29.9,61.4,D
10527,5.7,93.8,yes,no,92.1,73.5,79.1,79.2,C
10528,5.0,83.1,yes,no,58.6,100.0,57.4,80.1,C
10529,8.0,52.7,yes,yes,89.8,92.4,100.0,88.8,B
10530,1.1,77.1,yes,yes,17.3,30.1,34.3,33.0,F
10531,5.0,74.9,yes,no,74.5,59.2,80.8,64.3,D
10532,2.2,84.3,yes,no,41.2,53.8,43.1,49.0,E
10533,7.1,87.8,yes,yes,94.4,88.2,96.1,95.0,B
10534,6.5,78.3,yes,no,97.0,75.1,71.0,83.8,C
10535,5.5,93.8,yes,yes,70.8,89.3,86.1,87.4,B
10536,4.1,82.1,yes,yes,70.1,59.1,59.1,56.6,D
10537,5.6,66.9,yes,no,69.3,67.9,62.0,64.4,D
10538,4.7,68.8,yes,yes,63.5,59.1,75.5,68.0,D
10539,2.7,92.9,yes,no,39.3,56.0,52.9,63.0,D
10540,6.6,63.0,yes,yes,90.9,81.4,92.6,72.2,C
10541,4.3,57.1,yes,yes,61.5,65.4,68.6,65.0,D
10542,2.4,87.6,yes,yes,64.7,76.3,44.5,58.4,D
10543,5.5,71.4,yes,no,67.6,67.6,65.7,66.0,D
10544,0.6,61.3,yes,no,54.2,31.4,27.6,33.5,F
10545,5.9,91.5,yes,yes,67.5,62.4,83.5,78.4,C
10546,4.0,59.2,yes,no,59.5,39.9,32.1,49.0,E
10547,5.3,86.6,yes,yes,100.0,76.6,84.9,85.7,B
10548,1.7,67.0,yes,yes,20.0,34.4,50.3,31.9,F
10549,5.9,85.6,yes,no,75.0,61.7,80.3,77.0,C
10550,5.9,88.6,yes,no,82.9,80.3,60.8,79.4,C
10551,6.1,57.9,yes,no,81.9,76.4,76.3,74.5,C
10552,4.0,91.2,yes,yes,82.6,63.4,74.6,76.9,C
10553,5.3,80.9,yes,yes,83.4,70.5,80.6,72.8,C
10554,4.6,93.0,yes,yes,78.0,69.2,82.2,77.8,C
10555,2.2,51.6,yes,no,39.9,37.8,39.8,35.9,F
10556,0.7,87.8,yes,yes,35.4,43.8,42.9,47.6,E
10557,3.6,99.3,yes,yes,65.0,87.4,56.4,75.2,C
10558,6.6,85.1,yes,yes,89.5,69.8,92.7,90.5,B
10559,2.9,95.9,yes,no,54.4,70.5,47.0,57.9,D
10560,6.1,70.7,no,no,77.0,55.1,78.7,70.3,C
10561,5.3,85.1,yes,yes,55.6,82.2,64.2,74.2,C
10562,3.1,78.4,yes,yes,61.5,43.1,84.3,56.8,D
10563,0.5,66.8,no,no,35.3,32.0,16.6,27.7,F
10564,3.7,81.2,yes,no,35.5,67.0,60.4,57.7,D
10565,3.4,68.0,yes,no,66.4,45.3,29.4,49.7,E
10566,1.5,97.5,yes,no,74.1,59.4,73.5,54.4,E
10567,6.6,89.9,yes,yes,100.0,88.0,86.1,95.5,A
10568,7.7,93.5,no,yes,97.0,100.0,100.0,99.2,A
10569,1.4,81.8,yes,yes,45.4,39.1,53.3,48.2,E
10570,2.2,92.0,yes,no,42.8,40.2,56.7,48.6,E
10571,5.2,68.3,no,no,61.0,61.5,66.3,61.0,D
10572,7.6,83.1,yes,no,85.5,97.9,88.4,90.0,B
10573,7.5,66.7,yes,no,83.3,72.5,88.6,79.9,C
10574,7.5,79.7,yes,yes,84.3,82.0,84.6,84.0,C
10575,3.8,53.6,yes,no,59.3,49.8,36.5,53.3,E
10576,7.9,89.6,yes,yes,88.9,100.0,83.6,92.7,B
10577,3.2,71.1,no,yes,46.3,65.5,67.2,56.5,D
10578,1.2,99.2,yes,no,63.4,42.1,59.6,51.6,E
10579,5.8,92.9,yes,yes,63.6,44.4,57.3,73.6,C
10580,4.7,80.7,yes,no,76.3,61.0,73.4,78.1,C
10581,6.5,63.3,yes,yes,67.7,83.1,58.5,69.3,D
10582,5.2,81.5,yes,yes,66.1,81.5,64.0,65.1,D
10583,6.7,87.8,yes,no,95.3,92.5,93.5,96.5,A
10584,3.1,73.6,yes,no,45.1,45.9,49.5,48.7,E
10585,2.7,79.6,yes,no,55.7,54.1,63.5,53.7,E
10586,6.2,93.8,yes,no,79.1,88.5,88.8,88.5,B
10587,4.2,56.9,yes,yes,46.0,60.5,42.7,48.1,E
10588,1.8,75.0,yes,yes,38.4,49.5,44.6,37.6,F
10589,3.3,93.3,yes,yes,43.4,48.8,63.6,61.2,D
10590,6.5,69.6,yes,yes,91.9,70.6,71.4,79.0,C
10591,7.4,94.2,yes,yes,100.0,100.0,90.9,99.5,A
10592,6.2,77.9,yes,yes,92.7,100.0,85.0,86.5,B
10593,5.9,70.1,yes,no,71.7,80.0,68.1,75.6,C
10594,6.6,99.6,no,no,82.6,88.2,75.1,86.0,B
10595,2.0,58.1,yes,no,32.0,38.5,50.6,42.4,E
10596,4.8,67.4,yes,yes,81.5,55.6,81.1,65.9,D
10597,5.0,61.0,yes,yes,51.7,56.5,83.0,65.1,D
10598,7.6,99.2,yes,yes,100.0,92.1,99.0,100.0,A
10599,0.6,57.5,yes,yes,31.1,47.1,40.1,35.8,F
10600,7.8,56.0,no,yes,95.3,94.2,75.9,81.9,C
10601,5.9,63.2,yes,yes,82.4,85.6,74.5,75.8,C
10602,0.7,80.4,yes,no,52.2,37.8,34.3,43.4,E
10603,4.4,63.2,yes,no,57.1,54.7,65.7,55.4,D
10604,1.0,66.4,yes,yes,52.7,65.3,33.7,36.1,F
10605,5.0,76.7,yes,no,63.2,86.5,88.7,79.5,C
10606,3.9,81.8,yes,yes,51.7,65.6,77.1,69.0,D
10607,6.3,79.0,yes,no,57.2,62.2,75.5,72.6,C
10608,4.8,80.7,yes,yes,64.4,76.6,72.4,69.1,D
10609,6.4,83.5,yes,yes,74.2,84.6,72.1,81.4,C
10610,3.3,93.9,yes,no,66.3,63.9,61.9,71.6,C
10611,6.9,83.8,yes,no,100.0,93.6,67.9,87.4,B
10612,7.0,86.0,yes,yes,76.4,72.2,74.4,82.5,C
10613,5.4,69.8,yes,yes,83.6,91.7,65.8,74.4,C
10614,2.5,97.2,yes,no,68.9,64.8,76.0,68.1,D
10615,7.9,90.4,yes,no,100.0,100.0,100.0,100.0,A
10616,6.6,79.1,yes,yes,80.8,90.7,76.1,77.1,C
10617,6.9,72.4,no,no,95.0,84.6,95.7,91.4,B
10618,0.6,50.9,yes,no,17.7,25.1,10.3,20.5,F
10619,6.7,99.3,yes,yes,78.2,100.0,84.5,87.4,B
10620,2.1,57.1,no,no,30.8,62.4,31.0,46.6,E
10621,4.3,75.5,yes,yes,75.7,48.7,66.9,69.5,D
10622,5.8,67.1,yes,no,99.4,85.7,78.7,80.6,C
10623,3.6,66.3,yes,no,53.3,73.3,46.1,58.7,D
10624,2.3,71.0,yes,yes,50.9,61.8,57.6,51.0,E
10625,4.3,78.6,yes,no,52.9,68.8,56.1,63.2,D
10626,2.7,50.5,yes,yes,33.7,50.3,14.8,35.0,F
10627,5.1,57.7,yes,no,52.4,57.3,46.5,55.8,D
10628,1.3,80.7,yes,no,30.5,66.2,43.2,37.2,F
10629,3.6,87.0,yes,yes,45.6,47.5,39.1,55.7,D
10630,4.9,83.8,yes,no,89.3,82.9,80.1,79.1,C
10631,7.9,99.5,yes,no,100.0,94.8,91.2,100.0,A
10632,4.2,52.4,yes,no,68.1,67.6,46.2,54.0,E
10633,3.7,75.8,yes,no,65.9,58.8,48.8,57.5,D
10634,7.9,70.9,yes,yes,87.5,78.9,90.8,96.5,A
10635,7.4,59.9,yes,no,68.1,56.3,68.0,74.3,C
10636,5.5,94.5,yes,no,77.4,57.6,82.2,74.0,C
10637,4.6,57.2,yes,yes,60.6,50.1,75.2,68.5,D
10638,2.5,75.2,yes,no,57.5,50.5,50.8,42.6,E
10639,5.2,59.6,no,no,59.4,54.6,59.5,59.6,D
10640,6.8,71.8,no,no,66.8,77.8,74.1,75.8,C
10641,7.9,89.5,yes,yes,98.1,97.9,92.9,91.6,B
10642,1.8,85.0,no,no,60.7,37.2,57.3,52.8,E
10643,2.6,85.0,yes,yes,65.3,56.2,60.7,60.8,D
10644,7.1,60.8,yes,yes,91.7,100.0,82.2,83.2,C
10645,7.0,51.1,yes,yes,78.4,87.3,84.9,74.6,C
10646,5.9,86.0,yes,yes,92.4,82.5,76.0,76.3,C
10647,1.3,55.3,yes,yes,35.5,29.9,26.6,24.9,F
10648,5.8,69.5,no,no,70.3,76.5,86.9,76.8,C
10649,4.0,92.2,yes,no,66.1,63.0,92.0,73.0,C
10650,3.3,70.5,yes,no,61.4,80.2,55.1,62.6,D
10651,2.4,73.3,yes,no,49.2,31.7,46.6,49.3,E
10652,2.9,97.9,yes,no,51.5,43.3,66.9,58.4,D
10653,4.5,95.5,yes,no,59.1,70.1,73.0,69.0,D
10654,1.7,54.5,no,yes,36.2,39.6,35.7,38.5,F
10655,4.3,93.3,yes,no,55.4,77.8,85.0,62.0,D
10656,0.9,74.7,no,no,40.6,19.5,48.5,40.0,E
10657,3.6,89.9,yes,yes,50.7,78.3,67.9,73.7,C
10658,7.7,67.6,yes,no,100.0,99.8,89.4,97.5,A
10659,6.0,97.9,yes,no,85.1,87.9,90.9,88.5,B
10660,1.0,89.8,yes,yes,46.4,29.2,47.0,43.2,E
10661,5.7,72.5,yes,no,46.0,65.5,67.8,69.9,D
10662,2.0,68.0,yes,yes,40.1,36.6,39.8,39.3,F
10663,4.1,60.6,yes,no,52.0,77.7,57.2,53.5,E
10664,2.7,63.8,yes,yes,49.3,56.2,48.7,49.8,E
10665,7.5,72.1,yes,no,83.9,70.1,82.1,82.0,C
10666,0.9,67.7,yes,yes,20.8,42.9,16.3,26.5,F
10667,7.1,82.2,yes,yes,100.0,100.0,100.0,98.0,A
10668,5.8,81.8,yes,yes,47.3,73.0,64.9,74.1,C
10669,3.2,59.7,yes,yes,53.2,49.8,64.5,50.5,E
10670,7.1,63.0,yes,no,75.8,68.8,86.2,74.0,C
10671,3.5,52.3,yes,yes,59.5,45.8,40.4,44.1,E
10672,5.7,69.1,yes,no,75.7,78.3,87.3,72.9,C
10673,6.4,73.7,yes,no,54.6,78.6,81.0,77.7,C
10674,2.6,55.3,yes,yes,32.1,34.8,30.6,36.8,F
10675,1.0,54.3,yes,no,24.6,31.8,34.3,29.2,F
10676,7.0,63.4,yes,yes,73.7,81.5,69.2,74.7,C
10677,2.2,74.6,yes,yes,37.5,44.8,37.2,41.0,E
10678,7.5,99.2,yes,yes,100.0,100.0,96.1,99.8,A
10679,2.9,95.8,yes,yes,48.7,49.6,62.8,58.2,D
10680,3.6,69.9,yes,no,75.0,65.5,61.6,59.0,D
10681,3.7,77.8,yes,yes,55.9,45.1,67.8,57.1,D
10682,4.0,78.0,yes,yes,82.2,69.3,75.6,60.5,D
10683,7.7,67.2,yes,yes,71.3,68.9,89.5,84.8,C
10684,2.3,92.8,yes,yes,53.8,69.5,69.1,58.0,D
10685,5.1,64.6,yes,yes,70.3,74.0,64.5,62.9,D
10686,2.7,71.4,yes,yes,41.5,59.9,50.4,56.3,D
10687,1.5,95.3,yes,yes,62.3,43.4,50.6,50.2,E
10688,2.7,67.3,no,yes,48.2,45.9,50.0,46.7,E
10689,4.6,75.6,yes,yes,59.6,67.7,73.4,58.3,D
10690,5.1,93.5,yes,no,94.8,88.5,73.6,81.7,C
10691,2.5,66.4,yes,no,47.9,46.3,51.4,52.5,E
10692,7.9,98.1,yes,yes,94.3,96.0,100.0,100.0,A
10693,3.2,60.2,yes,yes,41.7,71.2,53.2,45.8,E
10694,6.7,84.2,yes,yes,83.8,74.1,84.7,86.9,B
10695,0.8,53.0,yes,yes,15.4,5.5,23.3,28.0,F
10696,5.7,76.9,yes,yes,78.8,54.4,66.3,74.9,C
10697,2.8,58.0,yes,no,35.3,38.6,33.2,38.9,F
10698,4.5,81.4,yes,no,72.7,67.5,96.3,74.6,C
10699,6.8,80.8,yes,no,83.6,83.6,83.9,85.3,B
10700,5.9,70.8,yes,no,92.6,93.8,100.0,84.6,C
10701,3.2,96.2,yes,no,73.1,89.0,73.0,70.0,C
10702,6.0,94.6,yes,no,82.5,79.6,73.3,77.8,C
10703,3.6,86.7,yes,yes,67.0,70.1,83.4,68.7,D
10704,1.0,86.0,no,no,39.0,51.9,44.3,34.1,F
10705,5.5,53.4,yes,no,81.5,68.0,61.5,61.9,D
10706,7.5,66.2,yes,no,98.3,91.7,75.7,86.5,B
10707,1.1,60.2,yes,no,16.3,39.4,29.1,25.7,F
10708,5.7,69.4,yes,no,93.8,80.7,94.7,82.4,C
10709,6.8,55.5,no,no,71.9,52.6,78.0,67.3,D
10710,5.0,65.9,yes,yes,75.6,75.6,77.5,75.3,C
10711,4.1,78.5,yes,yes,63.8,47.0,65.6,55.7,D
10712,2.3,58.3,yes,yes,46.5,35.9,34.3,39.8,F
10713,2.0,55.3,yes,yes,35.2,26.4,41.2,33.1,F
10714,3.5,85.3,yes,no,64.4,68.0,71.7,67.9,D
10715,5.3,62.3,yes,yes,69.0,78.5,77.7,76.4,C
10716,2.9,73.9,no,no,60.3,37.7,74.1,51.9,E
10717,4.2,91.9,yes,yes,75.0,85.6,75.1,71.5,C
10718,5.0,68.9,no,no,72.9,84.3,60.4,75.5,C
10719,2.1,54.9,yes,no,34.5,23.9,43.2,34.7,F
10720,6.1,89.3,yes,no,86.2,92.8,100.0,89.9,B
10721,5.2,86.9,yes,yes,56.5,90.7,56.7,66.6,D
10722,4.9,80.5,no,no,76.4,65.8,67.0,64.1,D
10723,4.1,76.9,yes,no,67.5,66.4,65.8,66.2,D
10724,3.2,87.6,yes,yes,40.5,45.3,65.5,59.4,D
10725,4.6,67.7,yes,yes,65.5,50.2,53.9,57.9,D
10726,6.2,66.5,yes,no,73.8,72.1,74.3,70.7,C
10727,5.8,81.4,yes,yes,75.9,76.5,58.0,70.3,C
10728,6.0,58.3,yes,yes,74.8,58.6,75.6,64.1,D
10729,2.1,81.7,yes,no,53.8,56.5,52.6,55.3,D
10730,6.3,93.4,yes,no,98.7,100.0,100.0,97.2,A
10731,3.0,75.8,yes,yes,33.9,48.6,59.3,47.1,E
10732,2.2,54.1,yes,yes,31.1,47.8,32.2,36.3,F
10733,1.4,83.1,yes,no,49.5,38.8,50.9,40.1,E
10734,6.7,93.5,yes,no,96.4,100.0,100.0,96.8,A
10735,5.2,59.8,no,no,69.4,78.5,63.1,73.2,C
10736,6.8,80.6,yes,yes,82.4,71.6,71.7,79.7,C
10737,4.7,59.9,yes,yes,48.5,47.2,52.7,57.5,D
10738,7.0,91.0,yes,yes,92.8,100.0,77.5,98.3,A
10739,4.7,62.6,yes,yes,77.1,75.4,72.9,69.2,D
10740,5.3,81.5,yes,yes,61.8,69.1,90.7,78.9,C
10741,0.9,79.5,yes,yes,34.0,38.7,43.0,39.1,F
10742,5.5,68.7,no,no,64.2,69.2,71.2,63.1,D
10743,5.0,95.0,yes,no,88.5,64.7,87.7,84.5,C
10744,2.3,95.1,no,no,44.2,55.0,56.7,52.7,E
10745,1.3,67.0,yes,no,47.1,49.1,21.7,42.1,E
10746,3.1,67.4,yes,no,55.6,55.8,63.5,55.2,D
10747,1.0,82.7,yes,no,62.7,57.8,52.5,50.2,E
10748,5.0,64.2,no,yes,67.2,50.6,60.6,60.7,D
10749,4.6,65.2,yes,yes,58.3,79.5,54.5,60.7,D
10750,7.4,51.0,yes,yes,91.8,51.2,71.8,80.8,C
10751,4.4,54.7,yes,yes,52.7,36.6,52.4,52.2,E
10752,6.0,82.9,no,no,95.4,99.1,94.4,91.1,B
10753,5.5,66.0,no,no,61.4,68.8,58.1,67.0,D
10754,5.7,54.1,yes,yes,61.8,53.7,83.1,71.0,C
10755,2.9,96.5,yes,yes,36.8,63.6,44.7,51.8,E
10756,3.6,64.8,yes,yes,49.4,43.6,55.5,54.9,E
10757,1.4,60.5,yes,no,25.7,31.9,33.7,25.7,F
10758,5.4,76.1,yes,yes,73.9,53.0,70.6,79.9,C
10759,2.8,91.5,yes,yes,60.0,41.9,37.0,57.5,D
10760,4.6,93.6,yes,yes,73.1,84.2,71.7,74.9,C
10761,7.4,65.3,yes,yes,86.1,100.0,87.7,86.0,B
10762,5.6,87.1,no,no,84.3,74.1,82.3,72.3,C
10763,2.5,76.2,no,no,56.8,43.5,40.2,42.2,E
10764,4.4,79.8,yes,no,54.8,54.6,73.3,69.5,D
10765,5.0,72.0,yes,yes,55.3,59.5,81.5,66.5,D
10766,6.9,58.9,yes,yes,76.8,65.3,67.3,75.1,C
10767,6.5,91.0,yes,yes,93.4,89.8,100.0,97.2,A
10768,2.9,77.2,yes,yes,31.4,30.9,58.0,46.2,E
10769,7.4,70.1,yes,yes,86.4,90.1,74.8,82.6,C
10770,1.6,83.8,yes,no,34.6,40.7,39.3,45.6,E
10771,2.6,71.3,yes,yes,46.8,54.6,42.5,40.2,E
10772,0.8,92.5,yes,no,53.3,34.3,32.8,43.7,E
10773,2.8,56.8,no,yes,61.7,48.2,38.2,50.4,E
10774,3.6,51.5,yes,no,46.9,55.2,50.2,54.1,E
10775,2.3,78.5,yes,no,50.8,45.5,41.2,50.6,E
10776,0.6,62.8,yes,yes,50.3,24.0,34.7,39.3,F
10777,0.6,55.9,no,no,0.0,20.7,18.0,18.0,F
10778,7.4,51.5,yes,yes,76.4,95.7,100.0,87.6,B
10779,6.0,88.5,yes,yes,86.0,83.8,85.9,80.7,C
10780,5.7,98.0,yes,no,100.0,96.6,87.6,85.9,B
10781,6.4,80.8,yes,no,51.9,68.9,62.9,76.5,C
10782,5.7,88.6,no,yes,66.0,99.8,59.3,77.5,C
10783,1.0,91.9,yes,no,41.3,42.9,40.4,44.7,E
10784,7.4,90.3,yes,yes,91.1,88.3,97.0,90.0,B
10785,3.7,66.3,yes,yes,71.4,58.2,70.5,52.4,E
10786,3.9,50.1,yes,no,54.3,63.9,47.0,44.4,E
10787,7.1,81.4,yes,yes,85.5,77.9,96.5,81.0,C
10788,2.0,97.4,no,no,40.9,68.2,46.2,55.0,D
10789,2.8,94.4,no,yes,69.3,70.9,71.3,69.2,D
10790,6.9,50.2,yes,no,85.6,60.0,62.8,77.3,C
10791,4.4,95.2,yes,no,53.5,67.3,58.6,64.7,D
10792,3.7,50.5,yes,yes,47.9,50.5,64.1,52.0,E
10793,7.7,76.6,yes,no,84.7,100.0,81.1,86.1,B
10794,7.2,92.6,yes,no,90.1,86.8,88.5,96.8,A
10795,7.2,70.8,yes,yes,85.7,72.8,68.5,78.6,C
10796,2.1,84.2,no,no,56.6,36.2,56.2,47.9,E
10797,6.8,61.6,yes,yes,72.3,89.0,87.4,80.6,C
10798,5.4,98.5,no,yes,64.1,74.4,74.8,74.6,C
10799,5.7,52.2,no,yes,69.6,74.4,70.7,70.3,C
10800,0.9,81.6,no,no,39.2,41.0,21.3,35.7,F
10801,4.7,51.7,yes,yes,74.2,33.1,47.6,55.3,D
10802,2.1,52.1,yes,no,42.2,18.3,49.8,42.0,E
10803,7.5,63.5,yes,no,78.0,93.2,83.4,81.7,C
10804,4.7,50.8,yes,no,40.4,41.4,49.4,48.3,E
10805,5.1,60.4,yes,no,58.4,63.0,63.2,56.6,D
10806,2.3,57.7,yes,yes,46.6,49.7,45.1,49.3,E
10807,3.7,95.6,no,no,78.7,89.1,86.6,70.9,C
10808,4.5,52.1,yes,yes,60.8,57.5,44.4,58.7,D
10809,6.6,80.6,yes,no,90.8,100.0,99.7,91.7,B
10810,5.1,83.5,yes,no,74.5,84.3,90.0,83.8,C
10811,1.3,91.1,yes,no,51.0,48.8,50.0,46.6,E
10812,3.9,68.4,yes,no,62.8,60.5,40.3,64.3,D
10813,2.7,59.1,yes,no,45.1,39.4,42.6,38.2,F
10814,4.5,56.1,yes,no,41.6,51.5,49.9,55.9,D
10815,4.0,57.1,yes,no,56.6,42.9,67.8,53.5,E
10816,0.7,76.2,yes,no,40.8,28.5,23.8,33.1,F
10817,2.1,79.8,yes,no,46.6,42.9,53.0,46.2,E
10818,5.5,89.4,yes,no,86.1,82.9,72.2,77.7,C
10819,4.6,90.2,yes,yes,79.8,63.1,59.1,75.7,C
10820,0.9,92.1,yes,no,27.9,19.7,32.8,34.1,F
10821,5.0,58.0,yes,yes,48.5,65.5,66.2,60.0,D
10822,4.3,87.3,yes,yes,82.8,72.0,70.7,72.9,C
10823,1.6,53.6,yes,yes,30.4,52.0,36.6,36.1,F
10824,0.5,94.0,yes,yes,39.2,26.2,43.7,40.5,E
10825,3.0,76.3,yes,yes,42.4,43.0,53.8,47.7,E
10826,6.3,82.1,yes,no,92.5,97.0,72.7,81.9,C
10827,1.5,81.0,yes,yes,25.6,31.0,64.4,48.3,E
10828,7.6,77.9,yes,no,100.0,98.5,86.9,93.4,B
10829,4.6,76.2,yes,yes,56.6,62.5,66.1,62.0,D
10830,6.2,96.1,no,yes,100.0,95.0,100.0,87.0,B
10831,7.8,67.4,yes,yes,96.7,95.9,79.1,87.6,B
10832,2.5,88.9,yes,yes,39.2,37.1,51.3,47.2,E
10833,4.9,68.1,yes,yes,74.4,73.6,52.3,58.8,D
10834,3.1,52.3,yes,yes,33.2,41.0,28.6,39.6,F
10835,1.1,68.9,yes,yes,50.6,47.4,58.3,44.7,E
10836,6.5,57.5,yes,yes,83.8,83.9,79.5,79.2,C
10837,0.6,72.0,yes,no,50.0,34.9,26.0,28.1,F
10838,7.0,54.1,yes,yes,76.9,74.1,82.6,86.3,B
10839,6.5,89.3,yes,no,68.2,95.2,88.3,92.2,B
10840,5.3,79.5,yes,no,66.2,81.3,61.0,77.9,C
10841,4.9,51.9,yes,yes,69.6,62.6,81.9,69.5,D
10842,6.8,82.3,yes,no,75.6,90.6,93.1,86.2,B
10843,0.9,97.7,yes,no,32.8,48.3,27.2,46.8,E
10844,6.0,53.2,yes,no,69.5,59.5,74.1,72.9,C
10845,1.9,67.8,no,yes,60.3,55.5,56.4,50.9,E
10846,0.7,94.7,no,yes,22.0,44.9,52.8,51.0,E
10847,2.8,51.7,no,yes,48.3,61.0,53.1,46.6,E
10848,3.0,95.9,yes,no,71.5,70.6,79.3,69.8,D
10849,1.9,99.4,yes,yes,59.8,41.3,51.1,51.9,E
10850,5.8,69.5,yes,yes,64.3,83.1,77.2,74.8,C
10851,4.7,73.2,yes,no,89.4,61.1,65.9,72.2,C
10852,7.4,99.4,yes,no,91.3,94.8,100.0,89.5,B
10853,6.2,53.0,yes,yes,80.3,68.7,94.8,76.1,C
10854,6.7,65.9,yes,yes,76.5,85.1,74.7,81.7,C
10855,7.3,53.2,yes,yes,94.9,65.2,83.4,83.6,C
10856,6.5,87.3,yes,yes,100.0,77.2,86.2,94.4,B
10857,1.4,82.6,yes,yes,40.0,54.9,56.3,43.2,E
10858,1.9,93.2,yes,yes,50.4,57.4,52.3,47.7,E
10859,3.5,59.5,no,yes,67.2,67.3,60.6,61.1,D
10860,3.0,77.3,yes,yes,77.6,74.1,71.7,63.4,D
10861,7.1,85.7,yes,yes,98.6,83.7,81.7,88.5,B
10862,4.4,64.1,yes,yes,56.8,43.7,47.4,51.6,E
10863,7.1,94.5,yes,yes,98.0,84.8,84.2,92.1,B
10864,3.4,59.9,yes,yes,52.3,38.8,54.9,43.4,E
10865,7.3,55.9,yes,yes,81.3,82.8,63.8,71.0,C
10866,1.0,64.0,yes,no,43.7,29.5,23.7,33.1,F
10867,3.8,89.9,yes,yes,56.2,53.1,70.9,61.7,D
10868,7.3,85.7,no,no,100.0,97.2,68.5,92.2,B
10869,3.9,94.6,yes,no,72.8,63.6,71.4,69.6,D
10870,6.0,80.8,yes,yes,87.9,82.9,85.9,82.3,C
10871,3.2,95.9,yes,yes,67.3,67.1,62.9,57.5,D
10872,6.7,77.2,yes,yes,93.1,86.2,75.0,87.1,B
10873,5.2,95.9,yes,yes,95.2,88.1,93.2,85.7,B
10874,6.6,93.5,no,yes,85.2,99.1,69.5,91.1,B
10875,4.5,73.7,yes,no,75.2,81.9,70.0,74.5,C
10876,5.3,50.3,yes,no,62.9,55.5,60.0,62.6,D
10877,4.5,99.3,yes,yes,95.3,77.9,100.0,85.6,B
10878,4.8,74.9,yes,no,70.2,59.6,68.0,69.1,D
10879,5.7,87.0,yes,yes,89.0,88.6,100.0,86.6,B
10880,1.4,72.6,yes,no,51.6,46.9,54.6,48.8,E
10881,6.3,68.1,yes,yes,85.0,75.7,97.1,71.0,C
10882,3.2,67.9,yes,yes,31.8,45.1,53.9,58.3,D
10883,0.6,67.8,no,yes,42.8,31.2,36.1,38.4,F
10884,5.3,79.0,yes,no,64.1,77.1,80.0,67.7,D
10885,5.1,90.4,yes,no,58.4,73.6,85.7,76.1,C
10886,5.9,78.5,yes,yes,73.3,82.0,92.2,83.9,C
10887,8.0,76.3,yes,yes,75.9,73.6,92.8,86.6,B
10888,4.0,65.3,yes,yes,49.5,62.3,54.1,53.6,E
10889,7.8,73.1,yes,no,76.7,93.3,70.7,84.9,C
10890,4.8,59.0,no,no,58.1,60.7,43.9,57.5,D
10891,3.2,87.2,yes,no,68.5,49.0,64.7,60.7,D
10892,5.6,89.2,yes,no,75.6,82.7,61.3,73.9,C
10893,2.0,61.9,yes,no,28.4,16.0,41.9,35.3,F
10894,7.7,78.4,no,no,89.0,86.5,85.2,87.0,B
10895,3.8,64.2,yes,yes,70.4,61.4,76.8,64.2,D
10896,0.6,98.9,yes,no,53.9,55.8,48.2,42.1,E
10897,5.4,64.9,yes,no,59.9,78.4,60.9,68.1,D
10898,1.4,93.2,yes,yes,57.9,63.0,49.3,40.8,E
10899,1.2,85.0,no,yes,46.8,33.2,51.4,45.1,E
10900,0.7,98.3,yes,no,40.1,47.2,40.2,38.7,F
10901,7.1,86.0,yes,no,85.3,96.1,100.0,92.3,B
10902,0.8,80.5,yes,yes,26.2,34.2,32.2,39.5,F
10903,4.5,73.0,yes,yes,51.6,61.9,60.2,65.7,D
10904,4.2,73.6,yes,no,79.7,76.7,52.8,61.8,D
10905,7.3,50.1,yes,yes,85.8,70.7,50.8,71.5,C
10906,7.3,99.8,yes,yes,100.0,85.2,81.8,95.3,A
10907,7.4,78.4,yes,yes,77.0,99.6,84.4,88.0,B
10908,3.5,79.3,yes,yes,63.3,72.5,62.8,64.4,D
10909,4.1,59.0,yes,yes,51.4,68.7,74.8,66.2,D
10910,6.7,71.6,yes,yes,80.5,74.9,71.7,86.5,B
10911,1.4,61.0,yes,yes,18.8,13.3,25.3,34.6,F
10912,1.4,60.9,yes,no,27.3,54.2,28.1,31.3,F
10913,7.4,77.4,yes,yes,80.1,80.7,82.4,83.6,C
10914,0.7,62.0,yes,no,16.8,43.9,29.8,23.3,F
10915,3.4,83.3,yes,no,44.3,57.8,38.5,53.6,E
10916,2.0,68.8,yes,yes,43.3,52.0,61.2,44.9,E
10917,1.1,68.8,yes,yes,41.8,23.6,33.5,36.5,F
10918,7.8,85.1,yes,yes,100.0,100.0,100.0,100.0,A
10919,1.7,83.5,yes,no,38.5,45.1,53.1,45.5,E
10920,3.7,70.2,yes,yes,60.3,55.1,42.0,54.4,E
10921,2.4,96.5,yes,no,53.8,56.3,40.8,48.0,E
10922,4.2,66.4,yes,no,58.4,44.0,31.3,54.8,E
10923,6.3,85.9,yes,yes,100.0,100.0,81.1,92.8,B
10924,5.4,89.7,yes,no,73.8,60.9,69.8,72.3,C
10925,4.8,60.9,yes,no,55.4,58.6,49.1,55.7,D
10926,4.3,73.7,yes,yes,69.5,65.3,51.2,63.6,D
10927,1.5,51.0,yes,no,50.5,46.2,25.9,31.6,F
10928,3.5,66.5,no,no,33.4,33.1,40.8,48.8,E
10929,7.3,63.5,yes,no,80.1,68.0,69.1,78.5,C
10930,6.7,88.6,yes,yes,92.1,99.6,98.1,96.5,A
10931,1.0,61.0,yes,no,30.8,21.4,23.7,41.6,E
10932,6.8,51.3,yes,yes,75.2,50.0,78.2,70.0,C
10933,6.7,51.2,yes,yes,63.9,57.9,65.8,67.2,D
10934,6.5,88.2,no,no,73.1,77.1,81.5,78.0,C
10935,6.6,57.2,yes,no,88.3,69.6,82.4,85.1,B
10936,7.9,82.2,yes,no,100.0,97.8,89.9,94.0,B
10937,0.9,60.1,yes,no,25.7,44.5,19.3,36.7,F
10938,3.4,61.1,yes,yes,53.8,35.6,78.7,51.7,E
10939,7.8,90.3,yes,yes,100.0,100.0,100.0,97.4,A
10940,4.6,84.1,yes,no,81.9,86.6,78.9,80.3,C
10941,5.6,82.7,yes,no,72.2,75.5,78.4,73.3,C
10942,3.2,96.4,yes,yes,68.2,84.8,67.9,70.1,C
10943,2.1,93.5,yes,yes,39.4,67.8,48.4,59.6,D
10944,7.8,92.3,yes,yes,79.8,100.0,87.7,98.4,A
10945,3.2,56.8,no,no,63.2,53.7,69.1,53.6,E
10946,4.7,58.3,no,no,86.5,73.1,64.3,66.6,D
10947,2.3,99.1,yes,no,67.6,51.2,60.2,51.7,E
10948,7.8,78.8,no,yes,100.0,93.5,93.0,85.1,B
10949,2.4,77.5,yes,yes,44.9,59.4,45.5,48.0,E
10950,7.4,75.3,yes,no,84.6,89.3,84.8,86.0,B
10951,2.7,86.8,yes,no,43.9,52.7,49.0,55.8,D
10952,7.6,79.7,yes,yes,76.0,77.6,87.2,86.5,B
10953,3.3,57.5,yes,yes,52.6,49.0,54.0,44.9,E
10954,7.0,55.1,yes,no,75.6,97.0,92.9,82.5,C
10955,5.0,65.1,no,yes,59.3,72.5,50.3,64.7,D
10956,1.4,93.5,yes,no,52.4,36.2,51.8,55.4,D
10957,2.7,70.1,yes,no,65.1,66.8,45.0,55.9,D
10958,6.2,93.6,yes,yes,77.5,72.2,90.8,77.4,C
10959,5.5,78.6,yes,no,70.0,79.5,75.7,75.9,C
10960,3.2,96.5,yes,yes,56.2,47.5,59.8,56.0,D
10961,2.0,94.2,yes,yes,70.4,59.3,61.5,61.4,D
10962,6.7,68.8,yes,yes,68.0,51.3,67.1,74.1,C
10963,5.2,77.6,yes,no,53.2,59.6,82.0,63.0,D
10964,5.6,85.5,yes,yes,63.9,62.5,85.3,73.1,C
10965,4.1,52.3,yes,no,73.8,36.6,57.5,54.1,E
10966,3.1,58.0,yes,yes,38.4,63.7,36.2,45.9,E
10967,3.4,86.5,yes,no,58.2,54.8,54.7,58.0,D
10968,0.7,95.7,yes,no,29.4,66.5,50.5,48.3,E
10969,7.6,65.2,yes,yes,100.0,85.3,83.4,87.2,B
10970,3.2,69.7,yes,yes,39.1,48.8,35.5,45.0,E
10971,4.1,93.7,no,yes,79.9,78.2,73.5,75.0,C
10972,3.2,63.3,no,no,47.2,41.6,43.3,48.1,E
10973,3.2,96.3,yes,no,62.2,74.7,52.6,69.6,D
10974,5.6,57.1,yes,no,81.8,94.1,58.0,74.9,C
10975,5.5,62.6,yes,yes,60.1,70.4,67.5,66.0,D
10976,6.6,51.8,yes,no,87.9,74.9,78.5,78.3,C
10977,1.0,54.7,yes,yes,53.1,29.7,33.3,27.0,F
10978,7.1,62.8,yes,no,86.4,84.9,90.1,77.6,C
10979,7.7,82.8,no,yes,88.9,94.1,80.9,97.3,A
10980,7.9,60.0,yes,no,82.0,81.1,76.3,84.2,C
10981,1.5,97.0,no,yes,28.4,41.7,28.1,45.2,E
10982,4.2,67.4,no,no,39.3,65.7,79.5,62.2,D
10983,7.5,75.9,yes,no,70.1,95.6,82.1,83.2,C
10984,6.2,83.2,no,yes,73.6,74.1,57.4,73.0,C
10985,1.0,56.8,yes,yes,28.2,30.7,25.7,24.8,F
10986,7.0,84.4,yes,no,92.3,93.1,77.9,89.1,B
10987,6.8,56.0,yes,no,80.2,53.2,83.8,75.4,C
10988,6.4,91.3,yes,yes,92.8,88.6,84.0,91.3,B
10989,3.6,74.4,yes,yes,75.9,46.6,64.2,67.9,D
10990,5.2,54.5,yes,yes,59.6,47.6,42.0,57.8,D
10991,5.9,85.4,yes,yes,64.2,54.1,65.7,71.8,C
10992,3.5,53.8,yes,no,53.3,43.2,41.6,44.8,E
10993,6.4,98.7,yes,yes,77.3,81.3,89.7,88.4,B
10994,2.5,72.7,yes,yes,41.1,52.0,69.1,50.4,E
10995,1.9,69.1,yes,no,70.4,56.0,18.6,49.8,E
10996,6.9,65.7,yes,yes,68.7,74.5,85.1,79.0,C
10997,3.0,72.5,no,yes,59.7,44.3,44.7,51.1,E
10998,0.9,89.1,yes,no,42.6,36.8,33.6,36.9,F
10999,6.7,76.0,yes,yes,78.5,94.3,81.5,89.9,B
11000,6.5,82.2,yes,yes,100.0,84.5,87.7,94.4,B
11001,6.5,52.9,yes,no,67.7,61.3,53.8,70.4,C
11002,3.1,92.6,yes,no,55.9,69.1,69.1,59.8,D
11003,5.0,76.4,no,yes,58.5,69.6,57.9,62.0,D
11004,0.6,76.2,yes,no,39.1,44.7,52.7,34.5,F
11005,0.5,62.6,no,yes,19.3,32.1,35.5,26.3,F
11006,2.4,53.9,no,no,32.4,42.4,54.1,46.6,E
11007,4.4,66.8,no,no,63.6,37.5,81.4,56.9,D
11008,5.0,90.9,yes,yes,71.4,84.3,78.5,83.9,C
11009,1.5,77.4,no,no,37.2,68.4,59.3,51.7,E
11010,7.0,63.2,yes,yes,70.4,79.1,59.0,76.7,C
11011,7.7,79.7,yes,no,100.0,93.8,100.0,99.1,A
11012,1.4,67.6,yes,no,27.6,14.1,37.8,31.7,F
11013,6.7,61.2,no,yes,95.2,62.1,86.9,78.5,C
11014,5.1,87.0,yes,yes,84.1,81.9,77.3,85.3,B
11015,4.3,58.4,yes,no,59.5,57.0,62.2,58.7,D
11016,4.2,79.2,yes,yes,65.5,56.4,58.0,63.2,D
11017,6.1,86.7,yes,no,72.7,85.9,74.4,79.0,C
11018,2.1,53.1,yes,yes,31.8,25.8,28.5,31.6,F
11019,5.1,84.8,no,yes,89.2,72.2,84.9,83.7,C
11020,2.5,50.6,yes,no,40.8,48.9,40.6,38.7,F
11021,1.1,90.6,yes,no,42.6,50.2,61.2,49.0,E
11022,4.6,63.9,yes,no,68.0,56.6,69.3,58.5,D
11023,2.5,57.7,yes,no,32.8,43.5,50.8,52.1,E
11024,6.1,56.5,yes,no,73.8,55.8,74.0,67.4,D
11025,5.4,71.8,yes,yes,78.7,61.5,76.3,74.6,C
11026,2.2,64.4,yes,yes,38.8,38.7,31.1,38.0,F
11027,7.0,73.4,yes,yes,100.0,97.0,92.8,93.8,B
11028,3.1,92.3,no,yes,62.8,49.2,64.2,59.0,D
11029,5.8,55.2,yes,no,34.1,56.4,72.6,62.5,D
11030,2.5,63.0,yes,no,47.1,34.8,42.5,39.0,F
11031,2.0,55.7,yes,no,41.8,35.5,50.6,41.7,E
11032,7.0,81.9,yes,yes,95.3,85.5,100.0,94.0,B
11033,7.4,81.2,yes,yes,90.0,90.9,94.3,87.5,B
11034,3.1,92.4,yes,yes,72.2,64.8,70.0,71.2,C
11035,2.9,86.5,no,yes,54.2,67.2,64.0,65.5,D
11036,5.8,85.0,yes,no,71.2,74.7,70.1,77.2,C
11037,2.2,58.0,yes,no,42.0,31.4,38.5,33.3,F
11038,7.0,91.0,yes,yes,85.5,79.3,71.4,85.8,B
11039,0.6,50.4,yes,no,33.7,14.9,49.0,32.0,F
11040,1.6,85.7,yes,yes,48.9,36.1,40.7,42.2,E
11041,1.4,90.7,yes,no,41.3,40.8,31.2,43.6,E
11042,2.9,61.3,yes,yes,56.0,42.2,54.2,45.0,E
11043,7.0,65.6,yes,yes,85.4,73.0,76.8,83.2,C
11044,5.3,62.1,yes,yes,61.0,63.1,74.1,72.1,C
11045,1.3,91.0,no,no,38.3,48.6,31.8,41.6,E
11046,1.1,71.0,yes,yes,32.5,22.1,29.3,36.4,F
11047,2.7,68.2,yes,no,48.3,55.9,60.8,47.6,E
11048,5.1,75.1,yes,no,52.3,51.4,61.3,63.1,D
11049,5.0,86.5,yes,no,93.9,80.5,81.2,76.0,C
11050,1.4,83.0,no,no,45.6,38.1,37.6,37.3,F
11051,6.2,85.4,yes,yes,78.3,47.2,74.7,75.9,C
11052,5.2,97.4,yes,no,90.9,100.0,83.8,89.9,B
11053,7.9,62.8,yes,yes,94.7,100.0,72.9,85.1,B
11054,4.6,60.3,yes,yes,53.5,53.1,73.2,68.8,D
11055,3.0,82.5,yes,yes,61.6,64.8,59.2,58.5,D
11056,1.4,57.3,yes,yes,27.6,33.3,34.7,39.8,F
11057,7.4,82.2,yes,yes,100.0,85.4,96.4,100.0,A
11058,0.8,97.8,yes,no,43.6,40.9,64.2,52.2,E
11059,3.1,72.9,yes,no,57.5,54.4,61.9,54.4,E
11060,4.5,60.7,yes,yes,85.9,64.5,68.8,66.5,D
11061,4.8,99.7,yes,no,96.1,90.6,76.9,84.9,C
11062,4.9,69.1,yes,yes,57.3,72.0,71.5,67.5,D
11063,5.9,55.7,yes,yes,68.4,70.8,59.1,66.1,D
11064,1.5,70.8,yes,no,35.9,46.8,31.4,35.2,F
11065,5.9,54.4,yes,no,73.8,75.3,87.7,74.3,C
11066,7.2,54.2,no,yes,100.0,84.1,77.5,88.1,B
11067,0.7,52.4,yes,no,21.3,23.0,15.9,21.8,F
11068,0.8,72.7,yes,no,67.0,62.8,51.3,44.1,E
11069,7.9,73.0,yes,yes,88.9,96.0,100.0,95.3,A
11070,2.8,86.7,yes,yes,56.8,45.5,47.5,56.0,D
11071,3.9,77.2,yes,no,53.3,48.8,50.2,53.1,E
11072,2.8,93.0,yes,yes,54.0,45.6,66.3,51.1,E
11073,4.7,93.6,yes,no,87.2,87.6,94.0,79.1,C
11074,5.8,58.5,yes,no,78.4,56.7,60.2,65.3,D
11075,6.2,52.1,yes,yes,76.7,78.7,76.6,77.6,C
11076,3.2,85.3,yes,no,56.7,64.0,61.3,58.6,D
11077,2.5,50.5,no,yes,37.7,51.2,47.6,38.4,F
11078,4.6,69.7,yes,no,73.6,61.0,60.0,64.3,D
11079,3.4,52.7,yes,no,36.3,56.8,45.5,48.4,E
11080,5.2,72.9,yes,yes,75.7,87.7,100.0,80.2,C
11081,5.1,72.5,yes,no,78.7,47.9,71.3,60.6,D
11082,7.2,92.3,yes,no,79.0,99.6,100.0,100.0,A
11083,0.5,82.3,yes,no,51.5,42.6,37.1,42.5,E
11084,1.3,70.1,yes,no,49.5,63.7,40.1,37.6,F
11085,6.4,75.5,no,no,96.8,96.3,86.1,87.3,B
11086,4.9,77.5,yes,no,62.7,74.3,63.6,67.8,D
11087,1.0,61.3,yes,yes,36.5,11.5,19.8,26.2,F
11088,7.6,88.8,yes,yes,92.7,82.3,78.9,86.5,B
11089,5.4,73.4,yes,no,79.4,53.4,73.1,73.6,C
11090,4.1,81.9,yes,yes,57.2,48.4,55.7,68.1,D
11091,6.3,51.6,yes,yes,61.6,63.6,44.0,64.3,D
11092,5.0,55.5,yes,yes,55.0,44.5,45.5,54.0,E
11093,3.3,79.5,yes,yes,93.5,65.1,68.4,67.9,D
11094,2.7,87.2,yes,no,36.8,55.7,35.7,49.0,E
11095,3.9,66.0,yes,yes,49.5,39.3,33.7,50.3,E
11096,4.1,97.3,yes,yes,71.1,70.3,56.3,67.1,D
11097,5.8,92.5,no,yes,83.8,88.1,86.2,83.5,C
11098,4.0,76.2,no,no,54.3,57.0,54.4,52.6,E
11099,0.6,82.0,yes,yes,13.0,36.2,20.2,29.2,F
11100,5.6,79.7,yes,yes,85.7,87.3,74.9,82.9,C
11101,1.0,65.3,yes,yes,32.0,44.0,42.3,42.6,E
11102,6.8,53.1,no,yes,84.6,77.4,86.1,85.2,B
11103,5.8,90.2,yes,yes,79.8,73.4,76.7,80.6,C
11104,5.0,73.0,yes,yes,85.3,45.9,83.1,71.8,C
11105,3.9,92.1,yes,yes,35.2,74.1,56.1,59.0,D
11106,1.8,68.7,yes,yes,23.9,68.6,54.5,45.0,E
11107,5.4,50.7,yes,yes,61.1,63.3,77.4,67.4,D
11108,1.3,56.3,yes,no,43.2,34.2,17.5,34.2,F
11109,5.0,57.9,yes,yes,62.3,67.8,67.3,59.2,D
11110,1.9,86.5,yes,no,55.1,57.7,64.4,55.3,D
11111,5.0,51.6,yes,no,82.3,67.6,75.9,68.7,D
11112,1.6,91.0,yes,yes,35.7,47.4,29.5,43.8,E
11113,1.2,84.5,yes,yes,40.5,65.3,42.0,46.2,E
11114,4.0,66.2,yes,no,59.1,53.0,48.7,53.6,E
11115,5.8,76.1,yes,yes,76.7,76.9,87.8,73.1,C
11116,2.3,96.6,yes,no,45.9,48.4,65.8,52.9,E
11117,4.2,53.5,yes,no,47.7,53.2,46.8,53.1,E
11118,6.5,68.2,no,no,68.0,84.9,72.2,75.7,C
11119,4.6,69.6,yes,no,47.6,60.0,45.3,60.5,D
11120,5.0,98.2,yes,yes,75.8,72.8,80.6,81.4,C
11121,2.2,98.8,yes,no,44.3,47.9,82.6,64.4,D
11122,1.4,92.1,yes,no,37.9,30.3,20.4,39.4,F
11123,1.6,69.1,yes,no,34.4,51.1,19.5,36.3,F
11124,7.8,94.5,yes,no,98.1,95.2,89.2,97.1,A
11125,1.1,74.2,no,yes,52.9,22.7,40.8,40.4,E
11126,1.6,82.2,yes,yes,36.3,19.3,38.4,37.5,F
11127,2.0,96.4,yes,yes,37.0,50.1,37.0,45.6,E
11128,6.4,62.4,no,yes,66.8,51.7,75.4,69.3,D
11129,3.5,93.0,yes,no,50.8,46.9,62.4,60.9,D
11130,6.4,70.0,yes,yes,79.9,78.7,87.7,75.1,C
11131,3.6,93.6,yes,yes,71.1,77.0,62.2,63.1,D
11132,6.5,77.4,yes,yes,100.0,99.8,87.7,92.3,B
11133,7.2,62.4,yes,no,90.2,63.1,85.4,77.1,C
11134,3.9,88.3,yes,yes,49.1,71.5,80.8,65.0,D
11135,7.9,55.8,yes,no,83.0,100.0,72.5,87.8,B
11136,7.5,57.2,yes,yes,100.0,70.8,91.4,80.8,C
11137,0.6,57.4,no,no,36.4,30.2,12.5,26.2,F
11138,4.7,92.0,yes,no,77.9,84.2,87.0,72.8,C
11139,5.4,93.6,yes,yes,88.5,97.6,72.1,89.7,B
11140,6.8,78.6,yes,no,90.5,59.3,85.2,78.0,C
11141,5.6,64.0,yes,yes,64.4,59.9,73.6,67.5,D
11142,5.7,69.7,yes,no,73.2,75.6,77.8,78.7,C
11143,2.7,59.2,no,yes,57.1,52.7,61.6,54.5,E
11144,6.7,50.2,no,yes,67.9,66.1,76.8,69.0,D
11145,1.0,92.0,yes,yes,39.0,32.1,51.0,45.8,E
11146,5.4,59.7,no,yes,53.1,51.7,49.9,59.1,D
11147,2.0,54.0,yes,no,55.1,37.7,35.7,44.9,E
11148,6.2,56.6,yes,yes,84.1,70.3,75.7,68.6,D
11149,6.4,96.3,no,no,92.6,82.4,75.8,87.6,B
11150,1.8,68.2,yes,no,26.9,30.5,11.5,32.6,F
11151,6.5,82.4,yes,yes,86.4,67.4,81.8,87.8,B
11152,6.8,51.6,yes,no,56.6,73.2,57.6,66.4,D
11153,0.9,76.5,yes,yes,25.1,36.9,44.0,37.0,F
11154,3.7,87.3,yes,yes,70.1,72.7,70.7,67.9,D
11155,1.9,53.3,yes,yes,42.3,35.6,55.6,43.5,E
11156,1.4,64.9,no,yes,53.3,40.5,53.2,41.3,E
11157,6.5,66.1,yes,yes,80.5,73.4,80.2,72.3,C
11158,2.7,94.4,no,yes,40.5,55.1,47.3,58.7,D
11159,5.3,83.3,yes,yes,84.9,69.6,78.4,70.0,D
11160,0.5,93.3,no,yes,36.2,48.5,63.0,40.5,E
11161,1.1,68.8,yes,no,22.9,27.4,28.5,28.1,F
11162,5.1,79.6,yes,no,78.7,88.9,88.7,80.9,C
11163,3.3,75.9,no,yes,62.5,70.1,60.1,63.4,D
11164,7.1,63.8,yes,yes,68.4,66.5,56.9,82.6,C
11165,1.1,71.1,yes,no,43.7,48.7,31.7,38.2,F
11166,5.2,62.2,yes,yes,62.0,64.7,81.3,67.1,D
11167,5.8,50.8,yes,no,58.7,77.0,67.2,70.0,C
11168,5.1,98.4,yes,no,95.2,86.6,94.6,85.0,C
11169,5.6,97.9,yes,no,78.3,81.7,100.0,90.0,B
11170,2.4,91.2,yes,yes,55.1,20.2,46.3,51.5,E
11171,6.3,58.7,yes,no,66.6,96.9,65.1,71.1,C
11172,4.7,51.0,yes,yes,77.4,56.7,60.0,64.8,D
11173,6.4,59.8,yes,yes,74.0,63.7,55.7,67.5,D
11174,1.4,93.6,no,no,58.2,34.7,47.2,48.0,E
11175,1.5,57.7,yes,no,9.8,18.9,12.8,29.8,F
11176,3.5,61.7,yes,no,43.8,47.2,24.4,49.6,E
11177,3.4,84.6,yes,no,57.2,49.8,63.3,59.3,D
11178,1.5,73.9,yes,no,49.1,39.6,40.7,45.8,E
11179,1.1,82.7,yes,no,46.7,31.8,27.2,34.3,F
11180,1.1,78.2,no,yes,20.4,45.6,46.2,37.4,F
11181,0.9,78.6,yes,yes,42.6,42.9,42.2,40.0,F
11182,0.7,93.6,yes,no,40.4,35.2,37.5,49.2,E
11183,6.6,60.9,yes,yes,77.6,91.2,83.3,80.2,C
11184,7.5,57.0,yes,yes,73.0,75.9,95.9,83.8,C
11185,3.7,70.2,yes,yes,80.1,35.9,63.5,53.3,E
11186,1.9,76.7,yes,yes,62.6,56.6,66.2,55.4,D
11187,3.0,74.5,yes,no,56.3,52.6,59.0,58.5,D
11188,6.6,77.0,yes,yes,69.1,49.0,71.9,75.7,C
11189,7.5,74.3,yes,yes,91.1,79.1,94.0,84.1,C
11190,2.3,75.9,yes,yes,49.3,61.0,69.9,51.5,E
11191,0.7,96.6,no,no,49.0,45.6,42.9,45.3,E
11192,2.8,52.5,yes,yes,48.1,31.1,39.7,44.9,E
11193,3.4,97.1,yes,no,58.9,68.3,80.3,63.7,D
11194,0.5,79.4,yes,yes,50.8,50.1,43.0,44.7,E
11195,5.6,52.4,yes,yes,52.7,60.5,55.5,59.2,D
11196,1.4,52.7,yes,yes,15.0,42.4,20.9,26.3,F
11197,1.1,78.6,yes,yes,39.3,49.7,43.0,36.8,F
11198,5.9,84.5,yes,yes,97.6,94.5,87.1,87.4,B
11199,6.3,76.0,yes,no,76.5,77.7,84.9,89.4,B
11200,1.9,72.4,no,yes,63.4,44.7,40.0,40.7,E
11201,6.3,63.9,yes,no,59.5,70.0,67.6,70.2,C
11202,2.7,80.3,yes,yes,61.0,53.7,53.4,58.0,D
11203,2.8,94.9,yes,no,90.0,63.2,70.0,66.2,D
11204,1.4,71.1,yes,no,30.0,15.8,44.9,43.3,E
11205,2.2,84.8,yes,no,32.1,45.0,46.8,43.4,E
11206,0.8,50.9,yes,yes,38.6,22.7,35.1,24.9,F
11207,5.5,72.5,yes,no,91.7,58.3,63.2,75.9,C
11208,6.9,88.1,yes,no,63.6,71.8,65.1,80.7,C
11209,0.9,92.1,yes,no,26.7,9.6,25.6,34.2,F
11210,2.4,76.9,yes,no,44.3,60.0,49.0,49.0,E
11211,3.1,78.3,yes,yes,41.7,68.1,48.8,47.4,E
11212,3.4,56.9,yes,no,61.5,58.4,50.8,57.6,D
11213,6.7,64.8,yes,yes,79.3,78.3,77.3,78.1,C
11214,0.8,83.4,yes,yes,28.1,29.7,35.8,43.3,E
11215,5.1,88.3,yes,yes,100.0,93.9,70.2,85.9,B
11216,4.5,54.1,yes,yes,36.5,38.6,36.3,49.9,E
11217,6.8,98.0,yes,no,100.0,92.2,100.0,100.0,A
11218,2.8,97.7,yes,no,30.9,33.2,37.5,54.3,E
11219,1.3,59.4,yes,yes,32.8,43.1,53.4,43.0,E
11220,1.5,52.3,yes,no,26.5,27.1,37.7,37.2,F
11221,5.2,67.1,yes,yes,84.6,41.5,53.9,63.4,D
11222,4.6,97.9,yes,no,63.0,54.9,67.5,69.3,D
11223,4.9,72.2,yes,no,73.7,87.3,59.7,69.6,D
11224,1.5,65.7,yes,no,41.9,42.6,50.1,34.1,F
11225,0.8,94.7,yes,yes,60.4,61.9,49.7,53.9,E
11226,4.7,56.7,yes,no,60.4,44.2,54.2,65.4,D
11227,1.1,97.1,yes,no,51.8,57.0,81.8,55.1,D
11228,7.5,90.4,yes,no,94.2,92.9,86.7,87.4,B
11229,6.5,69.2,yes,no,87.0,93.5,92.1,85.1,B
11230,1.8,89.4,yes,yes,58.4,40.2,43.2,41.8,E
11231,5.0,87.8,yes,yes,50.6,74.6,76.4,73.8,C
11232,1.5,79.0,yes,yes,52.1,43.2,48.2,41.0,E
11233,7.5,89.1,yes,no,100.0,100.0,100.0,100.0,A
11234,4.9,75.0,yes,yes,96.5,72.1,70.5,78.3,C
11235,2.9,92.1,yes,yes,83.1,60.9,58.4,59.4,D
11236,5.6,89.7,yes,no,75.1,95.6,76.0,75.7,C
11237,0.5,95.3,yes,yes,49.8,46.8,42.2,45.3,E
11238,2.7,89.9,yes,yes,55.1,58.0,72.1,58.8,D
11239,2.3,96.0,yes,no,73.3,81.5,75.2,62.7,D
11240,3.1,58.9,no,no,54.1,43.2,19.3,43.2,E
11241,1.1,63.9,yes,no,31.9,46.3,42.4,35.1,F
11242,7.8,72.6,no,yes,98.9,100.0,96.1,91.1,B
11243,4.0,62.1,yes,yes,50.9,47.1,57.1,51.4,E
11244,6.9,94.8,yes,yes,85.4,97.8,98.3,93.8,B
11245,0.9,59.0,yes,no,41.1,37.0,33.8,38.0,F
11246,6.8,72.9,yes,no,93.0,75.8,100.0,87.2,B
11247,5.4,76.1,yes,no,86.1,68.7,52.9,79.7,C
11248,5.6,93.7,yes,yes,74.6,89.8,63.8,83.4,C
11249,6.5,63.0,yes,yes,83.4,91.6,73.3,85.4,B
11250,4.4,98.5,yes,yes,56.4,77.9,75.3,72.4,C
11251,5.3,64.6,yes,no,71.7,68.8,62.2,70.1,C
11252,7.2,58.1,no,no,83.6,72.1,83.2,82.5,C
11253,1.4,62.7,yes,yes,15.4,49.7,21.5,29.4,F
11254,0.9,94.1,yes,yes,37.0,42.8,41.3,51.3,E
11255,7.9,57.6,yes,yes,100.0,98.3,98.3,94.3,B
11256,7.1,51.6,yes,yes,90.7,70.2,82.7,77.7,C
11257,4.4,64.6,yes,no,52.3,55.4,82.6,60.6,D
11258,6.4,77.2,yes,yes,82.0,77.6,85.9,83.3,C
11259,7.1,67.8,yes,no,76.4,91.1,86.6,91.2,B
11260,4.0,58.0,no,no,56.9,52.4,43.4,47.8,E
11261,1.2,68.2,yes,no,44.8,37.3,9.6,29.9,F
11262,4.1,84.6,yes,no,51.6,47.6,68.7,62.9,D
11263,3.1,71.8,yes,no,49.4,48.4,65.0,63.5,D
11264,0.7,78.6,yes,no,32.4,29.2,32.7,34.3,F
11265,7.7,97.4,yes,yes,100.0,98.9,100.0,100.0,A
11266,5.9,87.4,yes,yes,76.2,80.5,79.2,89.0,B
11267,6.4,90.2,yes,yes,76.2,91.0,65.9,88.4,B
11268,5.0,64.4,yes,no,67.9,55.7,55.4,57.5,D
11269,2.5,75.6,yes,yes,36.9,44.9,50.4,53.7,E
11270,4.9,67.2,no,yes,49.7,73.2,67.3,64.9,D
11271,5.6,74.2,yes,no,74.6,80.3,77.2,76.2,C
11272,5.0,55.6,yes,yes,84.7,68.7,66.9,66.0,D
11273,1.5,75.9,no,yes,31.7,33.0,30.3,36.9,F
11274,6.6,76.3,yes,no,62.7,67.2,94.6,74.6,C
11275,2.7,78.7,no,yes,66.9,72.3,73.0,61.6,D
11276,3.5,61.7,yes,no,68.9,57.7,48.1,57.6,D
11277,4.6,61.1,yes,no,79.0,52.6,79.0,65.3,D
11278,7.8,68.4,yes,no,94.8,98.3,95.1,91.0,B
11279,2.8,76.9,yes,yes,59.5,74.1,38.1,53.5,E
11280,0.8,66.8,yes,no,44.6,30.3,50.3,38.4,F
11281,7.8,85.3,yes,yes,89.3,87.4,82.6,87.2,B
11282,7.7,79.3,no,no,100.0,96.7,93.9,98.1,A
11283,2.0,55.6,yes,no,47.6,53.6,44.9,46.9,E
11284,6.7,61.2,yes,no,83.3,83.4,85.4,84.0,C
11285,7.4,80.2,yes,no,100.0,94.1,97.4,100.0,A
11286,0.6,76.6,no,yes,37.1,41.5,44.6,34.9,F
11287,6.2,67.0,yes,no,100.0,87.9,100.0,83.9,C
11288,1.8,58.6,yes,yes,61.6,54.8,38.3,41.7,E
11289,6.7,96.0,yes,yes,89.5,100.0,83.8,98.9,A
11290,0.7,72.5,yes,yes,33.8,23.5,21.2,25.7,F
11291,5.7,60.6,no,yes,60.3,68.4,50.8,59.9,D
11292,6.6,86.0,yes,yes,96.1,100.0,87.2,92.7,B
11293,0.8,62.8,yes,yes,44.1,43.8,18.6,32.4,F
11294,6.2,63.3,yes,no,64.2,68.1,71.4,66.9,D
11295,1.4,91.4,yes,no,33.3,25.7,27.2,41.4,E
11296,1.1,95.4,no,yes,34.3,28.9,28.6,40.0,E
11297,7.4,73.4,yes,no,81.4,77.5,98.9,82.9,C
11298,7.4,81.6,no,yes,80.0,93.9,85.2,100.0,A
11299,6.1,68.1,yes,yes,73.2,83.9,64.2,76.8,C
11300,7.2,81.7,no,yes,99.7,100.0,100.0,99.8,A
11301,0.6,86.4,yes,no,42.3,35.8,32.2,33.3,F
11302,4.3,86.1,yes,no,62.2,69.9,56.8,68.3,D
11303,7.0,52.0,yes,no,81.3,71.1,66.9,77.2,C
11304,7.2,54.9,yes,yes,86.7,100.0,100.0,86.0,B
11305,3.3,85.4,no,no,59.5,53.5,59.1,51.0,E
11306,2.9,76.6,no,yes,64.4,54.0,55.6,52.7,E
11307,5.7,97.2,yes,yes,74.8,78.3,87.3,79.0,C
11308,1.0,55.2,yes,yes,47.6,22.7,32.5,36.0,F
11309,6.4,99.5,yes,no,99.7,100.0,91.3,89.9,B
11310,2.4,56.7,yes,yes,28.5,38.5,36.7,31.9,F
11311,4.4,51.6,yes,no,58.2,68.4,41.9,47.6,E
11312,1.9,94.9,no,yes,49.1,53.9,47.6,46.6,E
11313,6.0,75.2,yes,yes,75.6,75.9,83.9,68.5,D
11314,7.7,64.3,yes,no,89.5,78.5,72.3,83.8,C
11315,4.6,78.6,yes,yes,71.1,79.6,71.3,76.4,C
11316,7.6,68.9,yes,no,85.1,97.2,85.1,91.2,B
11317,3.5,99.4,yes,no,75.7,43.2,70.1,62.5,D
11318,2.6,88.7,yes,yes,43.6,66.4,59.2,48.2,E
11319,6.8,82.8,no,yes,62.8,87.9,67.9,82.9,C
11320,0.8,66.1,no,no,31.6,50.9,35.4,38.7,F
11321,2.6,51.3,yes,no,47.2,46.2,27.5,34.9,F
11322,5.7,89.9,yes,yes,100.0,76.7,91.3,86.4,B
11323,1.9,52.4,no,no,54.0,35.1,42.6,42.6,E
11324,7.2,55.7,yes,no,80.0,82.5,92.8,83.9,C
11325,4.1,79.4,yes,no,61.7,62.0,84.1,65.1,D
11326,2.3,87.8,yes,no,52.4,51.7,27.4,48.5,E
11327,3.3,70.4,yes,no,63.5,67.4,36.4,57.5,D
11328,2.6,79.5,no,no,33.2,36.6,53.4,53.4,E
11329,5.8,98.7,yes,yes,67.1,73.1,80.3,76.1,C
11330,1.3,64.1,no,yes,46.7,55.1,36.9,45.6,E
11331,6.9,52.2,yes,yes,78.4,65.2,81.9,81.2,C
11332,1.6,61.1,yes,yes,20.0,34.0,30.7,27.9,F
11333,2.6,72.3,yes,yes,52.3,58.7,34.3,47.8,E
11334,5.2,88.9,yes,yes,73.7,69.5,82.4,79.3,C
11335,3.2,71.0,no,no,42.7,64.4,67.9,61.4,D
11336,4.3,79.4,yes,yes,78.5,75.6,68.9,68.6,D
11337,4.8,78.3,yes,yes,62.7,68.5,48.6,63.7,D
11338,2.4,74.4,no,no,55.4,59.5,42.3,52.0,E
11339,4.5,58.0,yes,yes,48.4,63.2,63.9,59.4,D
11340,7.5,53.4,yes,no,70.3,83.2,97.9,80.1,C
11341,0.5,60.1,yes,yes,13.0,33.2,34.7,30.4,F
11342,5.0,63.5,yes,no,77.2,83.6,70.6,73.3,C
11343,2.9,59.4,yes,no,36.2,32.7,40.2,38.3,F
11344,7.0,59.6,yes,no,89.7,85.4,75.0,77.8,C
11345,1.2,80.4,yes,no,36.5,30.0,46.3,42.8,E
11346,1.0,72.7,yes,yes,28.0,24.2,42.5,37.9,F
11347,3.5,62.5,yes,yes,49.2,33.8,43.5,59.4,D
11348,5.6,61.8,yes,yes,79.2,66.2,84.1,71.7,C
11349,0.5,57.2,no,no,41.4,9.1,35.6,18.3,F
11350,6.6,84.6,yes,yes,81.2,82.9,72.8,84.8,C
11351,3.0,73.8,yes,no,60.3,55.5,47.4,54.2,E
11352,7.4,83.2,yes,no,88.8,86.7,100.0,94.1,B
11353,7.3,68.9,yes,no,78.8,90.7,79.6,82.8,C
11354,6.2,54.3,no,yes,65.5,82.2,65.7,77.2,C
11355,6.0,91.2,no,yes,92.0,79.2,75.1,90.9,B
11356,5.0,52.1,yes,yes,60.1,45.9,64.9,66.4,D
11357,6.5,68.4,yes,no,72.7,81.3,69.2,82.0,C
11358,1.8,79.3,yes,no,55.8,34.0,49.7,44.1,E
11359,6.6,83.2,yes,yes,100.0,100.0,91.8,91.7,B
11360,4.7,74.1,yes,yes,75.0,68.7,80.6,63.1,D
11361,6.4,89.9,yes,yes,85.9,77.8,95.2,83.4,C
11362,4.2,74.0,yes,no,49.5,61.1,57.0,57.4,D
11363,5.2,91.8,yes,no,90.8,88.9,99.0,87.3,B
11364,3.1,62.3,yes,no,54.7,62.3,45.7,52.0,E
11365,3.7,73.6,no,no,42.6,43.8,43.4,51.1,E
11366,3.2,51.5,no,no,74.9,82.7,68.8,56.1,D
11367,6.1,78.9,yes,no,89.1,94.7,100.0,89.1,B
11368,2.0,70.1,yes,yes,42.9,42.9,52.2,41.2,E
11369,7.5,84.1,yes,no,92.9,96.5,79.1,91.1,B
11370,6.7,87.1,no,no,85.1,75.9,67.5,80.2,C
11371,7.0,71.7,yes,no,88.2,89.4,97.9,90.8,B
11372,7.4,80.4,yes,yes,100.0,80.9,81.5,90.5,B
11373,3.8,86.6,yes,yes,80.9,76.4,58.0,66.4,D
11374,7.2,91.8,yes,no,77.1,94.3,94.7,96.3,A
11375,3.8,55.3,yes,yes,58.0,59.6,53.6,60.2,D
11376,1.3,77.4,yes,yes,61.5,47.6,69.1,50.3,E
11377,0.9,96.2,yes,no,52.7,45.7,64.9,48.1,E
11378,1.0,64.2,yes,no,13.0,16.5,40.2,23.8,F
11379,1.9,81.4,yes,yes,45.7,47.7,46.7,49.6,E
11380,3.2,64.1,no,yes,66.7,25.6,69.0,51.6,E
11381,7.8,90.2,yes,yes,74.3,100.0,88.8,90.1,B
11382,2.3,87.2,no,no,49.2,45.2,55.4,47.9,E
11383,7.3,97.5,yes,yes,99.0,94.1,100.0,100.0,A
11384,6.6,84.9,yes,no,77.1,91.4,74.5,81.0,C
11385,7.0,74.5,yes,no,88.2,100.0,99.6,91.3,B
11386,6.4,77.1,yes,yes,82.4,62.8,73.6,76.1,C
11387,7.8,89.0,yes,yes,100.0,100.0,100.0,100.0,A
11388,1.4,86.9,yes,yes,49.5,33.9,38.8,46.3,E
11389,4.1,55.9,yes,yes,68.4,63.4,67.5,62.2,D
11390,3.1,65.0,yes,yes,55.1,71.2,63.3,56.5,D
11391,2.6,84.1,yes,no,59.1,35.3,52.7,45.2,E
11392,3.9,55.0,yes,no,54.0,38.1,68.0,46.8,E
11393,4.1,83.0,yes,yes,63.3,81.8,83.1,69.0,D
11394,7.9,93.2,yes,yes,100.0,73.2,93.1,100.0,A
11395,2.5,68.4,yes,no,50.6,54.4,32.0,40.2,E
11396,7.3,60.9,no,yes,82.2,66.8,91.5,80.0,C
11397,1.8,92.7,yes,yes,43.0,55.9,67.7,52.6,E
11398,5.5,74.1,yes,yes,64.9,69.6,61.3,83.1,C
11399,2.8,91.6,yes,no,65.5,58.0,63.2,59.0,D
11400,7.7,53.9,yes,no,77.6,82.0,69.7,88.4,B
11401,5.3,60.6,yes,no,57.4,60.9,70.9,65.7,D
11402,1.0,50.1,no,no,18.3,17.4,35.9,26.3,F
11403,7.4,72.4,no,yes,81.8,94.5,92.5,91.6,B
11404,2.7,94.1,yes,no,58.5,57.1,61.7,61.9,D
11405,7.5,82.3,yes,yes,86.9,92.1,83.7,86.1,B
11406,0.6,50.9,yes,yes,10.5,20.4,24.2,17.9,F
11407,2.1,51.2,yes,yes,37.4,45.4,52.0,46.0,E
11408,2.6,86.0,yes,yes,53.8,62.2,67.6,57.5,D
11409,5.7,54.6,no,no,59.2,62.3,66.0,61.5,D
11410,6.5,61.0,yes,yes,69.8,47.4,55.5,67.1,D
11411,5.2,84.9,yes,no,85.1,86.5,64.6,82.9,C
11412,1.0,62.4,yes,no,26.7,33.8,30.3,39.0,F
11413,3.8,74.5,yes,yes,68.3,49.7,58.1,59.8,D
11414,4.2,69.8,yes,no,56.1,57.6,85.3,69.8,D
11415,3.2,67.2,yes,no,49.5,38.4,55.4,47.0,E
11416,3.6,62.6,yes,yes,62.0,69.1,82.1,63.3,D
11417,4.1,70.4,no,no,79.1,42.1,69.1,62.2,D
11418,4.7,59.1,no,no,54.0,64.3,70.6,58.6,D
11419,5.2,97.7,yes,yes,72.2,57.9,53.2,71.7,C
11420,2.1,65.8,yes,no,35.6,34.7,20.3,34.9,F
11421,7.3,86.4,yes,no,93.1,100.0,100.0,87.1,B
11422,6.7,64.6,yes,no,90.6,82.3,80.7,78.8,C
11423,6.4,63.1,no,yes,69.6,61.5,65.8,66.9,D
11424,6.5,74.1,yes,no,100.0,64.2,63.0,81.4,C
11425,4.4,86.6,no,no,75.9,81.1,85.2,78.5,C
11426,7.6,50.2,yes,yes,98.4,78.3,84.7,86.4,B
11427,3.2,58.6,yes,yes,61.3,51.6,38.2,59.0,D
11428,3.6,88.7,yes,no,71.1,91.1,76.5,69.7,D
11429,6.6,67.6,yes,yes,66.6,77.7,77.2,78.7,C
11430,7.0,92.8,yes,yes,94.5,78.9,86.4,88.7,B
11431,3.9,56.7,yes,no,61.3,60.6,71.1,63.5,D
11432,6.9,90.6,yes,no,92.4,83.5,85.5,92.7,B
11433,5.2,81.1,yes,yes,71.3,68.3,58.7,71.4,C
11434,3.4,58.4,no,yes,62.4,51.3,50.7,57.0,D
11435,7.3,50.6,yes,yes,97.3,87.9,94.3,85.6,B
11436,4.3,94.1,yes,yes,70.1,67.8,61.4,72.0,C
11437,6.9,64.4,no,yes,76.7,94.4,81.3,80.0,C
11438,6.6,62.1,yes,no,88.2,96.4,96.2,85.7,B
11439,1.2,59.2,yes,yes,19.3,21.2,30.4,29.8,F
11440,7.0,67.8,yes,no,82.2,85.1,85.2,90.8,B
11441,1.7,76.2,yes,no,55.8,41.5,56.6,50.6,E
11442,6.6,73.9,yes,yes,70.2,76.8,75.6,75.9,C
11443,6.2,92.6,yes,no,87.4,87.4,76.8,79.5,C
11444,6.0,59.9,yes,no,63.1,61.9,57.6,64.1,D
11445,7.4,87.3,yes,no,96.5,100.0,100.0,100.0,A
11446,5.0,95.5,yes,no,93.1,88.7,89.6,81.7,C
11447,3.0,51.8,yes,no,33.6,47.0,35.1,40.2,E
11448,4.9,87.6,yes,yes,74.5,88.3,72.7,74.5,C
11449,5.7,63.7,yes,yes,61.4,70.0,76.8,67.8,D
11450,3.2,72.4,yes,no,63.2,67.7,62.7,63.3,D
11451,2.4,53.1,no,yes,42.8,40.0,35.2,36.4,F
11452,4.2,64.7,no,yes,55.0,52.6,40.1,53.5,E
11453,7.2,55.6,yes,no,78.7,72.2,79.7,79.1,C
11454,5.2,61.6,yes,no,54.9,66.1,61.4,56.3,D
11455,7.2,51.6,no,no,87.9,79.3,82.1,85.3,B
11456,4.1,96.9,yes,no,78.9,73.2,76.4,74.5,C
11457,7.6,94.8,no,no,100.0,100.0,95.6,100.0,A
11458,6.4,82.5,no,no,82.3,99.5,65.6,80.6,C
11459,3.2,66.3,yes,no,46.9,70.9,32.6,52.8,E
11460,3.9,97.2,yes,no,63.6,71.8,74.3,64.9,D
11461,8.0,98.6,yes,yes,95.6,100.0,100.0,100.0,A
11462,7.7,89.7,yes,no,100.0,100.0,100.0,100.0,A
11463,3.6,84.1,yes,no,67.2,63.7,62.2,69.8,D
11464,6.8,66.4,yes,no,68.9,71.6,80.2,71.3,C
11465,7.3,94.2,yes,yes,100.0,100.0,89.8,95.4,A
11466,2.4,75.0,yes,yes,49.9,52.4,43.0,50.8,E
11467,4.4,81.6,yes,no,47.8,66.7,78.9,65.9,D
11468,6.2,58.7,yes,yes,86.6,69.5,62.6,70.0,D
11469,1.1,51.1,yes,yes,32.7,47.7,30.1,32.8,F
11470,6.5,99.4,yes,yes,96.9,100.0,97.2,100.0,A
11471,2.1,81.1,no,no,39.7,34.8,36.3,42.9,E
11472,4.1,84.3,yes,yes,62.7,62.0,81.2,66.0,D
11473,3.3,52.5,yes,yes,53.6,43.1,55.3,41.3,E
11474,6.1,71.1,yes,yes,61.7,55.9,52.0,67.3,D
11475,2.2,64.2,yes,no,31.0,35.9,41.2,36.7,F
11476,4.0,91.8,yes,no,59.2,55.4,59.5,60.9,D
11477,2.5,74.3,yes,yes,29.5,31.4,37.9,45.0,E
11478,0.9,69.2,yes,yes,29.2,36.3,29.6,33.3,F
11479,6.8,57.4,yes,yes,94.9,92.7,87.2,85.2,B
11480,2.2,69.2,yes,yes,56.5,64.7,54.4,53.4,E
11481,2.2,68.1,no,no,44.2,38.7,44.9,38.9,F
11482,0.9,89.4,no,no,28.7,30.5,41.4,34.6,F
11483,4.3,92.4,yes,no,64.2,78.0,65.5,80.1,C
11484,2.5,69.0,yes,yes,52.9,63.4,45.1,46.4,E
11485,4.7,70.5,yes,yes,56.9,57.5,64.3,66.6,D
11486,5.9,98.8,no,yes,68.5,83.1,92.3,83.7,C
11487,0.8,68.9,yes,no,35.6,35.9,20.3,43.1,E
11488,2.0,81.4,yes,no,51.1,67.1,75.3,57.6,D
11489,3.4,56.7,yes,yes,47.7,53.4,58.6,58.7,D
11490,7.1,71.4,yes,yes,89.5,73.0,92.7,89.3,B
11491,1.3,62.1,yes,no,60.9,35.0,20.8,39.6,F
11492,6.1,62.1,yes,yes,67.2,69.5,64.4,67.6,D
11493,7.7,61.7,yes,yes,76.6,91.6,71.9,82.9,C
11494,1.1,73.7,yes,no,34.1,44.2,43.6,33.5,F
11495,3.0,64.7,yes,no,59.1,40.9,44.9,49.8,E
11496,6.3,90.8,no,yes,56.1,73.2,76.1,77.5,C
11497,7.5,72.4,yes,no,92.2,95.3,89.4,96.4,A
11498,2.4,52.7,yes,yes,52.7,49.0,40.2,50.1,E
11499,5.3,71.9,yes,yes,75.6,56.0,79.3,72.1,C
11500,6.0,55.0,yes,no,63.5,66.8,58.4,68.2,D
11501,3.5,57.4,yes,no,42.7,48.1,57.7,55.8,D
11502,5.5,56.8,yes,yes,68.2,72.8,61.0,66.3,D
11503,4.6,89.6,yes,yes,64.6,88.7,76.2,72.2,C
11504,7.5,71.5,yes,no,67.4,99.7,100.0,94.0,B
11505,4.5,50.0,yes,no,47.5,42.2,47.4,46.4,E
11506,4.4,75.6,yes,yes,72.3,68.6,79.4,69.9,D
11507,5.5,60.1,yes,yes,59.0,77.2,70.3,61.2,D
11508,1.6,85.9,yes,yes,62.3,28.9,49.0,45.5,E
11509,4.5,97.1,no,yes,76.9,74.4,74.4,72.3,C
11510,0.9,58.5,yes,no,41.7,47.6,32.3,40.3,E
11511,5.2,63.8,yes,no,88.0,85.6,66.3,73.3,C
11512,4.5,85.6,yes,no,82.1,44.4,66.4,63.7,D
11513,6.8,81.6,yes,no,88.8,71.4,72.1,80.0,C
11514,6.5,91.4,yes,yes,79.0,79.0,78.6,83.5,C
11515,3.7,82.5,yes,no,70.5,63.8,72.9,66.2,D
11516,5.4,59.5,yes,no,81.9,68.2,83.3,73.8,C
11517,2.8,91.8,yes,no,34.9,55.4,30.4,58.7,D
11518,3.4,58.0,yes,no,44.0,53.8,54.9,55.8,D
11519,1.1,54.2,yes,no,30.6,23.8,32.9,25.0,F
11520,1.3,97.0,yes,no,54.7,53.7,51.7,55.8,D
11521,6.6,79.2,no,no,94.2,94.2,95.2,89.0,B
11522,7.8,66.6,yes,yes,100.0,100.0,99.6,94.4,B
11523,4.2,62.8,no,no,42.4,67.7,50.5,51.4,E
11524,1.5,54.2,no,no,23.6,23.8,20.4,25.6,F
11525,1.2,78.0,yes,yes,42.0,52.3,29.3,40.7,E
11526,0.8,93.5,yes,yes,57.4,51.0,33.6,49.0,E
11527,7.1,84.0,yes,yes,94.7,75.1,87.7,86.2,B
11528,3.8,88.1,no,no,42.5,50.7,43.1,58.7,D
11529,7.1,79.9,yes,no,60.6,91.7,88.5,81.9,C
11530,3.2,50.5,yes,yes,36.2,50.0,51.1,41.9,E
11531,4.9,72.3,yes,no,87.1,87.9,84.4,75.7,C
11532,5.6,51.8,yes,no,57.7,65.7,57.5,63.3,D
11533,0.9,54.1,yes,yes,43.5,9.7,32.7,21.9,F
11534,5.6,58.8,yes,yes,52.5,83.8,38.6,65.5,D
11535,6.5,94.5,yes,yes,76.6,87.2,80.6,86.7,B
11536,0.7,60.8,yes,yes,13.9,16.3,1.0,20.6,F
11537,0.9,72.6,no,yes,22.1,20.0,34.6,31.7,F
11538,4.4,93.8,no,yes,54.9,55.5,56.4,63.6,D
11539,7.8,83.9,yes,yes,92.8,96.8,80.1,90.5,B
11540,7.8,56.6,yes,no,78.7,77.4,61.4,78.4,C
11541,1.3,73.1,yes,no,35.3,26.6,47.6,45.4,E
11542,6.2,88.5,yes,yes,84.4,77.1,82.0,83.7,C
11543,6.4,72.2,no,no,68.0,65.6,66.6,74.6,C
11544,7.1,60.9,yes,no,88.2,74.0,85.8,81.0,C
11545,0.8,82.2,no,no,51.1,49.7,41.4,48.3,E
11546,7.8,70.4,yes,yes,86.2,63.7,86.2,81.0,C
11547,6.7,75.7,yes,yes,82.5,82.6,67.2,81.9,C
11548,5.1,56.2,yes,yes,59.9,85.1,77.1,61.2,D
11549,1.0,95.3,yes,yes,44.4,35.0,60.0,42.6,E
11550,2.3,96.1,yes,yes,83.6,70.1,50.9,57.2,D
11551,3.1,65.2,yes,no,51.6,51.3,70.2,56.8,D
11552,6.9,64.6,yes,no,94.5,74.9,82.0,88.0,B
11553,6.2,58.5,yes,yes,76.8,46.2,74.4,70.4,C
11554,7.6,79.3,yes,no,100.0,100.0,74.5,95.3,A
11555,3.7,60.0,yes,yes,59.1,50.2,40.0,47.2,E
11556,7.4,80.7,no,no,77.8,69.1,100.0,95.5,A
11557,7.2,97.3,yes,yes,96.6,100.0,100.0,100.0,A
11558,0.6,59.0,yes,no,0.0,5.0,19.1,20.6,F
11559,2.3,61.3,yes,yes,48.7,67.1,32.0,45.1,E
11560,6.5,54.6,yes,yes,70.0,67.1,70.5,67.4,D
11561,5.5,65.7,yes,no,73.7,72.8,62.7,76.8,C
11562,2.2,94.1,yes,yes,54.2,47.1,41.4,51.3,E
11563,6.4,50.8,yes,no,71.0,67.3,59.0,63.8,D
11564,2.9,81.8,yes,yes,59.3,60.7,68.8,64.7,D
11565,5.0,69.2,no,no,52.2,51.3,52.6,62.5,D
11566,7.5,65.9,no,yes,80.6,91.4,81.5,86.3,B
11567,2.3,58.6,yes,yes,38.9,24.8,35.5,34.1,F
11568,0.9,91.6,yes,yes,52.9,61.9,59.2,52.9,E
11569,5.5,91.1,yes,no,94.6,98.7,72.0,86.1,B
11570,6.0,52.0,yes,yes,48.4,57.9,56.4,61.6,D
11571,2.8,78.8,yes,no,67.9,42.1,60.0,59.1,D
11572,4.0,70.7,yes,no,64.0,48.1,53.2,51.2,E
11573,4.3,50.3,yes,yes,70.4,50.7,54.0,51.2,E
11574,6.6,65.3,yes,no,88.3,71.1,87.5,85.3,B
11575,5.7,59.4,yes,no,68.3,46.0,64.0,66.8,D
11576,2.5,88.2,yes,no,57.4,29.3,59.1,49.6,E
11577,2.5,72.4,yes,yes,46.7,58.6,53.8,47.1,E
11578,2.9,89.9,yes,no,53.7,70.0,73.8,62.0,D
11579,1.6,98.4,yes,yes,43.7,44.7,51.7,58.2,D
11580,1.5,70.1,yes,no,29.7,47.6,25.0,37.2,F
11581,6.6,77.8,yes,yes,90.3,77.7,73.1,75.8,C
11582,6.7,98.6,yes,no,100.0,100.0,100.0,100.0,A
11583,2.5,58.3,no,yes,31.5,7.3,48.3,45.6,E
11584,6.9,52.7,yes,no,80.2,71.9,60.7,79.6,C
11585,4.8,73.5,yes,no,72.7,78.3,58.2,67.7,D
11586,5.8,74.4,yes,yes,84.4,52.2,67.0,75.0,C
11587,7.1,96.5,yes,yes,88.3,100.0,98.6,96.1,A
11588,2.8,72.8,no,no,43.7,51.6,31.5,44.8,E
11589,5.5,72.2,no,yes,59.1,72.9,80.4,75.5,C
11590,2.8,74.9,yes,no,59.2,43.6,40.8,54.1,E
11591,7.3,72.3,no,yes,70.0,100.0,84.3,92.4,B
11592,2.7,94.9,yes,no,66.1,71.7,57.4,68.9,D
11593,5.2,80.9,yes,no,61.0,63.3,68.1,66.9,D
11594,1.9,89.8,yes,no,73.4,61.7,62.8,56.4,D
11595,3.3,57.7,yes,no,61.8,37.2,67.6,48.5,E
11596,3.1,93.8,yes,no,54.2,57.4,66.3,63.8,D
11597,6.1,98.5,yes,no,78.1,77.3,78.3,81.1,C
11598,2.6,97.8,yes,yes,45.2,58.5,59.3,64.9,D
11599,3.0,99.1,yes,yes,57.1,67.4,68.2,66.9,D
11600,0.6,84.9,yes,yes,32.5,41.2,65.0,43.2,E
11601,2.9,83.6,yes,no,67.6,70.1,55.7,64.3,D
11602,2.5,53.4,yes,no,39.4,36.8,49.9,33.4,F
11603,4.6,64.1,yes,yes,52.1,73.5,69.5,62.9,D
11604,3.5,89.4,yes,yes,75.6,46.1,55.2,62.6,D
11605,7.9,68.1,no,yes,100.0,100.0,96.3,96.3,A
11606,4.6,81.0,yes,no,54.8,55.9,43.9,61.5,D
11607,1.0,79.3,yes,no,39.0,38.4,51.0,46.5,E
11608,6.6,79.0,yes,no,100.0,84.8,81.3,93.0,B
11609,0.9,68.5,no,yes,36.4,28.6,38.5,38.1,F
11610,6.8,94.2,yes,yes,84.2,77.3,82.9,84.4,C
11611,3.5,62.4,yes,yes,64.2,65.7,65.9,62.7,D
11612,1.0,88.5,no,no,46.5,56.3,37.0,41.9,E
11613,7.8,51.3,yes,yes,100.0,87.6,87.5,84.1,C
11614,4.2,91.9,yes,yes,60.3,55.4,59.8,64.1,D
11615,6.9,87.9,yes,no,99.1,80.4,90.9,94.4,B
11616,3.7,98.9,yes,yes,53.5,62.2,70.7,66.6,D
11617,4.0,56.0,yes,no,30.8,48.5,35.7,50.4,E
11618,3.2,90.2,yes,yes,75.6,56.6,66.2,64.6,D
11619,3.3,65.5,yes,no,43.3,46.1,40.6,48.5,E
11620,6.5,62.4,yes,yes,85.7,76.1,72.7,79.3,C
11621,0.7,60.3,yes,no,36.5,45.1,16.5,31.4,F
11622,4.2,85.9,yes,no,80.5,56.7,57.2,73.0,C
11623,2.5,97.1,yes,yes,52.9,58.2,52.8,57.9,D
11624,4.7,82.6,no,no,82.4,74.2,75.1,76.5,C
11625,2.1,63.3,yes,no,57.4,44.5,42.9,40.6,E
11626,3.1,70.0,yes,yes,52.2,54.8,49.2,50.6,E
11627,4.5,62.1,yes,yes,62.6,64.7,55.6,51.9,E
11628,6.1,53.5,yes,no,67.1,70.1,65.8,70.9,C
11629,7.6,88.4,yes,no,86.9,84.6,84.6,89.1,B
11630,2.3,55.2,yes,yes,58.0,48.2,59.7,44.9,E
11631,4.1,82.5,yes,yes,61.8,46.8,73.5,66.9,D
11632,3.1,71.4,yes,no,42.0,46.3,39.5,46.3,E
11633,5.0,53.6,yes,yes,54.0,61.8,55.5,59.0,D
11634,3.2,65.1,no,no,44.1,53.7,43.1,53.0,E
11635,1.2,53.8,no,yes,27.9,17.3,34.3,22.2,F
11636,5.1,81.5,no,no,73.2,77.1,74.0,74.4,C
11637,0.8,83.4,yes,yes,52.4,50.7,35.2,48.8,E
11638,0.8,94.7,yes,no,33.8,48.6,40.7,42.8,E
11639,7.1,64.3,yes,yes,86.6,97.0,78.3,92.3,B
11640,7.0,58.8,yes,no,89.6,85.2,78.6,83.0,C
11641,4.7,73.7,yes,yes,57.0,63.1,60.8,62.3,D
11642,0.6,90.7,yes,yes,44.5,33.2,32.6,37.7,F
11643,3.1,78.3,yes,no,49.0,54.9,51.5,50.1,E
11644,3.1,97.2,yes,yes,57.9,74.0,56.5,54.7,E
11645,5.9,54.4,yes,no,87.2,74.7,68.7,64.8,D
11646,6.6,86.0,no,yes,87.4,74.6,84.4,79.0,C
11647,3.2,83.2,yes,yes,70.3,45.9,66.4,56.5,D
11648,3.7,62.2,yes,no,50.4,63.6,63.4,60.3,D
11649,2.2,60.4,yes,no,38.8,43.7,24.3,34.4,F
11650,6.0,69.1,yes,no,98.8,80.7,96.6,83.6,C
11651,3.1,66.1,yes,yes,57.9,50.2,72.7,52.1,E
11652,5.8,66.7,yes,yes,79.9,77.2,71.3,81.3,C
11653,5.8,86.1,yes,no,75.9,98.8,68.8,77.7,C
11654,1.7,54.5,no,no,22.4,32.4,40.8,30.8,F
11655,7.1,87.4,yes,yes,94.0,100.0,100.0,97.3,A
11656,6.7,75.0,yes,yes,84.6,80.4,85.8,90.9,B
11657,4.9,58.7,yes,no,63.8,67.8,55.6,70.8,C
11658,1.1,83.5,yes,no,57.2,72.6,33.5,51.3,E
11659,1.8,68.7,yes,yes,34.3,37.8,31.3,38.4,F
11660,1.2,56.6,no,yes,35.9,37.2,42.4,30.1,F
11661,4.0,79.4,yes,yes,72.5,59.6,72.5,71.7,C
11662,2.5,66.0,yes,yes,77.2,56.3,51.3,56.1,D
11663,6.7,64.2,yes,no,75.5,57.4,92.0,77.5,C
11664,3.8,73.9,no,no,66.5,55.2,63.4,60.4,D
11665,3.9,76.0,yes,no,54.5,60.7,56.1,61.0,D
11666,7.4,85.1,yes,no,95.7,100.0,86.1,99.1,A
11667,4.8,74.6,yes,yes,71.5,70.5,62.7,72.2,C
11668,3.4,76.7,yes,yes,52.1,48.9,64.4,49.8,E
11669,7.9,78.5,yes,yes,90.5,81.9,88.9,91.4,B
11670,4.0,96.4,yes,no,63.3,69.4,54.6,71.0,C
11671,4.8,55.1,yes,yes,73.4,72.4,60.9,65.1,D
11672,3.4,83.2,no,no,74.5,43.4,72.4,69.6,D
11673,5.5,51.9,yes,yes,67.8,66.1,57.1,57.6,D
11674,6.3,63.0,yes,yes,70.2,66.2,83.3,69.9,D
11675,5.2,89.5,yes,no,81.2,65.8,76.7,67.6,D
11676,2.4,68.1,yes,yes,37.0,34.1,28.1,38.5,F
11677,7.6,51.3,yes,yes,62.6,70.9,70.6,77.3,C
11678,4.3,75.7,no,no,59.8,46.3,59.6,58.5,D
11679,6.7,71.9,no,yes,66.6,79.8,92.9,88.8,B
11680,0.6,96.3,yes,yes,52.0,38.5,41.1,49.7,E
11681,4.4,97.1,yes,yes,77.2,80.5,81.3,74.4,C
11682,7.5,63.9,yes,yes,58.3,93.6,73.9,78.9,C
11683,5.7,91.0,yes,no,60.0,75.3,84.9,79.5,C
11684,1.4,75.7,yes,no,23.3,27.7,33.0,33.5,F
11685,5.8,77.0,yes,no,71.8,71.1,72.0,72.5,C
11686,0.6,55.7,yes,yes,24.0,25.5,38.9,37.0,F
11687,3.3,91.8,yes,no,77.1,67.9,66.7,64.4,D
11688,2.3,80.3,yes,yes,42.9,52.8,55.1,54.2,E
11689,2.4,97.8,yes,yes,72.0,41.8,62.7,63.4,D
11690,0.8,89.1,yes,no,14.8,40.9,43.5,35.3,F
11691,5.1,73.3,yes,yes,91.6,64.5,99.5,78.0,C
11692,6.1,92.9,yes,yes,100.0,92.9,100.0,95.4,A
11693,2.7,65.9,yes,no,33.2,45.8,44.7,49.8,E
11694,4.9,93.1,yes,yes,74.8,80.7,82.9,73.9,C
11695,4.2,55.8,no,no,69.4,58.7,69.4,63.9,D
11696,7.9,66.8,yes,no,100.0,100.0,100.0,91.6,B
11697,6.6,93.4,yes,no,83.9,100.0,100.0,99.0,A
11698,7.6,51.2,yes,no,98.7,80.9,84.0,81.7,C
11699,6.7,93.4,yes,yes,84.1,100.0,64.2,86.5,B
11700,5.4,52.0,yes,no,77.9,51.1,49.9,55.3,D
11701,1.0,82.9,yes,no,50.6,26.4,42.3,34.2,F
11702,6.9,81.9,yes,no,50.7,100.0,96.3,84.5,C
11703,6.2,52.9,yes,yes,82.8,84.2,63.5,76.2,C
11704,2.6,91.9,yes,yes,54.3,65.1,45.1,56.2,D
11705,2.5,54.3,yes,yes,54.3,52.8,52.9,45.2,E
11706,4.4,92.6,yes,yes,82.3,84.5,72.7,76.6,C
11707,2.6,99.2,yes,no,54.1,53.4,53.9,51.0,E
11708,7.8,83.6,yes,yes,93.6,78.4,90.3,86.5,B
11709,2.0,96.5,no,yes,50.7,45.7,70.2,60.7,D
11710,1.7,81.3,yes,yes,32.6,46.3,65.2,51.1,E
11711,0.8,99.1,yes,no,55.9,52.0,40.2,49.5,E
11712,4.6,89.8,yes,yes,70.8,78.9,60.7,67.8,D
11713,6.1,84.0,yes,yes,89.2,72.8,87.9,77.2,C
11714,4.9,99.4,yes,yes,75.1,51.7,68.5,69.3,D
11715,2.1,74.2,yes,no,37.2,55.7,45.3,41.8,E
11716,7.4,74.2,yes,yes,100.0,100.0,86.5,98.5,A
11717,3.3,92.6,yes,yes,76.1,58.6,60.2,62.4,D
11718,1.6,83.7,yes,no,40.6,42.0,47.3,38.7,F
11719,1.9,57.2,yes,no,18.3,35.0,42.5,39.1,F
11720,3.8,65.4,yes,yes,73.2,47.5,58.4,58.9,D
11721,4.6,79.2,yes,no,54.1,63.2,45.7,64.6,D
11722,5.0,50.8,yes,yes,47.0,37.1,38.7,52.9,E
11723,1.0,75.5,yes,yes,27.9,40.2,48.0,38.4,F
11724,7.0,61.7,no,yes,88.8,90.3,91.4,86.9,B
11725,3.0,61.8,no,no,43.7,39.1,51.1,47.6,E
11726,2.4,94.8,yes,yes,66.5,68.7,70.2,60.0,D
11727,5.7,64.1,yes,yes,73.6,50.4,68.9,64.7,D
11728,5.1,94.9,yes,yes,56.9,61.4,64.2,72.9,C
11729,7.9,76.7,yes,no,63.2,92.7,88.0,85.2,B
11730,3.6,96.4,yes,no,66.5,76.7,76.0,72.6,C
11731,1.9,86.5,yes,no,58.0,43.3,50.2,48.8,E
11732,7.8,70.7,yes,yes,98.9,96.3,99.6,95.3,A
11733,4.1,51.8,yes,no,69.2,56.5,60.2,61.8,D
11734,5.5,94.6,no,yes,60.5,67.1,69.5,72.9,C
11735,0.8,85.4,yes,yes,27.4,42.4,38.8,39.8,F
11736,3.0,56.7,yes,yes,50.4,40.6,52.1,43.0,E
11737,7.9,96.8,yes,no,86.4,93.5,100.0,97.9,A
11738,7.7,74.4,yes,no,90.4,83.3,87.5,87.2,B
11739,7.9,51.5,yes,no,69.4,100.0,93.0,85.4,B
11740,6.7,64.8,yes,no,81.9,91.0,89.5,84.1,C
11741,4.3,93.0,yes,yes,71.7,73.6,99.7,79.1,C
11742,4.8,71.0,no,yes,67.5,51.4,79.1,61.6,D
11743,1.1,90.4,yes,yes,35.8,51.4,53.4,52.4,E
11744,6.4,70.1,yes,yes,89.5,63.2,76.5,80.4,C
11745,6.1,56.7,yes,yes,65.0,77.1,43.6,64.0,D
11746,5.8,59.7,yes,yes,72.9,57.5,66.3,64.3,D
11747,3.4,94.1,yes,no,65.7,72.5,76.2,73.5,C
11748,2.5,59.1,no,yes,53.0,54.3,46.6,44.9,E
11749,6.6,96.8,yes,no,83.5,100.0,92.0,89.3,B
11750,7.8,64.4,yes,yes,99.7,79.0,91.5,85.5,B
11751,3.7,98.6,yes,yes,59.1,82.1,75.0,75.4,C
11752,0.9,54.8,yes,yes,18.5,54.7,24.5,34.6,F
11753,7.3,77.4,no,no,79.1,64.0,85.1,79.9,C
11754,5.7,51.8,no,yes,73.0,64.0,71.5,71.5,C
11755,5.5,62.8,yes,no,66.8,68.0,60.1,65.0,D
11756,7.6,92.8,yes,yes,95.5,80.9,100.0,89.6,B
11757,5.5,59.4,yes,yes,57.0,65.5,73.0,71.1,C
11758,5.1,94.6,no,yes,100.0,90.1,79.0,84.3,C
11759,5.8,79.5,yes,yes,85.4,100.0,91.4,86.4,B
11760,4.1,86.3,yes,yes,81.4,86.4,96.4,73.9,C
11761,2.7,68.0,yes,yes,44.0,35.4,49.1,43.3,E
11762,2.4,99.2,yes,yes,65.2,53.8,51.1,55.6,D
11763,5.9,91.3,no,yes,100.0,79.6,100.0,90.5,B
11764,2.3,95.6,yes,yes,46.9,73.4,62.8,57.0,D
11765,7.5,57.3,yes,no,81.8,85.2,85.8,80.9,C
11766,3.5,63.3,yes,no,44.8,45.5,39.6,46.7,E
11767,5.3,92.0,yes,yes,83.7,70.7,70.5,70.7,C
11768,0.8,83.5,yes,yes,52.4,43.9,54.2,45.5,E
11769,3.9,69.2,yes,yes,64.2,48.6,61.9,53.9,E
11770,3.5,73.2,yes,no,57.0,58.6,40.0,61.3,D
11771,6.2,71.9,yes,no,85.5,72.3,74.8,77.9,C
11772,0.9,77.9,yes,yes,23.0,36.9,34.8,31.9,F
11773,3.5,74.5,yes,yes,45.2,39.1,36.9,50.7,E
11774,6.9,72.7,yes,no,91.2,82.8,63.7,80.1,C
11775,5.5,66.4,yes,yes,69.9,42.9,70.8,60.6,D
11776,6.3,72.4,no,no,96.2,92.4,85.9,85.9,B
11777,6.2,58.9,yes,no,59.0,57.1,64.4,67.7,D
11778,5.5,59.5,yes,no,83.3,70.3,73.4,75.9,C
11779,3.4,84.4,yes,no,49.0,55.9,64.7,58.9,D
11780,3.5,98.2,yes,yes,68.8,63.9,73.3,68.2,D
11781,0.9,60.6,yes,yes,37.2,54.2,37.5,29.1,F
11782,2.0,95.6,yes,no,51.5,39.5,51.8,47.9,E
11783,4.7,81.3,yes,yes,77.6,63.7,72.6,65.5,D
11784,7.2,97.6,yes,yes,84.4,87.4,100.0,99.9,A
11785,5.1,69.8,yes,no,67.4,90.2,85.6,71.7,C
11786,3.4,84.5,no,yes,49.0,60.3,64.9,62.1,D
11787,6.7,77.2,yes,yes,74.5,65.8,78.6,78.4,C
11788,3.9,98.9,yes,no,65.0,80.5,79.0,65.2,D
11789,2.4,53.0,yes,yes,30.7,36.7,21.6,30.4,F
11790,1.1,52.9,yes,yes,47.6,38.6,32.5,38.9,F
11791,6.7,93.2,yes,no,100.0,90.8,97.6,90.9,B
11792,5.1,52.7,yes,no,55.1,60.6,68.8,60.1,D
11793,4.9,95.4,no,yes,75.8,82.1,64.2,71.3,C
11794,5.9,54.7,yes,no,89.8,85.7,78.0,73.1,C
11795,5.0,55.6,yes,no,69.9,28.4,52.1,53.8,E
11796,3.1,66.5,no,yes,47.5,40.9,44.1,47.1,E
11797,5.1,86.3,yes,yes,76.5,71.2,72.1,70.8,C
11798,1.6,78.8,yes,yes,53.6,46.3,62.5,53.9,E
11799,2.7,95.4,yes,no,38.3,52.6,72.7,61.4,D
11800,4.5,81.5,yes,no,59.9,77.5,85.4,72.5,C
11801,1.0,79.8,yes,yes,40.7,61.1,49.6,45.7,E
11802,6.7,78.5,yes,no,83.3,87.7,83.1,87.6,B
11803,0.8,70.3,yes,yes,26.4,26.8,28.9,30.3,F
11804,3.3,82.0,yes,no,53.6,48.5,59.9,60.9,D
11805,3.9,98.7,yes,yes,60.8,76.1,49.4,61.2,D
11806,5.6,98.6,yes,no,79.7,85.9,71.7,82.1,C
11807,1.7,55.5,yes,no,21.1,30.8,5.0,28.3,F
11808,6.7,72.8,yes,yes,67.1,75.8,68.9,73.5,C
11809,3.7,79.6,yes,no,57.1,73.9,54.9,63.9,D
11810,2.4,85.8,yes,yes,68.4,53.6,59.5,57.1,D
11811,1.2,65.0,yes,yes,45.1,46.3,35.8,39.8,F
11812,7.4,99.1,yes,yes,90.9,92.1,100.0,95.2,A
11813,3.5,70.8,yes,no,57.9,43.7,56.8,50.5,E
11814,3.4,64.3,yes,no,56.1,51.8,29.1,60.7,D
11815,1.9,89.0,yes,no,58.1,50.2,50.1,60.4,D
11816,4.3,79.4,no,yes,70.0,56.1,69.4,72.8,C
11817,2.9,95.2,yes,no,82.0,86.6,65.7,70.6,C
11818,1.7,55.3,yes,yes,32.2,40.5,25.3,29.5,F
11819,6.1,52.7,yes,yes,71.7,72.8,59.8,75.8,C
11820,7.2,97.2,no,no,100.0,89.0,92.5,89.2,B
11821,3.1,72.3,yes,yes,46.5,49.3,44.1,48.3,E
11822,2.6,60.8,yes,yes,26.2,43.0,26.5,36.8,F
11823,3.3,87.2,yes,yes,61.7,78.4,57.5,68.5,D
11824,7.4,99.9,no,no,73.9,95.8,87.9,89.7,B
11825,4.9,99.9,no,yes,64.0,60.3,93.6,71.1,C
11826,1.7,98.2,yes,no,45.4,46.5,45.3,49.9,E
11827,5.2,57.8,yes,yes,62.3,69.3,81.3,73.6,C
11828,3.5,92.5,yes,yes,62.0,34.4,79.9,69.3,D
11829,0.6,56.2,no,yes,11.5,23.3,16.3,22.0,F
11830,7.8,67.8,yes,yes,95.3,60.5,87.5,86.0,B
11831,1.4,58.9,no,yes,13.8,45.6,18.5,30.1,F
11832,3.6,67.8,yes,no,46.9,44.8,36.1,59.5,D
11833,5.4,62.4,yes,no,78.0,76.7,78.0,77.5,C
11834,4.9,94.8,no,yes,57.1,86.2,73.1,73.3,C
11835,0.5,99.4,yes,no,37.7,26.7,29.1,36.4,F
11836,5.1,58.7,yes,no,56.6,70.9,80.1,68.3,D
11837,6.0,56.5,yes,no,74.5,59.6,73.9,70.1,C
11838,6.9,58.2,yes,no,76.2,79.8,61.9,82.4,C
11839,1.9,78.3,yes,yes,48.9,46.3,47.8,53.6,E
11840,0.8,94.1,no,yes,56.0,55.2,50.3,49.2,E
11841,7.6,87.3,yes,yes,96.6,99.2,100.0,96.3,A
11842,5.6,71.1,yes,no,64.7,86.2,85.2,81.6,C
11843,3.9,98.0,no,no,66.4,66.2,68.6,65.7,D
11844,5.9,76.9,yes,no,79.1,74.8,89.4,81.7,C
11845,1.7,89.2,yes,yes,44.6,53.6,32.6,48.1,E
11846,7.7,75.0,no,yes,85.0,92.7,87.8,89.8,B
11847,5.4,83.3,yes,no,69.5,65.8,70.0,78.5,C
11848,7.1,68.8,yes,no,79.3,85.3,93.1,77.2,C
11849,4.7,52.6,yes,yes,44.0,57.6,54.8,50.6,E
11850,6.5,80.6,yes,no,99.2,91.0,85.8,81.4,C
11851,3.0,64.4,yes,yes,73.1,60.2,62.2,56.0,D
11852,1.5,77.5,yes,no,43.7,35.3,42.7,44.4,E
11853,3.2,82.6,yes,no,75.2,67.2,57.6,67.0,D
11854,7.2,72.6,yes,yes,81.6,70.6,84.0,84.2,C
11855,5.7,57.9,yes,yes,61.4,72.1,70.3,65.8,D
11856,3.9,90.3,yes,yes,70.9,83.4,91.2,70.8,C
11857,2.3,58.6,yes,yes,38.4,68.4,61.0,47.8,E
11858,5.0,56.5,yes,no,47.8,52.4,47.7,56.5,D
11859,4.9,65.9,yes,no,80.7,42.7,67.0,60.7,D
11860,4.5,52.9,yes,yes,50.4,43.2,59.6,51.1,E
11861,6.0,67.7,yes,yes,76.4,63.4,59.1,71.2,C
11862,2.3,87.9,yes,yes,53.3,39.9,41.9,46.1,E
11863,4.3,89.5,yes,yes,70.3,96.5,76.2,79.1,C
11864,2.8,72.8,yes,yes,46.9,63.0,48.1,60.9,D
11865,2.0,59.2,yes,yes,60.4,58.7,40.4,44.6,E
11866,3.0,98.7,yes,no,69.3,76.5,65.3,67.3,D
11867,6.5,91.2,yes,yes,82.5,90.6,90.4,82.4,C
11868,1.4,50.3,yes,yes,28.5,29.8,21.1,24.4,F
11869,2.6,80.4,yes,yes,48.7,39.9,38.2,44.6,E
11870,4.5,97.3,no,yes,76.9,72.3,61.8,66.8,D
11871,3.5,96.5,yes,no,77.2,89.8,81.3,68.5,D
11872,6.7,70.0,yes,no,74.3,75.4,81.7,74.4,C
11873,6.3,80.6,yes,yes,90.9,94.5,76.7,90.8,B
11874,5.6,80.8,yes,no,88.4,66.0,75.9,74.9,C
11875,2.6,86.5,no,no,30.6,43.1,38.5,46.0,E
11876,0.7,97.1,no,no,53.4,48.2,36.8,52.4,E
11877,2.9,73.3,yes,no,48.7,77.5,58.5,60.3,D
11878,5.0,53.1,no,no,37.8,52.8,69.9,54.4,E
11879,1.3,86.1,yes,no,43.3,53.1,55.2,50.7,E
11880,6.7,97.3,yes,yes,75.3,100.0,82.4,86.6,B
11881,7.9,93.5,yes,no,100.0,100.0,100.0,95.4,A
11882,6.0,51.2,yes,no,45.2,66.1,70.9,64.4,D
11883,3.6,94.1,yes,no,81.9,72.9,66.2,70.0,C
11884,6.5,57.4,yes,yes,67.2,72.5,83.1,71.0,C
11885,2.5,98.9,yes,yes,60.2,63.3,41.0,52.2,E
11886,7.7,87.1,no,yes,84.4,86.9,100.0,91.0,B
11887,3.2,56.3,yes,yes,31.1,36.5,44.3,38.6,F
11888,5.7,55.0,yes,no,54.6,53.7,60.1,58.4,D
11889,0.6,63.9,yes,yes,35.8,51.4,36.5,40.1,E
11890,5.2,61.5,yes,yes,59.6,75.6,43.3,63.2,D
11891,2.7,50.2,yes,no,37.8,46.9,37.5,45.9,E
11892,1.3,94.5,yes,yes,52.1,56.0,53.0,53.2,E
11893,3.8,56.3,no,no,55.1,69.2,45.9,52.8,E
11894,1.3,99.5,yes,no,61.8,64.0,48.4,57.4,D
11895,1.9,63.2,yes,yes,54.9,35.3,45.8,42.8,E
11896,7.2,78.7,yes,no,98.3,90.7,84.0,97.2,A
11897,1.0,84.9,yes,yes,50.2,47.0,43.3,44.0,E
11898,5.2,65.1,yes,yes,73.1,73.5,48.1,59.0,D
11899,1.0,72.8,yes,yes,23.1,36.4,19.2,30.8,F
11900,5.9,88.6,yes,no,86.6,75.3,92.9,80.4,C
11901,7.8,53.2,yes,yes,84.7,100.0,80.3,91.7,B
11902,3.7,68.1,yes,no,57.9,60.1,42.9,64.8,D
11903,7.8,89.5,yes,yes,96.7,96.1,100.0,96.1,A
11904,5.3,66.6,yes,no,34.7,88.2,57.1,63.5,D
11905,5.0,53.0,yes,no,54.9,53.1,47.5,57.7,D
11906,1.8,59.4,yes,no,30.8,40.1,46.3,38.5,F
11907,7.6,83.9,yes,no,75.9,94.4,84.0,90.7,B
11908,7.0,98.4,no,no,93.4,75.0,82.5,86.7,B
11909,1.5,61.4,yes,no,37.4,55.2,43.1,44.8,E
11910,0.7,75.9,yes,no,44.2,40.0,43.4,39.2,F
11911,3.2,62.0,yes,no,64.7,61.2,61.4,57.1,D
11912,1.7,96.2,yes,yes,53.2,44.8,58.7,44.8,E
11913,3.0,95.0,yes,yes,87.9,53.4,77.1,64.5,D
11914,7.7,69.6,yes,no,82.3,96.9,89.3,88.6,B
11915,7.0,51.9,yes,yes,70.1,95.3,95.5,82.0,C
11916,3.8,80.4,yes,no,91.2,59.2,80.5,69.8,D
11917,2.6,81.4,yes,no,42.9,47.2,40.4,45.8,E
11918,4.8,80.9,yes,yes,71.4,84.5,82.9,73.5,C
11919,7.5,64.8,yes,yes,93.8,82.8,100.0,85.1,B
11920,6.4,51.2,no,yes,70.7,70.6,66.3,71.1,C
11921,7.0,51.6,yes,no,72.5,78.6,75.5,74.7,C
11922,6.2,88.9,no,no,84.9,73.5,51.2,75.9,C
11923,4.3,76.6,yes,no,48.4,65.1,65.0,61.1,D
11924,1.6,63.6,yes,yes,33.7,39.8,52.4,45.4,E
11925,6.6,95.7,no,yes,94.3,97.5,97.1,94.5,B
11926,5.4,94.2,yes,yes,68.0,84.7,91.7,87.1,B
11927,6.3,90.8,yes,no,68.2,87.3,94.6,85.2,B
11928,6.0,81.1,yes,no,100.0,93.3,80.3,88.0,B
11929,2.3,80.7,no,yes,37.9,47.1,44.7,53.8,E
11930,2.6,76.5,yes,yes,53.8,53.6,66.0,59.1,D
11931,6.9,59.2,yes,no,86.1,78.9,83.9,78.2,C
11932,3.6,86.4,yes,no,76.6,55.2,62.1,67.0,D
11933,1.8,76.0,yes,yes,42.6,33.6,41.8,38.6,F
11934,5.3,77.3,yes,yes,65.3,60.5,68.4,70.6,C
11935,2.7,84.4,yes,yes,39.6,47.8,57.8,48.4,E
11936,5.3,68.6,no,yes,60.8,70.6,70.6,63.9,D
11937,4.9,85.2,yes,no,74.1,81.1,75.3,71.4,C
11938,5.5,62.4,yes,yes,53.2,80.9,61.2,67.0,D
11939,8.0,93.3,no,yes,100.0,100.0,89.6,100.0,A
11940,2.6,99.3,yes,no,60.1,48.7,67.1,60.1,D
11941,7.8,79.6,yes,yes,80.4,75.3,100.0,87.1,B
11942,6.2,69.1,yes,yes,92.2,90.7,88.0,86.4,B
11943,6.9,64.4,no,yes,90.2,73.5,65.4,76.9,C
11944,6.5,94.6,yes,yes,85.6,75.7,100.0,84.2,C
11945,0.7,66.3,yes,no,43.0,51.5,57.2,42.0,E
11946,4.3,90.7,yes,no,68.1,88.0,86.4,72.1,C
11947,1.3,70.4,yes,yes,15.7,37.2,29.5,32.4,F
11948,5.6,94.0,yes,no,71.4,89.6,76.8,80.4,C
11949,0.9,71.6,yes,no,30.6,26.5,26.1,31.1,F
11950,0.7,78.9,yes,no,21.3,31.4,30.7,35.4,F
11951,7.3,56.1,yes,yes,74.4,50.9,82.9,81.0,C
11952,7.4,98.8,no,no,88.5,100.0,98.1,100.0,A
11953,5.2,78.1,yes,yes,68.8,75.5,68.9,68.1,D
11954,3.9,81.0,yes,yes,63.0,57.1,60.6,56.8,D
11955,6.7,56.3,yes,no,83.4,89.9,73.7,76.7,C
11956,7.7,84.5,yes,no,100.0,100.0,84.3,97.7,A
11957,0.9,71.3,yes,no,16.0,29.4,18.0,28.5,F
11958,1.3,71.2,yes,yes,48.1,51.0,38.5,39.2,F
11959,7.3,73.7,no,no,99.5,92.6,98.4,97.0,A
11960,1.2,76.8,yes,yes,40.3,32.2,21.4,36.5,F
11961,5.9,90.2,yes,yes,91.0,72.0,73.9,76.1,C
11962,4.7,67.1,no,no,46.1,52.4,68.4,63.7,D
11963,4.4,94.0,yes,yes,70.1,90.2,80.2,71.7,C
11964,1.2,55.5,yes,no,27.0,22.5,36.1,31.8,F
11965,6.0,76.5,yes,no,64.1,71.3,83.0,73.8,C
11966,5.0,83.9,yes,no,75.3,80.9,83.6,77.4,C
11967,7.5,98.5,yes,yes,97.3,98.9,76.6,93.4,B
11968,4.1,69.9,yes,yes,66.7,73.3,64.7,67.0,D
11969,7.3,83.9,yes,yes,66.7,69.0,90.4,84.0,C
11970,1.9,89.3,yes,no,58.4,48.1,51.0,60.9,D
11971,2.0,91.6,yes,yes,34.6,50.4,53.0,46.3,E
11972,7.6,95.8,yes,yes,91.0,100.0,83.2,100.0,A
11973,1.2,67.3,yes,yes,25.0,49.6,48.0,34.4,F
11974,2.3,92.1,yes,yes,70.6,64.9,54.7,53.3,E
11975,1.6,97.8,yes,yes,54.6,57.6,47.5,59.3,D
11976,5.8,73.5,yes,no,61.3,62.1,56.6,66.3,D
11977,6.4,84.6,yes,yes,79.8,68.5,82.9,80.1,C
11978,7.3,66.1,yes,no,70.1,82.1,72.7,76.5,C
11979,1.6,62.8,yes,yes,57.2,56.2,65.4,47.4,E
11980,2.9,63.9,yes,yes,57.3,53.9,47.8,51.2,E
11981,2.9,52.6,no,no,47.6,54.9,46.0,43.8,E
11982,7.8,78.9,yes,no,90.9,98.9,100.0,91.7,B
11983,4.9,93.1,yes,no,90.0,88.5,88.0,83.8,C
11984,3.0,64.4,yes,yes,38.6,40.2,35.7,40.2,E
11985,2.7,51.6,yes,yes,48.8,24.3,35.9,40.7,E
11986,2.9,64.2,yes,no,50.1,47.9,58.4,47.6,E
11987,5.8,88.6,yes,no,67.3,60.4,89.5,73.5,C
11988,4.6,72.4,yes,no,65.6,66.3,59.2,66.2,D
11989,5.2,88.4,yes,no,88.5,54.6,74.5,80.9,C
11990,4.0,60.9,yes,no,61.0,57.4,54.3,59.8,D
11991,0.7,82.1,no,no,36.0,50.3,47.2,44.5,E
11992,5.7,86.6,yes,no,97.0,61.4,95.3,77.0,C
11993,5.9,90.5,yes,no,87.5,97.3,100.0,91.9,B
11994,1.9,84.2,yes,no,59.1,50.2,60.4,58.6,D
11995,5.4,95.5,yes,no,76.6,80.2,79.6,77.1,C
11996,7.1,56.3,yes,no,100.0,85.3,92.8,87.2,B
11997,5.0,77.5,yes,yes,70.8,70.1,55.5,72.0,C
11998,5.5,72.5,yes,yes,84.4,88.2,79.2,75.9,C
11999,5.8,100.0,yes,no,100.0,100.0,100.0,96.2,A
12000,2.9,77.5,yes,yes,36.8,29.8,41.9,48.5,E
12001,1.7,84.3,yes,no,71.0,46.5,31.4,54.9,E
12002,4.0,96.0,yes,yes,73.9,67.0,88.7,72.2,C
12003,2.2,57.1,yes,no,47.5,60.8,42.2,47.3,E
12004,5.7,67.0,yes,yes,82.9,75.3,81.1,79.5,C
12005,5.9,66.2,yes,no,87.1,54.5,73.6,65.5,D
12006,0.6,55.8,yes,yes,25.6,22.0,34.5,25.4,F
12007,7.7,78.0,yes,yes,97.1,89.4,100.0,94.9,B
12008,7.4,65.3,yes,no,84.3,70.3,82.0,76.1,C
12009,1.5,58.3,no,no,30.9,28.6,32.4,28.2,F
12010,4.1,51.1,yes,no,64.6,60.4,63.8,53.0,E
12011,2.1,51.3,yes,yes,41.0,42.3,22.2,36.6,F
12012,7.7,69.5,no,no,100.0,100.0,100.0,93.0,B
12013,4.7,80.5,yes,yes,79.6,77.6,38.9,73.0,C
12014,5.8,60.6,yes,yes,80.3,84.3,79.5,78.6,C
12015,7.8,95.5,yes,yes,100.0,100.0,100.0,100.0,A
12016,5.5,60.5,yes,no,72.8,58.6,71.2,64.7,D
12017,7.0,63.5,yes,no,72.0,68.1,46.5,73.4,C
12018,2.3,65.2,yes,yes,36.1,32.4,29.8,42.9,E
12019,2.2,57.9,no,no,34.3,14.6,38.9,32.2,F
12020,3.8,100.0,yes,no,90.2,83.4,92.8,77.9,C
12021,7.1,85.8,yes,no,85.1,97.9,90.9,95.2,A
12022,0.8,65.0,yes,no,38.2,27.7,34.8,39.6,F
12023,3.8,98.7,yes,no,60.2,63.8,56.8,60.7,D
12024,6.7,81.7,yes,yes,87.5,80.0,88.1,77.1,C
12025,1.8,88.5,no,yes,37.4,55.2,64.0,48.3,E
12026,5.1,67.2,yes,no,82.2,68.0,71.8,71.8,C
12027,1.0,60.8,yes,yes,26.9,26.4,36.7,33.5,F
12028,0.6,72.5,yes,no,25.4,18.4,19.6,24.9,F
12029,2.9,70.8,yes,no,58.7,58.1,49.9,50.1,E
12030,6.5,99.2,yes,no,100.0,100.0,95.5,91.2,B
12031,0.8,57.3,yes,no,47.5,27.2,45.0,35.8,F
12032,3.2,56.8,yes,yes,45.7,51.3,43.3,51.1,E
12033,6.0,81.1,no,yes,71.9,77.3,89.2,81.1,C
12034,3.3,78.1,yes,no,80.5,55.8,51.3,61.4,D
12035,4.1,77.3,yes,no,52.9,69.4,42.0,65.4,D
12036,4.3,70.6,yes,no,80.4,64.5,73.4,63.1,D
12037,7.3,68.1,yes,yes,100.0,71.6,99.5,95.5,A
12038,7.1,54.4,yes,yes,79.3,72.4,87.1,70.3,C
12039,1.0,89.6,yes,no,58.8,65.7,40.4,51.1,E
12040,5.7,72.3,yes,yes,64.9,74.0,83.1,73.7,C
12041,4.6,94.9,yes,no,72.5,89.7,72.1,75.6,C
12042,3.2,74.8,no,yes,78.6,62.6,71.7,59.7,D
12043,4.2,95.2,yes,yes,58.8,91.0,73.0,71.1,C
12044,7.1,96.2,yes,no,100.0,100.0,91.3,94.0,B
12045,6.3,78.0,yes,no,100.0,100.0,79.3,87.7,B
12046,4.8,89.9,yes,no,66.6,82.0,79.6,75.2,C
12047,1.8,55.2,yes,no,55.8,48.5,46.7,46.1,E
12048,5.1,55.9,yes,no,90.2,58.9,66.2,71.3,C
12049,4.2,85.0,yes,yes,88.5,55.1,79.7,68.7,D
12050,3.9,52.5,yes,yes,38.6,72.9,65.7,59.0,D
12051,7.6,85.6,yes,no,100.0,89.1,79.0,97.6,A
12052,7.9,61.5,yes,yes,89.9,100.0,80.1,86.6,B
12053,7.6,61.7,yes,yes,94.4,73.2,86.0,80.6,C
12054,6.0,68.0,yes,no,88.4,62.4,76.9,83.0,C
12055,5.0,96.2,yes,yes,78.7,68.7,66.4,77.3,C
12056,2.9,85.5,yes,yes,79.2,43.3,44.0,57.4,D
12057,7.6,87.6,yes,no,91.6,100.0,77.2,88.8,B
12058,3.9,89.2,yes,no,77.4,54.4,62.3,57.1,D
12059,2.0,91.6,yes,no,57.2,46.3,46.1,49.4,E
12060,1.3,58.5,yes,yes,20.3,24.8,13.4,30.1,F
12061,6.8,97.1,yes,no,100.0,94.4,86.3,94.7,B
12062,3.0,69.9,yes,no,71.9,58.0,50.3,55.1,D
12063,6.2,78.1,yes,no,64.2,67.3,77.1,72.9,C
12064,5.2,90.5,yes,yes,84.0,64.6,69.0,80.9,C
12065,2.6,92.6,yes,no,32.2,41.7,38.5,57.4,D
12066,6.9,75.3,yes,no,71.2,70.3,81.4,79.8,C
12067,6.8,77.2,yes,yes,77.0,74.8,92.7,89.7,B
12068,1.8,70.5,yes,no,39.9,64.3,64.6,51.4,E
12069,1.4,52.5,yes,no,44.4,26.8,43.0,31.4,F
12070,5.0,82.4,yes,yes,74.0,60.8,70.5,78.1,C
12071,2.3,83.9,yes,no,57.5,66.1,68.6,62.0,D
12072,3.0,73.6,yes,yes,55.4,55.1,69.5,62.7,D
12073,7.5,52.4,yes,yes,86.5,89.5,70.1,79.6,C
12074,1.8,78.3,yes,yes,53.0,28.9,37.1,35.8,F
12075,4.0,55.2,yes,no,58.5,47.9,48.9,52.0,E
12076,2.7,72.7,yes,no,60.3,74.5,51.2,52.0,E
12077,3.1,89.9,no,yes,79.8,69.6,64.8,68.7,D
12078,3.3,61.4,yes,no,60.1,58.0,72.3,57.9,D
12079,2.4,95.9,yes,no,47.6,65.7,74.5,64.4,D
12080,6.2,85.4,yes,no,87.8,69.5,86.1,75.9,C
12081,6.6,62.9,yes,no,79.7,100.0,95.8,82.2,C
12082,4.5,61.5,yes,no,46.3,55.4,57.8,64.3,D
12083,7.2,53.7,no,no,88.9,96.0,81.2,83.3,C
12084,1.5,93.7,yes,yes,65.2,40.8,49.8,44.4,E
12085,4.3,53.2,yes,yes,75.2,57.6,52.9,62.2,D
12086,6.7,81.3,yes,no,66.7,75.6,93.9,81.7,C
12087,5.2,87.6,no,yes,69.4,49.9,64.2,70.2,C
12088,7.9,62.8,yes,no,91.6,93.9,78.1,98.0,A
12089,5.0,69.0,yes,no,61.8,82.7,70.0,74.5,C
12090,7.7,64.7,yes,yes,85.3,86.1,82.3,86.6,B
12091,1.2,90.1,yes,yes,43.3,33.4,48.8,44.9,E
12092,0.8,99.8,yes,yes,27.3,44.9,13.9,38.8,F
12093,3.2,98.5,yes,yes,68.0,71.0,73.9,72.1,C
12094,6.8,53.5,yes,yes,74.4,74.2,79.0,77.0,C
12095,0.9,83.9,yes,yes,30.2,23.9,55.7,39.9,F
12096,2.4,79.2,yes,no,33.9,45.6,47.7,52.0,E
12097,7.9,96.5,yes,yes,89.7,96.5,100.0,97.8,A
12098,5.3,78.9,yes,no,57.7,72.7,71.5,74.1,C
12099,3.4,72.9,yes,yes,54.0,59.3,50.7,50.8,E
12100,1.1,72.4,yes,yes,44.7,25.4,38.3,44.8,E
12101,6.2,92.7,yes,no,92.5,71.0,100.0,79.9,C
12102,7.4,83.6,yes,yes,72.1,91.7,91.8,95.2,A
12103,6.1,53.7,yes,no,85.9,77.0,72.3,72.7,C
12104,1.4,96.7,yes,no,33.2,46.2,56.2,45.6,E
12105,4.5,83.9,yes,yes,78.1,76.8,72.4,78.9,C
12106,3.5,57.8,yes,no,51.2,64.6,71.2,54.6,E
12107,7.3,73.5,yes,yes,76.1,100.0,93.4,89.6,B
12108,6.2,62.5,yes,yes,82.2,77.6,84.5,79.6,C
12109,6.5,79.6,yes,yes,89.8,100.0,90.7,89.3,B
12110,3.6,77.8,yes,no,69.6,67.9,51.8,50.0,E
12111,0.7,98.5,yes,yes,46.7,39.3,43.5,45.4,E
12112,6.2,52.8,yes,yes,73.9,78.9,86.7,77.2,C
12113,5.2,72.5,yes,yes,54.6,42.7,46.7,62.2,D
12114,1.6,59.1,yes,no,30.2,33.7,46.6,37.0,F
12115,6.2,51.1,yes,yes,54.9,83.2,81.8,77.0,C
12116,1.6,88.9,yes,yes,46.9,49.7,75.1,53.2,E
12117,6.0,87.9,no,no,86.9,83.7,92.3,82.1,C
12118,5.9,96.7,yes,no,72.4,85.6,70.4,80.6,C
12119,0.6,79.4,yes,no,37.7,30.7,31.5,27.8,F
12120,6.3,62.8,yes,yes,81.6,84.4,99.6,81.9,C
12121,3.6,68.1,yes,yes,72.8,68.3,64.8,65.5,D
12122,4.3,80.2,yes,yes,65.0,71.7,61.9,68.0,D
12123,7.7,81.4,yes,no,92.2,100.0,100.0,100.0,A
12124,7.4,52.1,yes,no,92.7,73.1,80.4,79.9,C
12125,3.4,95.5,yes,yes,59.3,48.1,54.5,59.7,D
12126,5.8,96.3,yes,no,87.1,75.9,62.2,75.7,C
12127,4.3,89.9,yes,no,70.3,68.0,80.5,74.5,C
12128,6.7,62.5,no,no,41.8,92.8,64.1,78.6,C
12129,2.9,67.4,yes,no,75.2,41.1,67.5,57.9,D
12130,4.0,85.1,yes,yes,50.9,54.9,64.3,59.9,D
12131,1.3,65.3,yes,no,30.3,51.2,34.3,44.1,E
12132,7.5,69.4,yes,yes,100.0,79.8,100.0,93.6,B
12133,7.3,83.4,yes,no,81.6,92.5,98.7,100.0,A
12134,2.6,51.7,yes,yes,57.7,44.4,41.0,48.0,E
12135,4.9,56.9,yes,no,60.6,77.8,47.2,60.0,D
12136,3.3,51.8,yes,no,55.5,48.4,43.0,52.9,E
12137,1.7,63.3,yes,yes,46.2,46.2,45.1,41.8,E
12138,0.8,74.1,yes,yes,33.4,42.6,42.5,44.5,E
12139,6.7,92.2,yes,yes,85.0,91.6,95.1,95.9,A
12140,2.7,58.9,yes,yes,53.4,57.5,41.6,44.3,E
12141,4.4,67.8,yes,no,64.6,60.0,92.1,71.0,C
12142,7.3,50.5,yes,no,76.3,79.7,91.7,79.1,C
12143,0.6,73.2,yes,yes,30.7,30.9,48.0,29.3,F
12144,4.6,51.3,no,no,54.9,60.7,43.8,48.0,E
12145,7.7,66.1,yes,yes,68.7,83.4,94.4,85.5,B
12146,6.6,91.5,yes,yes,100.0,83.7,92.2,98.2,A
12147,2.1,96.8,yes,yes,72.8,49.5,39.3,62.2,D
12148,2.0,68.4,yes,no,48.3,34.1,33.2,43.8,E
12149,6.2,64.2,yes,yes,80.1,75.0,82.8,66.4,D
12150,1.1,87.9,yes,yes,43.7,42.8,51.0,46.7,E
12151,5.0,84.9,no,no,66.0,87.0,94.3,81.3,C
12152,2.3,68.9,yes,no,45.1,56.9,28.0,39.7,F
12153,6.8,95.3,yes,yes,90.9,98.1,91.0,90.7,B
12154,3.3,72.7,no,no,83.2,73.1,63.3,64.6,D
12155,3.6,96.8,no,no,68.9,69.1,46.1,66.2,D
12156,6.5,94.2,yes,no,100.0,85.9,100.0,95.5,A
12157,1.2,97.4,no,yes,39.0,62.6,49.8,42.2,E
12158,5.0,55.4,yes,no,62.8,55.8,57.5,62.3,D
12159,7.7,63.4,yes,no,95.0,91.9,96.9,82.6,C
12160,5.4,68.6,yes,yes,71.6,74.7,50.7,65.1,D
12161,1.1,87.2,yes,no,78.4,36.8,51.3,50.1,E
12162,7.3,64.7,yes,yes,100.0,79.3,93.3,94.3,B
12163,1.5,60.4,yes,no,37.4,42.0,33.0,36.5,F
12164,3.3,67.2,yes,yes,53.7,40.9,64.0,50.8,E
12165,1.9,65.5,yes,yes,55.0,62.1,48.8,48.1,E
12166,5.9,90.7,no,yes,98.4,78.7,74.0,84.4,C
12167,2.5,99.5,yes,yes,58.4,71.4,63.3,59.9,D
12168,2.5,65.2,no,no,22.3,50.2,33.1,39.3,F
12169,3.6,52.6,no,no,57.2,51.8,46.3,48.8,E
12170,2.6,86.1,yes,no,72.8,61.0,70.3,61.7,D
12171,6.4,74.0,yes,no,75.2,84.3,71.6,79.1,C
12172,4.5,71.7,yes,yes,72.8,56.5,61.5,58.2,D
12173,4.7,67.6,no,yes,64.8,53.1,51.2,55.9,D
12174,1.7,73.5,yes,yes,51.4,35.6,50.7,48.1,E
12175,7.4,56.8,yes,yes,79.6,92.6,89.3,84.0,C
12176,3.1,80.6,no,yes,44.5,49.0,73.4,53.2,E
12177,3.3,96.5,yes,no,69.1,68.8,70.8,62.8,D
12178,2.3,96.0,no,no,57.2,58.5,68.2,53.4,E
12179,7.7,86.9,yes,yes,89.7,78.7,91.5,92.4,B
12180,5.1,69.5,no,yes,42.9,63.3,51.4,59.3,D
12181,1.0,96.1,no,no,51.8,52.4,38.0,45.4,E
12182,1.9,83.0,yes,no,62.5,55.9,62.2,55.6,D
12183,4.1,75.2,yes,yes,75.0,76.7,93.3,72.5,C
12184,1.9,64.2,no,yes,32.2,36.6,33.1,33.0,F
12185,5.0,87.8,yes,no,58.5,85.8,85.1,68.6,D
12186,2.8,89.9,yes,no,64.1,57.7,42.1,56.8,D
12187,3.1,77.9,yes,no,67.3,58.7,53.3,48.7,E
12188,6.4,64.3,yes,yes,70.9,64.8,78.2,79.4,C
12189,4.4,69.5,no,no,59.2,64.2,64.0,66.9,D
12190,1.3,81.2,yes,yes,43.2,52.7,46.4,46.9,E
12191,3.3,61.1,yes,yes,72.5,57.1,54.3,59.5,D
12192,7.2,73.5,yes,yes,95.0,85.5,82.3,80.1,C
12193,6.8,52.1,yes,no,80.4,86.5,83.2,80.9,C
12194,6.2,90.3,no,no,88.2,93.2,95.4,88.1,B
12195,6.8,69.1,yes,yes,87.6,78.3,87.5,87.0,B
12196,1.2,72.3,yes,no,19.8,38.7,35.1,34.0,F
12197,1.4,94.3,yes,yes,26.9,35.8,44.7,42.7,E
12198,0.6,69.8,yes,yes,39.5,31.8,32.4,35.4,F
12199,1.4,73.8,no,no,56.8,53.7,29.9,36.3,F
12200,6.7,64.8,yes,yes,100.0,95.8,86.6,86.8,B
12201,0.8,90.4,no,no,50.3,53.3,38.5,52.5,E
12202,4.0,71.8,yes,yes,59.8,67.2,60.9,67.7,D
12203,2.4,74.1,yes,no,43.4,62.0,38.4,53.5,E
12204,6.7,74.6,no,yes,100.0,100.0,85.7,91.5,B
12205,6.5,83.8,yes,yes,81.8,97.5,95.0,93.1,B
12206,6.2,77.1,yes,no,85.7,97.1,74.5,85.5,B
12207,3.3,71.7,yes,yes,66.8,56.0,53.9,56.2,D
12208,7.4,82.7,yes,yes,100.0,100.0,100.0,100.0,A
12209,7.2,81.9,no,no,100.0,80.0,88.0,85.7,B
12210,5.4,85.5,yes,yes,63.6,77.8,80.6,77.3,C
12211,5.1,73.5,no,yes,58.0,48.5,52.3,65.2,D
12212,3.0,99.0,yes,yes,56.7,55.3,65.7,61.7,D
12213,6.0,78.8,yes,yes,83.4,79.4,83.4,84.7,C
12214,7.5,89.9,yes,no,100.0,93.8,100.0,94.6,B
12215,2.9,73.3,yes,yes,22.9,40.4,44.5,44.3,E
12216,2.6,66.9,yes,no,38.4,21.0,46.9,40.2,E
12217,2.5,76.2,yes,yes,48.2,55.6,41.7,44.1,E
12218,7.9,78.9,yes,yes,100.0,92.1,88.3,91.4,B
12219,4.6,65.4,yes,no,51.5,63.3,49.7,57.3,D
12220,7.8,87.7,yes,no,97.0,100.0,67.8,97.9,A
12221,5.1,71.4,yes,yes,66.7,56.3,55.0,64.9,D
12222,2.7,83.0,yes,no,59.4,50.4,63.8,53.1,E
12223,4.9,64.4,yes,no,82.7,68.5,65.4,66.0,D
12224,1.7,74.2,yes,yes,51.6,56.3,61.4,51.9,E
12225,3.9,67.6,yes,no,65.2,70.1,73.1,59.0,D
12226,3.8,70.9,yes,no,40.5,73.0,53.7,60.3,D
12227,4.8,83.8,yes,yes,70.3,87.5,81.4,72.6,C
12228,3.4,57.8,yes,yes,62.8,54.4,40.9,55.7,D
12229,3.9,62.3,yes,no,60.2,31.9,39.1,48.9,E
12230,7.1,68.0,yes,yes,75.3,100.0,92.9,92.3,B
12231,1.9,63.7,yes,no,32.1,36.2,35.1,32.7,F
12232,7.4,58.7,no,no,76.8,71.2,84.5,81.7,C
12233,4.5,90.8,yes,yes,88.3,67.4,94.6,76.2,C
12234,5.2,58.1,no,no,49.0,60.6,79.7,64.4,D
12235,1.3,82.1,yes,no,39.9,32.2,37.1,33.8,F
12236,1.6,72.6,no,yes,46.6,34.8,42.5,42.6,E
12237,6.0,58.2,yes,yes,79.4,78.9,85.1,71.7,C
12238,7.3,64.8,yes,no,85.8,90.6,79.1,84.3,C
12239,4.4,55.5,no,no,54.5,50.3,53.2,48.9,E
12240,1.8,54.8,no,yes,42.4,23.8,19.2,34.5,F
12241,6.5,67.9,yes,no,63.3,73.0,71.7,69.5,D
12242,7.4,87.8,yes,yes,86.6,85.1,100.0,88.0,B
12243,5.5,69.9,yes,yes,82.7,55.0,85.9,73.9,C
12244,1.9,78.4,yes,no,44.1,47.2,44.8,41.7,E
12245,3.6,56.4,yes,yes,23.1,34.4,51.2,43.2,E
12246,7.5,94.1,yes,yes,82.8,93.2,81.8,98.0,A
12247,1.9,66.5,yes,no,51.7,34.7,44.2,37.1,F
12248,1.8,59.5,yes,yes,30.4,18.1,36.6,34.9,F
12249,5.8,67.7,yes,yes,42.8,69.0,77.6,64.7,D
12250,4.6,98.5,yes,yes,70.6,76.1,80.9,75.9,C
12251,2.0,81.5,yes,yes,60.3,53.4,40.8,52.1,E
12252,5.1,56.1,yes,no,54.1,52.9,76.0,59.6,D
12253,7.5,58.1,no,yes,96.4,85.2,80.6,82.4,C
12254,6.9,88.1,yes,yes,74.8,88.6,100.0,85.3,B
12255,0.5,92.3,no,no,46.6,41.5,40.2,41.7,E
12256,7.1,54.1,no,no,83.0,79.9,65.2,74.5,C
12257,5.2,64.7,yes,no,76.8,73.0,62.4,73.8,C
12258,2.5,52.4,yes,yes,42.2,19.1,20.7,35.4,F
12259,1.2,56.2,yes,no,51.2,28.4,41.3,33.4,F
12260,7.8,56.9,no,no,85.4,75.3,75.1,79.5,C
12261,0.7,71.9,yes,no,6.8,28.4,33.0,25.1,F
12262,1.9,50.6,yes,no,42.3,37.6,34.3,42.7,E
12263,5.5,85.7,yes,yes,87.6,79.6,87.8,82.5,C
12264,6.2,70.2,yes,no,81.2,73.5,66.8,68.8,D
12265,2.5,70.1,no,yes,43.3,46.4,39.0,39.4,F
12266,6.0,98.1,no,no,99.9,100.0,100.0,96.9,A
12267,6.2,66.6,yes,no,87.9,83.2,91.9,80.7,C
12268,6.5,52.1,yes,yes,68.0,67.8,70.0,64.5,D
12269,6.2,70.2,yes,no,62.2,93.5,86.6,71.1,C
12270,0.7,73.4,yes,no,46.4,38.5,18.5,34.7,F
12271,7.2,73.5,yes,yes,77.8,82.9,75.4,85.1,B
12272,4.7,73.2,no,yes,58.3,72.6,69.0,74.4,C
12273,3.7,66.7,yes,no,62.6,73.4,65.4,59.4,D
12274,0.7,77.3,yes,yes,39.0,39.0,31.1,46.2,E
12275,4.9,93.5,yes,no,73.8,71.9,61.6,72.2,C
12276,1.7,67.9,yes,no,22.3,42.6,40.1,36.5,F
12277,4.6,76.8,yes,yes,72.1,79.4,65.8,70.8,C
12278,1.9,92.4,no,no,56.4,42.7,42.0,60.0,D
12279,5.7,69.9,yes,yes,79.5,84.1,85.0,81.0,C
12280,1.2,56.8,yes,no,33.9,20.3,30.2,32.6,F
12281,5.0,71.6,yes,no,63.6,94.5,52.8,65.8,D
12282,5.3,75.2,yes,yes,58.0,62.4,66.5,65.2,D
12283,3.5,93.4,yes,yes,57.3,66.0,40.3,69.7,D
12284,7.4,92.6,yes,no,100.0,100.0,90.4,99.3,A
12285,4.4,88.4,yes,no,66.9,70.2,91.8,74.0,C
12286,6.1,69.1,yes,yes,54.0,61.0,78.5,69.4,D
12287,3.8,63.8,no,no,51.8,70.6,55.8,56.7,D
12288,6.4,72.1,no,yes,80.1,100.0,91.7,87.0,B
12289,7.2,66.0,yes,no,82.8,88.6,75.0,88.4,B
12290,3.6,99.0,yes,no,77.4,68.2,83.6,67.9,D
12291,7.8,54.2,yes,yes,80.6,78.3,91.4,90.0,B
12292,1.6,75.3,yes,no,58.7,56.4,41.7,41.4,E
12293,6.8,69.2,yes,no,84.5,81.2,85.8,84.6,C
12294,4.4,88.6,yes,yes,70.6,67.4,75.1,74.8,C
12295,1.5,79.8,yes,no,64.2,63.2,51.2,51.7,E
12296,5.2,53.0,yes,no,57.0,43.8,72.6,58.6,D
12297,1.5,83.7,yes,yes,44.8,55.5,54.0,49.6,E
12298,7.2,74.6,no,no,79.8,60.8,76.3,81.8,C
12299,6.6,80.8,yes,no,100.0,92.5,83.4,85.2,B
12300,5.4,54.6,yes,yes,38.0,64.8,77.3,65.1,D
12301,2.2,75.5,yes,no,57.6,66.4,71.0,57.5,D
12302,7.7,76.4,yes,yes,98.6,74.6,74.6,87.5,B
12303,6.9,57.3,yes,yes,78.6,73.1,76.2,74.3,C
12304,5.9,80.7,yes,yes,85.7,71.5,66.5,81.4,C
12305,3.2,95.4,no,no,63.2,41.9,57.4,54.9,E
12306,4.1,51.3,no,yes,52.8,50.1,38.4,45.1,E
12307,3.0,62.6,yes,yes,56.2,67.8,44.8,58.5,D
12308,6.9,66.5,yes,yes,83.8,51.0,88.9,75.7,C
12309,2.8,77.2,yes,no,56.4,66.8,66.7,55.4,D
12310,2.3,87.0,yes,yes,57.6,69.3,46.8,54.6,E
12311,2.1,83.0,yes,yes,43.2,73.7,57.2,52.7,E
12312,3.5,73.1,no,yes,49.6,36.3,54.9,56.4,D
12313,5.2,98.0,yes,yes,81.6,100.0,85.2,87.1,B
12314,6.7,67.1,yes,yes,63.9,74.2,80.7,72.2,C
12315,7.4,89.2,yes,yes,88.9,97.2,100.0,100.0,A
12316,1.1,91.3,yes,no,49.1,58.7,40.2,40.2,E
12317,0.9,55.0,yes,no,23.5,29.8,54.5,30.7,F
12318,3.2,52.2,yes,yes,28.0,39.3,38.8,39.2,F
12319,6.6,99.3,yes,yes,86.4,67.4,83.1,84.5,C
12320,7.3,67.9,no,no,78.4,68.9,68.8,87.5,B
12321,1.8,83.4,yes,yes,46.0,41.1,63.1,40.0,E
12322,2.6,51.5,yes,no,38.8,55.6,23.7,35.7,F
12323,7.3,88.2,yes,yes,91.6,98.1,100.0,87.2,B
12324,4.8,67.6,yes,no,60.5,79.2,59.4,69.5,D
12325,3.6,79.1,yes,no,61.1,51.9,65.5,66.3,D
12326,2.3,52.4,yes,yes,38.7,39.5,40.1,33.6,F
12327,1.3,55.4,yes,no,20.8,48.1,60.8,36.8,F
12328,1.3,91.2,yes,no,52.1,52.8,40.2,48.8,E
12329,5.6,77.7,yes,yes,70.6,52.6,85.4,70.4,C
12330,5.9,88.8,no,no,100.0,100.0,83.0,89.8,B
12331,3.2,58.1,yes,no,33.0,52.9,52.5,49.0,E
12332,5.0,66.4,yes,yes,58.5,49.7,52.6,63.5,D
12333,1.7,92.6,yes,no,53.2,68.8,53.8,51.9,E
12334,0.7,79.3,no,no,55.6,40.9,48.8,42.8,E
12335,1.2,83.5,no,no,43.9,43.4,45.0,36.3,F
12336,1.3,60.3,yes,no,20.0,20.7,34.7,26.4,F
12337,7.9,77.8,yes,yes,87.3,76.8,84.9,85.5,B
12338,2.3,86.7,yes,no,54.0,53.7,41.0,45.1,E
12339,1.5,58.6,no,yes,53.6,32.1,56.1,45.3,E
12340,6.5,65.0,yes,yes,94.1,99.9,97.2,82.1,C
12341,3.2,50.4,yes,yes,38.1,48.4,37.3,49.1,E
12342,2.0,98.1,yes,no,75.5,56.8,55.4,56.6,D
12343,2.2,94.8,yes,yes,43.6,52.6,47.0,52.7,E
12344,1.5,54.6,yes,no,29.9,32.7,30.9,27.6,F
12345,1.1,91.6,yes,no,30.8,27.6,30.3,36.4,F
12346,5.6,77.3,yes,yes,77.3,77.4,80.0,78.0,C
12347,3.8,98.2,yes,no,62.9,86.9,76.1,66.2,D
12348,1.6,75.5,yes,yes,64.4,55.1,30.1,47.2,E
12349,6.4,60.3,yes,yes,66.7,74.5,73.3,79.2,C
12350,0.6,92.8,yes,yes,32.9,41.7,51.4,51.0,E
12351,3.7,96.9,yes,yes,52.0,46.6,53.9,62.3,D
12352,1.5,76.5,yes,no,41.3,59.0,56.3,51.7,E
12353,0.7,70.4,yes,yes,38.9,24.2,22.9,33.7,F
12354,4.6,88.8,yes,no,75.7,86.7,81.5,77.6,C
12355,1.7,54.2,yes,yes,29.0,26.3,25.0,25.5,F
12356,1.0,92.1,yes,yes,51.9,51.0,41.1,49.1,E
12357,4.1,93.0,yes,no,58.5,64.2,53.6,66.8,D
12358,6.8,64.8,yes,yes,66.8,67.3,77.3,73.6,C
12359,4.1,50.6,yes,yes,41.7,45.7,72.3,52.9,E
12360,1.1,50.5,no,no,33.5,31.3,34.0,26.4,F
12361,2.8,98.9,yes,no,52.7,56.5,73.0,65.9,D
12362,3.8,89.0,yes,yes,39.4,55.0,56.5,60.3,D
12363,2.6,67.9,yes,yes,42.5,42.0,50.5,50.3,E
12364,3.0,94.5,yes,no,76.7,78.0,52.5,62.4,D
12365,4.3,94.6,yes,no,63.6,52.7,64.7,72.6,C
12366,7.6,95.4,yes,yes,97.7,100.0,100.0,100.0,A
12367,6.5,75.1,no,yes,77.2,100.0,77.5,88.7,B
12368,2.0,91.0,yes,yes,41.4,35.6,54.4,56.2,D
12369,6.4,51.9,yes,no,58.9,73.2,59.7,67.9,D
12370,3.5,58.0,yes,yes,47.6,34.2,40.8,43.0,E
12371,6.6,81.6,yes,no,70.3,96.7,79.0,88.4,B
12372,5.1,55.2,yes,no,75.9,47.9,40.7,60.4,D
12373,5.6,52.2,yes,yes,50.6,77.7,72.1,67.8,D
12374,3.2,55.4,yes,yes,30.7,33.4,39.0,39.2,F
12375,5.8,72.7,yes,yes,57.0,56.2,76.7,68.7,D
12376,4.7,74.4,yes,yes,53.6,58.9,74.8,59.7,D
12377,5.1,96.3,yes,no,96.5,73.4,85.3,80.7,C
12378,4.6,71.1,yes,yes,70.5,50.6,82.6,74.4,C
12379,0.9,75.7,yes,no,28.8,20.7,41.9,33.9,F
12380,4.1,90.8,yes,no,72.7,80.8,84.4,66.9,D
12381,0.9,90.7,yes,yes,36.9,44.4,38.5,46.7,E
12382,1.8,66.3,yes,no,49.8,55.8,46.6,49.5,E
12383,4.1,86.2,yes,no,73.7,50.1,54.2,59.6,D
12384,3.5,94.3,yes,yes,66.6,65.5,60.5,59.9,D
12385,0.9,91.2,yes,no,40.5,38.9,30.6,37.5,F
12386,1.5,66.4,yes,no,47.1,57.9,34.5,44.5,E
12387,4.0,87.0,yes,no,69.9,76.8,70.4,75.9,C
12388,7.8,86.9,no,no,76.0,87.2,80.3,89.5,B
12389,4.1,62.1,yes,yes,69.9,60.7,56.0,63.4,D
12390,6.3,83.5,yes,no,78.3,77.4,61.9,79.3,C
12391,3.8,54.4,no,yes,66.4,64.6,80.3,59.8,D
12392,1.9,63.7,yes,no,58.2,47.0,34.2,42.3,E
12393,0.7,51.4,yes,no,47.1,21.2,43.5,33.1,F
12394,3.3,56.5,yes,no,54.3,68.5,64.7,54.5,E
12395,7.4,55.3,yes,no,78.9,65.8,77.9,76.9,C
12396,2.9,97.3,no,yes,53.7,61.9,54.6,64.1,D
12397,3.3,58.2,yes,yes,45.7,51.5,63.4,52.7,E
12398,5.7,53.6,yes,no,60.7,63.5,74.6,65.3,D
12399,6.0,87.5,yes,yes,77.5,74.8,82.5,73.8,C
12400,5.1,82.4,yes,yes,72.5,66.5,84.7,75.7,C
12401,3.0,81.8,yes,no,55.7,55.1,59.0,54.0,E
12402,7.6,94.6,yes,no,89.7,89.6,99.4,93.0,B
12403,3.1,83.3,yes,no,41.4,63.7,58.6,49.1,E
12404,2.7,83.4,yes,yes,53.0,44.5,40.8,47.0,E
12405,6.8,72.8,yes,no,79.7,92.6,76.3,77.1,C
12406,7.5,78.3,yes,no,75.0,85.2,68.5,82.1,C
12407,7.7,88.3,yes,yes,93.7,86.8,100.0,90.2,B
12408,4.5,68.0,yes,yes,54.3,74.3,63.8,59.3,D
12409,7.0,51.8,yes,no,78.7,87.7,57.3,70.0,C
12410,1.9,71.3,yes,yes,52.9,33.2,14.4,37.4,F
12411,7.2,68.8,yes,yes,76.9,84.2,83.3,82.1,C
12412,6.2,59.1,yes,no,72.1,76.9,67.7,69.5,D
12413,3.5,85.4,no,yes,72.2,68.5,62.2,67.2,D
12414,2.3,90.2,yes,no,46.5,44.5,51.1,48.0,E
12415,6.2,57.9,yes,no,63.0,67.3,81.3,71.5,C
12416,3.7,74.1,no,no,55.1,69.3,66.5,54.2,E
12417,7.8,66.3,no,yes,99.2,100.0,100.0,92.8,B
12418,6.9,78.4,yes,no,65.4,76.2,81.1,80.5,C
12419,6.4,54.7,yes,no,70.2,70.8,90.3,73.1,C
12420,3.0,96.7,yes,no,82.5,66.7,68.1,72.4,C
12421,5.8,53.2,no,no,82.7,88.8,76.6,73.4,C
12422,6.2,91.1,yes,yes,65.3,75.4,83.5,78.6,C
12423,3.6,59.7,yes,no,35.0,54.2,58.3,50.6,E
12424,1.2,88.5,yes,no,58.5,59.0,36.6,47.5,E
12425,6.0,64.1,yes,yes,61.1,60.5,88.3,80.0,C
12426,2.7,89.5,yes,no,46.1,54.2,60.0,53.8,E
12427,1.5,95.8,yes,yes,66.8,42.0,44.5,58.5,D
12428,0.8,96.8,yes,yes,50.2,53.3,38.9,37.3,F
12429,3.0,93.2,yes,no,44.7,38.0,53.2,55.2,D
12430,4.3,71.3,yes,no,65.2,42.0,81.7,62.5,D
12431,0.8,71.4,yes,yes,56.1,62.2,48.7,44.6,E
12432,4.7,97.6,yes,yes,80.2,77.8,80.4,84.0,C
12433,7.2,94.6,yes,yes,95.1,87.1,95.1,100.0,A
12434,5.0,74.2,yes,yes,82.7,51.2,75.5,66.0,D
12435,4.4,69.9,no,yes,66.2,71.8,71.1,67.9,D
12436,2.2,54.7,yes,yes,8.0,34.5,32.6,31.2,F
12437,3.8,68.1,yes,no,64.1,68.6,69.5,62.7,D
12438,5.0,73.6,yes,yes,79.2,71.9,74.8,73.7,C
12439,7.0,91.5,yes,no,100.0,100.0,100.0,92.4,B
12440,7.1,66.2,yes,no,86.1,80.3,76.8,79.1,C
12441,3.9,65.1,yes,no,60.4,54.1,46.6,56.4,D
12442,1.9,51.3,yes,yes,33.0,29.7,38.2,41.4,E
12443,5.8,52.0,yes,no,92.5,62.4,76.7,76.9,C
12444,7.6,90.4,yes,yes,98.7,100.0,100.0,100.0,A
12445,7.7,58.2,yes,no,95.3,72.4,89.6,87.1,B
12446,8.0,98.3,yes,no,100.0,88.5,100.0,100.0,A
12447,2.4,53.0,yes,yes,51.2,45.1,39.3,45.2,E
12448,6.8,90.3,no,yes,78.0,97.7,67.5,81.8,C
12449,0.9,55.8,yes,no,48.8,24.1,15.5,34.6,F
12450,0.6,81.7,yes,no,35.2,32.4,41.4,34.2,F
12451,5.6,87.8,yes,no,85.8,86.9,59.5,82.9,C
12452,1.4,61.3,yes,no,49.5,43.8,44.2,41.4,E
12453,3.4,78.0,yes,yes,47.6,61.9,53.2,48.5,E
12454,0.6,89.0,yes,no,59.6,54.3,55.1,49.0,E
12455,1.2,58.5,yes,yes,33.4,53.9,34.5,30.0,F
12456,2.1,76.1,yes,no,41.1,50.8,44.1,44.9,E
12457,4.7,76.6,yes,no,65.8,64.4,47.2,60.3,D
12458,3.0,88.4,yes,no,52.4,49.7,55.8,62.3,D
12459,4.7,68.1,no,no,65.0,67.1,76.9,63.3,D
12460,5.4,82.3,no,yes,82.8,76.6,89.9,85.0,B
12461,0.5,97.5,yes,no,46.6,37.5,28.2,39.3,F
12462,6.9,85.4,yes,no,87.0,82.6,70.1,79.4,C
12463,0.9,50.9,yes,no,21.3,33.0,47.4,27.3,F
12464,7.0,57.5,no,no,77.0,86.8,73.1,85.0,C
12465,7.8,69.9,yes,no,98.3,74.0,84.3,84.4,C
12466,7.3,70.2,yes,yes,99.6,72.5,85.0,83.1,C
12467,4.6,66.5,yes,no,97.9,60.1,81.8,71.9,C
12468,6.3,72.2,no,no,68.9,78.5,82.4,72.8,C
12469,1.8,97.2,yes,yes,56.5,60.5,68.3,62.3,D
12470,7.5,90.2,yes,yes,87.9,100.0,99.2,98.1,A
12471,0.7,56.9,no,yes,31.0,21.4,38.1,32.8,F
12472,4.6,72.2,yes,yes,59.3,68.0,100.0,74.5,C
12473,4.0,84.1,no,no,68.4,85.5,100.0,72.8,C
12474,6.5,58.2,no,yes,68.8,64.4,73.9,67.7,D
12475,6.1,52.5,yes,no,45.6,78.4,58.3,62.2,D
12476,3.0,97.9,yes,yes,69.9,75.2,68.9,68.6,D
12477,1.7,89.2,yes,yes,58.5,43.0,56.3,47.7,E
12478,6.5,94.3,yes,yes,93.5,100.0,80.3,89.9,B
12479,7.8,89.1,yes,no,100.0,100.0,100.0,100.0,A
12480,1.2,84.0,yes,yes,40.5,37.6,50.4,48.6,E
12481,6.0,88.3,yes,no,76.9,93.1,77.2,92.6,B
12482,4.4,76.3,yes,no,81.2,71.0,74.3,70.4,C
12483,2.8,62.9,yes,no,60.1,49.7,51.9,57.1,D
12484,0.6,54.7,yes,no,15.5,12.0,27.9,17.1,F
12485,5.9,79.9,yes,no,80.7,62.4,79.3,81.1,C
12486,1.5,61.0,yes,yes,17.2,29.0,13.2,27.8,F
12487,6.9,91.2,yes,no,100.0,95.4,95.3,100.0,A
12488,2.5,76.8,yes,no,52.0,43.9,51.0,49.2,E
12489,4.9,99.8,yes,no,79.7,84.5,56.8,77.0,C
12490,2.6,69.3,yes,no,47.7,81.4,58.6,52.3,E
12491,5.8,71.0,yes,yes,85.1,76.8,73.0,81.0,C
12492,1.4,63.5,yes,yes,31.5,32.1,36.0,28.4,F
12493,3.1,64.3,yes,no,54.9,62.6,70.7,52.1,E
12494,4.3,73.9,yes,yes,71.6,76.4,83.9,72.1,C
12495,4.9,53.2,yes,yes,62.9,64.3,62.4,63.8,D
12496,4.8,91.7,no,yes,65.7,72.7,78.4,68.5,D
12497,1.1,54.9,yes,no,28.1,30.4,32.7,27.2,F
12498,0.8,95.3,yes,yes,21.8,31.3,37.2,36.5,F
12499,2.3,70.0,yes,yes,43.6,50.8,74.7,43.3,E
12500,0.8,73.0,yes,yes,35.2,38.6,46.9,37.3,F
12501,2.2,98.2,yes,yes,73.8,57.4,52.4,57.7,D
12502,0.9,87.0,yes,no,31.9,40.2,45.3,42.8,E
12503,4.5,63.9,yes,no,56.2,75.4,74.9,69.3,D
12504,1.3,65.3,yes,yes,21.8,27.2,33.2,28.5,F
12505,3.6,57.5,no,no,55.0,66.5,52.6,52.4,E
12506,6.3,81.9,yes,yes,73.2,67.7,79.4,75.7,C
12507,6.3,83.0,yes,yes,58.7,78.4,74.3,76.1,C
12508,4.7,94.5,yes,yes,65.0,99.9,81.3,78.1,C
12509,0.7,64.2,yes,yes,33.7,21.4,41.8,22.5,F
12510,4.5,53.4,yes,yes,72.1,39.6,56.8,52.4,E
12511,2.4,61.0,yes,no,57.8,59.6,54.2,52.4,E
12512,4.8,98.2,yes,yes,80.6,71.4,96.0,82.3,C
12513,7.3,99.4,yes,no,100.0,100.0,100.0,100.0,A
12514,5.0,67.7,yes,yes,55.8,61.4,61.3,63.6,D
12515,7.6,74.5,yes,no,100.0,97.1,87.5,98.9,A
12516,2.1,92.3,yes,no,73.6,56.0,43.0,57.9,D
12517,2.5,73.9,yes,no,33.3,36.4,48.8,40.7,E
12518,1.6,97.9,no,yes,59.2,52.6,82.6,54.4,E
12519,1.1,91.9,yes,yes,31.6,33.2,34.9,36.2,F
12520,0.6,87.1,yes,yes,45.2,38.7,13.8,39.6,F
12521,7.5,81.4,yes,no,81.1,88.4,97.0,84.2,C
12522,3.9,60.3,yes,no,38.1,43.2,49.2,45.6,E
12523,7.5,59.1,yes,yes,93.7,100.0,89.7,91.4,B
12524,7.0,93.3,yes,no,84.4,99.8,85.9,98.2,A
12525,6.1,62.0,yes,no,68.1,77.4,82.0,68.4,D
12526,7.4,62.2,yes,no,86.6,81.5,90.0,89.0,B
12527,2.5,92.3,no,no,53.3,45.6,57.7,47.1,E
12528,6.9,52.3,yes,yes,87.5,81.4,85.9,85.4,B
12529,5.6,85.9,yes,no,76.6,95.4,95.6,76.3,C
12530,5.0,80.8,yes,no,85.1,80.2,78.6,76.2,C
12531,5.1,51.9,no,yes,66.9,53.9,52.3,59.1,D
12532,7.3,59.1,no,yes,91.4,67.0,88.6,82.9,C
12533,7.5,65.0,yes,no,70.0,86.9,81.7,80.4,C
12534,1.8,61.4,no,yes,54.0,52.3,36.1,47.3,E
12535,1.1,58.5,yes,yes,51.3,48.0,27.4,36.0,F
12536,2.5,92.7,yes,no,32.0,45.8,49.5,48.5,E
12537,6.6,96.2,yes,yes,73.2,89.3,99.9,85.7,B
12538,1.2,58.8,no,no,43.0,32.7,19.8,24.8,F
12539,5.5,78.9,yes,no,72.6,59.1,79.3,68.4,D
12540,3.5,71.7,yes,yes,41.6,59.9,46.3,47.8,E
12541,7.3,68.8,yes,no,83.0,79.2,100.0,95.4,A
12542,6.7,97.7,yes,no,89.3,100.0,100.0,95.9,A
12543,4.3,52.3,yes,yes,35.9,52.1,59.1,56.6,D
12544,3.4,98.7,no,no,73.2,67.4,64.2,69.9,D
12545,6.8,65.9,yes,no,93.7,92.7,78.9,84.8,C
12546,2.3,78.5,yes,yes,64.8,64.6,62.1,51.1,E
12547,4.6,96.6,yes,no,62.9,84.5,72.4,81.3,C
12548,7.5,82.3,yes,no,100.0,92.3,77.8,94.5,B
12549,5.0,88.4,yes,yes,69.0,61.6,81.0,68.2,D
12550,7.5,54.8,yes,yes,82.2,60.9,66.6,74.8,C
12551,3.8,78.5,yes,yes,29.3,47.6,40.4,53.5,E
12552,5.2,65.5,yes,no,61.4,67.8,54.2,61.7,D
12553,7.6,71.0,yes,yes,69.1,84.6,78.3,80.0,C
12554,6.0,61.9,yes,yes,60.5,69.8,59.4,71.4,C
12555,7.3,80.8,yes,yes,100.0,82.4,73.7,84.7,C
12556,6.7,76.8,yes,yes,100.0,98.1,89.6,86.7,B
12557,1.1,56.4,yes,no,42.7,47.8,35.9,40.7,E
12558,2.4,86.5,no,yes,29.3,53.4,54.4,49.5,E
12559,6.1,64.2,no,yes,59.3,53.7,72.6,66.1,D
12560,7.2,79.3,yes,no,100.0,88.9,85.7,91.3,B
12561,6.5,93.4,yes,no,83.5,100.0,84.2,85.5,B
12562,2.8,69.9,yes,yes,35.8,51.9,56.0,47.4,E
12563,5.2,82.0,yes,no,85.6,65.3,96.6,84.2,C
12564,5.5,93.1,yes,yes,77.3,79.7,54.4,78.2,C
12565,3.8,81.1,yes,no,48.5,67.8,45.0,59.4,D
12566,4.9,99.2,yes,yes,66.4,69.5,75.3,73.0,C
12567,7.9,54.1,yes,yes,76.2,93.8,90.7,90.0,B
12568,4.6,68.1,yes,yes,90.4,89.5,63.5,66.0,D
12569,2.0,85.1,no,yes,34.0,27.2,38.8,42.3,E
12570,4.3,74.4,yes,yes,65.0,57.4,62.4,70.1,C
12571,1.8,62.9,yes,yes,43.0,39.5,61.9,46.4,E
12572,5.7,66.7,yes,no,79.2,58.5,62.1,72.2,C
12573,7.3,86.2,yes,yes,66.3,90.1,85.1,85.8,B
12574,5.6,89.3,yes,no,82.9,87.0,83.1,83.7,C
12575,7.1,81.7,yes,no,95.8,93.9,100.0,94.4,B
12576,6.0,94.4,yes,yes,98.6,92.9,100.0,94.2,B
12577,3.8,76.1,yes,yes,60.5,59.9,59.3,59.0,D
12578,4.5,91.2,yes,no,59.6,70.6,67.9,70.1,C
12579,4.5,55.4,yes,yes,56.8,49.9,48.6,57.8,D
12580,3.4,99.3,yes,yes,74.5,70.4,81.7,69.1,D
12581,1.2,93.7,yes,yes,47.4,58.9,29.4,46.8,E
12582,5.8,94.7,yes,yes,87.7,93.1,78.7,88.5,B
12583,0.9,94.0,yes,yes,60.7,37.7,55.6,46.4,E
12584,2.0,92.1,yes,no,69.8,62.0,51.9,61.7,D
12585,3.9,54.3,yes,yes,39.1,26.4,52.5,45.8,E
12586,7.9,95.5,no,no,96.3,77.0,100.0,99.4,A
12587,2.8,58.4,yes,yes,39.9,34.2,48.0,35.9,F
12588,6.5,93.4,no,no,84.7,100.0,89.4,95.8,A
12589,3.6,77.9,yes,no,64.6,72.0,60.9,64.5,D
12590,2.2,64.1,yes,yes,55.3,21.5,40.8,51.1,E
12591,0.7,65.7,yes,no,25.6,62.0,38.1,36.3,F
12592,1.2,63.5,yes,yes,44.4,33.1,52.8,36.1,F
12593,3.6,86.3,yes,no,76.7,69.2,69.0,68.4,D
12594,3.5,86.8,no,no,40.1,58.1,60.7,60.5,D
12595,5.2,71.4,yes,yes,71.4,73.5,68.3,66.6,D
12596,1.0,71.4,yes,no,60.5,35.8,44.6,45.5,E
12597,2.6,60.7,no,yes,39.6,23.9,46.0,39.6,F
12598,0.7,69.9,yes,yes,13.8,49.5,11.9,26.8,F
12599,7.0,83.1,yes,no,94.0,89.9,89.5,87.9,B
12600,3.5,81.3,yes,yes,46.5,44.3,59.0,51.9,E
12601,4.9,56.5,yes,yes,66.0,61.9,70.9,60.4,D
12602,5.8,86.6,yes,no,93.0,100.0,100.0,86.3,B
12603,2.5,99.5,yes,yes,44.9,69.4,49.4,56.7,D
12604,1.5,90.5,no,yes,46.8,53.9,35.6,44.5,E
12605,4.9,50.4,yes,no,47.0,46.5,53.2,56.9,D
12606,7.3,91.1,yes,no,83.1,88.8,100.0,95.9,A
12607,7.2,51.5,yes,no,95.1,89.8,73.8,87.6,B
12608,2.8,56.7,yes,yes,40.6,45.5,42.0,39.6,F
12609,2.5,62.1,yes,no,21.9,66.0,50.2,47.4,E
12610,3.2,74.6,yes,yes,64.5,52.5,52.6,58.0,D
12611,2.3,92.2,yes,yes,46.4,61.7,65.9,58.1,D
12612,7.7,90.7,yes,yes,100.0,100.0,86.9,100.0,A
12613,0.8,68.6,yes,no,25.8,32.0,43.9,30.0,F
12614,1.9,73.7,yes,no,47.1,48.6,43.9,37.5,F
12615,0.7,58.5,yes,yes,33.5,56.0,26.3,28.4,F
12616,6.9,97.6,yes,no,100.0,100.0,87.3,100.0,A
12617,4.0,63.7,yes,yes,62.2,37.8,56.4,56.5,D
12618,2.2,60.2,yes,no,40.5,50.1,47.7,41.6,E
12619,3.5,99.4,yes,yes,72.9,75.2,59.1,64.3,D
12620,1.3,60.6,yes,yes,46.6,36.4,24.7,43.7,E
12621,1.3,59.1,yes,yes,43.4,36.1,25.8,34.0,F
12622,7.6,99.1,yes,yes,100.0,90.7,100.0,100.0,A
12623,5.7,53.8,yes,no,78.6,83.1,72.1,67.7,D
12624,5.3,51.7,yes,no,72.8,84.8,69.4,72.1,C
12625,4.0,72.8,no,yes,76.3,57.7,86.1,60.4,D
12626,4.2,64.8,yes,no,42.8,55.8,59.4,49.8,E
12627,6.3,93.5,yes,no,84.3,76.5,100.0,84.9,C
12628,0.9,86.7,yes,no,44.2,21.8,42.8,38.9,F
12629,5.5,77.0,yes,no,78.6,89.0,90.9,81.4,C
12630,4.6,50.5,yes,no,72.8,50.5,66.3,63.9,D
12631,2.8,63.3,yes,no,56.0,44.4,48.0,55.7,D
12632,2.1,94.5,yes,yes,32.5,47.3,47.8,49.0,E
12633,7.0,62.4,yes,yes,72.7,80.7,86.8,85.5,B
12634,7.5,51.4,yes,yes,89.2,58.2,79.4,80.1,C
12635,1.2,61.6,yes,no,16.8,23.1,19.8,26.4,F
12636,1.8,87.8,yes,yes,50.9,45.9,47.9,50.4,E
12637,5.5,93.0,yes,no,67.0,79.3,67.7,71.6,C
12638,6.3,64.3,yes,no,84.7,94.4,75.2,79.8,C
12639,4.2,61.6,yes,yes,63.5,72.2,78.0,64.0,D
12640,7.5,91.9,yes,no,91.2,91.0,100.0,100.0,A
12641,7.0,59.8,yes,yes,62.4,83.7,64.1,77.2,C
12642,1.4,68.2,yes,yes,45.3,44.7,23.1,36.9,F
12643,1.6,69.0,yes,no,42.2,42.0,40.6,44.3,E
12644,1.1,69.8,yes,no,15.3,23.6,20.5,29.6,F
12645,7.1,53.8,yes,no,74.5,57.9,69.9,72.2,C
12646,4.7,92.2,yes,yes,82.1,66.3,98.5,78.9,C
12647,7.6,60.8,yes,no,74.6,79.1,71.1,78.2,C
12648,6.0,68.3,yes,yes,75.9,83.2,67.0,76.9,C
12649,6.0,81.9,yes,yes,83.8,75.7,77.2,73.4,C
12650,1.4,90.2,yes,yes,45.7,54.3,37.5,45.1,E
12651,1.3,79.4,no,yes,26.4,35.7,22.7,41.3,E
12652,7.5,68.1,yes,yes,94.8,85.7,91.5,94.3,B
12653,4.1,50.3,no,no,60.9,52.6,35.2,51.1,E
12654,8.0,74.8,yes,yes,82.2,100.0,86.7,95.5,A
12655,2.9,78.1,no,no,55.5,43.7,52.2,48.4,E
12656,5.2,68.0,no,no,68.9,56.6,55.8,69.7,D
12657,4.8,81.5,yes,yes,55.7,82.8,80.5,70.6,C
12658,1.0,89.4,yes,no,52.5,38.2,41.8,43.5,E
12659,4.4,51.8,yes,yes,55.4,75.0,79.7,63.4,D
12660,7.4,90.6,yes,no,99.9,100.0,100.0,100.0,A
12661,3.9,79.5,yes,no,69.2,62.0,65.2,66.2,D
12662,4.0,66.3,no,yes,68.7,61.3,68.9,67.7,D
12663,5.8,84.7,yes,yes,76.7,84.4,90.4,84.3,C
12664,6.4,85.2,yes,no,100.0,70.4,100.0,95.0,B
12665,6.7,87.9,no,no,85.8,100.0,85.0,94.6,B
12666,3.9,70.6,yes,yes,64.2,69.8,68.7,68.0,D
12667,3.8,78.8,yes,yes,66.7,66.1,58.1,58.4,D
12668,4.1,73.8,yes,no,55.9,43.5,69.6,57.3,D
12669,7.8,68.2,yes,yes,92.2,100.0,98.8,96.0,A
12670,7.5,56.5,yes,no,76.6,74.7,71.8,80.0,C
12671,5.2,96.0,yes,no,57.5,74.2,77.5,76.4,C
12672,2.6,56.4,yes,yes,55.0,45.4,30.9,45.6,E
12673,7.3,82.4,yes,no,70.1,73.4,98.5,82.6,C
12674,1.8,70.0,yes,yes,46.8,40.9,41.6,47.4,E
12675,1.3,91.1,no,no,15.2,49.8,27.0,38.5,F
12676,3.6,73.6,yes,yes,51.1,59.4,59.1,50.6,E
12677,5.6,59.3,yes,yes,48.0,64.0,67.5,61.4,D
12678,0.9,57.5,yes,yes,22.0,29.0,59.5,39.6,F
12679,2.8,69.6,yes,yes,30.3,35.8,43.1,40.6,E
12680,6.4,76.7,yes,no,56.8,76.4,80.0,74.0,C
12681,5.4,81.5,yes,no,68.8,74.0,76.3,71.0,C
12682,1.1,92.4,yes,no,53.6,61.9,49.9,53.8,E
12683,2.0,68.7,yes,no,38.7,28.7,39.2,40.6,E
12684,5.9,89.1,yes,yes,84.1,93.2,100.0,91.6,B
12685,1.4,61.2,yes,yes,36.7,44.1,21.6,29.1,F
12686,0.6,93.9,yes,no,32.8,38.0,37.3,36.1,F
12687,7.9,54.9,no,yes,86.7,85.3,54.6,76.2,C
12688,5.1,90.2,no,no,47.5,60.6,77.1,70.3,C
12689,3.7,63.4,no,yes,64.0,70.0,69.9,62.7,D
12690,5.0,82.8,yes,yes,72.9,70.4,87.3,71.8,C
12691,5.5,77.2,yes,yes,68.3,57.9,80.7,77.2,C
12692,4.2,78.9,yes,no,70.8,86.7,51.3,60.7,D
12693,5.4,99.0,no,no,75.0,80.5,78.6,76.5,C
12694,5.8,79.9,yes,yes,78.5,92.9,100.0,78.4,C
12695,1.8,60.8,yes,no,32.6,38.5,16.5,29.9,F
12696,3.7,70.5,yes,yes,83.5,54.4,67.8,66.3,D
12697,2.8,54.8,yes,yes,39.3,39.9,28.1,44.5,E
12698,6.5,66.8,yes,no,75.0,74.9,88.4,74.5,C
12699,6.3,64.6,yes,no,77.1,96.7,63.9,66.4,D
12700,6.6,82.2,yes,yes,74.5,80.4,85.4,77.0,C
12701,3.8,95.7,yes,no,73.7,52.1,49.4,64.2,D
12702,4.8,64.1,yes,no,56.2,47.9,55.4,57.5,D
12703,5.8,92.4,yes,yes,85.5,97.6,62.1,83.2,C
12704,2.9,93.8,yes,no,58.0,57.0,53.8,60.8,D
12705,7.8,81.6,yes,no,83.4,80.8,93.8,87.7,B
12706,3.3,84.9,yes,yes,62.3,64.1,52.1,63.4,D
12707,4.5,89.9,yes,no,71.2,100.0,94.2,80.5,C
12708,6.7,68.6,yes,yes,74.9,85.8,76.2,83.9,C
12709,6.1,99.3,yes,yes,85.5,100.0,83.8,88.1,B
12710,4.3,69.1,yes,yes,54.9,61.1,45.3,55.7,D
12711,3.6,54.2,yes,no,56.3,45.3,68.5,51.0,E
12712,5.3,86.6,yes,yes,79.9,82.2,64.3,84.8,C
12713,3.8,66.7,yes,yes,76.3,70.0,65.6,62.6,D
12714,4.9,51.4,yes,yes,46.2,31.4,57.5,59.3,D
12715,6.5,59.0,yes,no,65.8,66.3,92.0,75.5,C
12716,1.4,68.5,no,no,48.8,36.0,41.7,46.1,E
12717,5.7,60.6,yes,no,74.1,67.9,60.1,62.3,D
12718,0.9,56.8,yes,yes,16.7,18.4,19.7,25.0,F
12719,6.0,58.1,yes,no,77.7,58.4,64.2,63.7,D
12720,2.1,81.3,yes,yes,60.8,56.4,61.3,54.3,E
12721,4.2,56.4,yes,no,63.6,40.3,58.9,59.7,D
12722,2.5,89.2,yes,no,64.3,42.8,50.8,60.6,D
12723,2.9,92.1,yes,no,65.5,70.3,58.0,62.1,D
12724,5.2,86.2,yes,yes,76.0,76.1,87.2,81.8,C
12725,3.7,62.3,yes,no,54.4,43.2,67.2,60.3,D
12726,4.2,78.8,yes,no,66.4,76.1,90.5,72.3,C
12727,8.0,53.1,yes,no,71.2,74.0,72.6,76.8,C
12728,1.4,97.1,yes,no,46.9,54.0,41.5,41.3,E
12729,3.4,50.4,yes,yes,58.5,50.6,50.7,47.1,E
12730,4.5,61.1,yes,yes,41.0,39.7,59.4,52.1,E
12731,6.6,54.1,yes,no,58.2,62.5,74.7,68.1,D
12732,2.6,99.7,yes,no,72.4,65.0,46.4,59.8,D
12733,3.5,52.0,yes,yes,55.3,63.5,40.3,57.0,D
12734,6.7,50.1,yes,no,75.2,79.2,73.5,69.7,D
12735,4.5,55.0,yes,no,62.3,60.4,58.2,67.4,D
12736,6.9,94.1,no,yes,100.0,100.0,91.2,100.0,A
12737,1.0,70.0,yes,no,36.8,59.4,33.5,36.8,F
12738,2.7,97.2,no,no,67.6,70.7,42.4,60.6,D
12739,4.7,98.0,yes,yes,91.0,89.3,80.0,82.8,C
12740,1.4,86.3,no,yes,19.4,32.8,32.9,36.6,F
12741,4.1,58.4,yes,yes,34.0,60.8,47.2,51.8,E
12742,0.6,98.6,yes,yes,33.2,24.8,27.4,39.7,F
12743,4.3,71.9,yes,no,54.8,57.0,71.5,55.3,D
12744,7.4,73.2,yes,no,78.5,69.8,92.1,79.4,C
12745,7.6,81.8,yes,yes,100.0,93.5,100.0,99.2,A
12746,2.9,85.8,no,no,38.8,56.8,38.1,49.2,E
12747,0.5,98.1,yes,no,31.6,19.1,47.3,42.9,E
12748,7.3,98.5,yes,no,89.9,86.3,100.0,100.0,A
12749,4.8,70.7,yes,yes,77.1,60.2,68.7,66.8,D
12750,4.9,57.1,yes,no,73.9,40.9,70.1,67.1,D
12751,6.6,95.8,yes,yes,71.5,86.6,83.9,85.3,B
12752,3.5,55.9,yes,no,66.1,53.7,59.2,59.6,D
12753,3.7,77.6,yes,yes,46.9,60.0,72.1,53.2,E
12754,6.9,58.3,no,yes,71.0,88.2,70.2,85.8,B
12755,4.2,67.9,yes,yes,58.7,57.2,57.7,59.9,D
12756,6.0,76.5,yes,no,70.1,63.7,80.5,72.0,C
12757,7.3,85.2,yes,yes,100.0,100.0,91.0,97.2,A
12758,3.5,98.8,yes,no,63.4,71.0,71.7,65.2,D
12759,7.2,95.9,yes,yes,100.0,100.0,92.4,89.7,B
12760,3.0,76.0,yes,yes,73.4,59.5,72.5,61.6,D
12761,7.5,65.6,no,yes,72.6,74.1,75.5,79.0,C
12762,2.8,76.8,yes,yes,60.1,57.4,58.7,62.7,D
12763,2.3,68.3,no,yes,62.9,72.1,55.7,53.9,E
12764,5.9,73.0,yes,yes,67.2,86.4,67.1,67.6,D
12765,7.4,95.7,yes,yes,100.0,100.0,99.4,97.4,A
12766,6.3,75.7,yes,no,93.7,69.3,90.2,84.0,C
12767,6.1,52.1,yes,yes,58.7,77.8,77.9,75.7,C
12768,7.8,84.2,yes,no,100.0,100.0,97.0,100.0,A
12769,4.7,64.0,yes,yes,57.3,63.7,43.5,53.9,E
12770,7.2,60.7,yes,no,90.3,75.0,89.5,86.5,B
12771,0.8,88.3,yes,no,34.9,36.2,19.8,31.9,F
12772,1.5,58.3,yes,yes,46.0,77.3,48.7,43.2,E
12773,2.5,80.5,yes,no,76.6,46.6,56.5,59.0,D
12774,7.6,90.9,yes,no,99.7,100.0,92.7,96.1,A
12775,2.0,65.0,yes,no,44.7,57.0,44.2,49.6,E
12776,3.4,73.6,no,yes,53.4,46.5,59.4,57.8,D
12777,0.8,78.9,yes,no,42.5,52.6,43.4,45.3,E
12778,1.1,82.1,yes,no,54.8,42.3,39.0,42.5,E
12779,4.9,98.6,yes,yes,58.1,75.5,73.3,68.9,D
12780,1.2,94.4,yes,yes,62.2,45.5,44.1,47.3,E
12781,7.2,60.5,yes,no,79.9,81.5,82.0,78.2,C
12782,7.1,77.3,yes,yes,57.6,82.7,90.0,79.3,C
12783,5.2,57.9,yes,no,86.7,71.3,73.9,73.8,C
12784,3.5,53.0,yes,yes,66.6,56.3,58.9,58.7,D
12785,7.2,68.4,no,yes,80.5,83.4,63.9,84.3,C
12786,4.2,66.0,yes,yes,58.8,53.2,62.6,56.9,D
12787,1.9,78.5,yes,no,64.2,51.8,37.5,55.1,D
12788,3.1,82.1,yes,yes,64.1,38.5,56.0,52.5,E
12789,3.2,69.3,yes,no,61.6,55.8,59.1,63.1,D
12790,4.8,93.4,yes,yes,88.9,59.5,73.0,75.4,C
12791,3.5,92.1,yes,yes,60.3,72.6,51.3,62.1,D
12792,6.6,86.1,yes,yes,100.0,97.2,84.6,92.5,B
12793,5.2,67.5,yes,yes,61.3,82.2,54.8,77.2,C
12794,2.4,62.1,yes,no,65.5,45.2,61.2,50.2,E
12795,3.5,55.8,no,yes,37.2,45.6,53.3,54.7,E
12796,5.9,62.5,yes,yes,56.4,59.7,59.7,64.3,D
12797,2.3,98.0,yes,no,60.4,42.5,28.0,50.2,E
12798,1.2,70.9,yes,no,46.2,27.9,40.8,45.2,E
12799,5.8,70.8,yes,yes,84.5,77.0,65.2,77.4,C
12800,3.5,73.5,yes,yes,49.2,54.6,38.9,61.1,D
12801,1.4,82.4,yes,no,40.2,49.1,52.9,48.7,E
12802,4.1,96.0,yes,yes,60.5,53.5,57.7,63.4,D
12803,4.7,55.7,no,yes,40.0,41.7,81.4,55.6,D
12804,0.7,91.0,yes,no,58.3,46.8,45.3,47.0,E
12805,6.4,72.4,yes,yes,88.9,68.6,85.4,89.5,B
12806,4.2,63.7,yes,no,56.7,79.0,84.0,68.1,D
12807,0.7,77.2,yes,no,28.5,30.2,25.3,29.1,F
12808,7.0,77.0,yes,yes,87.7,83.2,88.2,87.8,B
12809,4.9,56.7,no,no,59.0,52.4,67.0,54.1,E
12810,7.7,54.9,yes,yes,84.1,98.8,86.8,85.3,B
12811,2.6,81.3,yes,no,47.6,53.6,51.7,55.3,D
12812,3.6,86.8,no,yes,55.2,57.8,70.4,57.4,D
12813,5.5,80.7,yes,yes,100.0,78.5,95.3,85.9,B
12814,7.4,67.6,yes,yes,84.8,95.3,100.0,81.3,C
12815,6.4,77.8,no,yes,80.1,93.6,100.0,89.8,B
12816,5.3,95.3,yes,yes,100.0,100.0,91.0,90.0,B
12817,6.5,96.2,yes,yes,100.0,79.6,100.0,100.0,A
12818,1.2,61.6,yes,no,44.0,27.5,38.6,38.8,F
12819,5.9,54.8,yes,no,73.9,74.7,65.5,74.5,C
12820,4.8,82.7,yes,yes,53.4,75.9,70.8,68.2,D
12821,2.6,58.7,yes,no,41.1,52.4,54.7,42.1,E
12822,2.3,90.1,no,yes,51.4,63.7,74.5,63.8,D
12823,2.7,64.0,yes,yes,41.7,30.0,31.5,38.7,F
12824,1.4,57.5,no,yes,13.3,25.7,27.9,34.2,F
12825,2.5,90.8,yes,no,57.0,64.8,60.9,51.2,E
12826,1.0,60.4,yes,no,7.9,31.2,18.5,25.6,F
12827,5.5,50.4,yes,no,60.9,70.1,52.0,60.0,D
12828,4.3,91.1,yes,no,92.2,95.7,68.5,76.6,C
12829,1.5,54.7,yes,no,28.1,6.7,35.5,37.5,F
12830,5.7,71.0,yes,yes,66.8,63.1,85.7,73.4,C
12831,1.8,69.8,yes,yes,44.7,28.5,41.1,41.0,E
12832,4.2,57.1,yes,no,47.5,31.7,49.0,53.0,E
12833,7.4,51.8,yes,yes,97.0,89.8,97.8,85.1,B
12834,6.2,54.2,no,yes,61.4,52.5,58.1,64.2,D
12835,4.9,71.4,yes,yes,72.0,55.4,53.2,62.3,D
12836,4.9,97.9,yes,yes,81.9,76.8,74.6,77.1,C
12837,1.0,86.2,yes,no,36.4,35.8,33.2,35.9,F
12838,3.7,85.7,yes,yes,66.5,80.2,68.2,65.1,D
12839,2.8,83.5,yes,no,55.5,56.0,73.7,51.9,E
12840,4.1,88.5,yes,yes,68.2,50.3,61.1,72.0,C
12841,7.6,76.5,yes,yes,93.3,74.6,78.7,81.6,C
12842,6.4,99.3,no,no,78.4,82.7,98.5,91.2,B
12843,5.1,80.4,yes,yes,98.8,100.0,91.2,82.7,C
12844,5.8,81.5,no,no,72.3,99.6,100.0,85.2,B
12845,6.0,51.1,yes,yes,71.2,59.8,71.1,60.9,D
12846,3.9,87.7,no,no,82.3,55.1,59.6,62.8,D
12847,7.0,67.8,yes,no,100.0,94.7,88.9,90.5,B
12848,5.1,88.7,yes,yes,47.2,72.5,59.5,67.7,D
12849,6.0,92.4,yes,yes,89.6,87.8,88.3,89.1,B
12850,0.6,51.1,yes,no,17.0,0.0,23.3,16.7,F
12851,4.5,69.2,yes,no,74.9,53.7,58.6,58.7,D
12852,3.2,95.2,yes,yes,59.7,67.5,72.1,73.4,C
12853,0.9,56.4,no,no,37.1,30.3,44.3,37.5,F
12854,5.3,87.2,yes,yes,65.7,57.8,84.4,75.2,C
12855,7.5,66.2,yes,yes,92.1,98.4,97.9,90.0,B
12856,6.0,75.5,no,no,72.0,77.1,88.4,77.4,C
12857,1.1,95.2,no,yes,39.4,30.3,40.3,37.7,F
12858,0.9,81.6,no,no,42.9,32.7,36.7,46.6,E
12859,3.1,71.7,yes,no,44.8,51.8,54.7,59.3,D
12860,2.3,84.9,yes,no,71.4,64.2,58.4,61.6,D
12861,0.7,61.1,yes,yes,1.6,33.0,23.4,21.7,F
12862,0.8,50.6,yes,no,22.2,32.4,31.2,20.7,F
12863,3.1,80.9,yes,yes,49.8,43.5,55.6,52.9,E
12864,1.5,93.1,yes,yes,58.2,76.7,41.6,51.6,E
12865,2.0,85.0,no,no,80.9,82.3,66.7,59.2,D
12866,7.0,76.0,yes,yes,74.5,79.6,96.9,93.0,B
12867,8.0,57.2,yes,yes,88.2,83.3,99.0,94.5,B
12868,6.5,54.2,yes,yes,81.1,81.6,100.0,83.3,C
12869,2.2,64.0,yes,yes,40.5,59.2,72.5,48.0,E
12870,1.8,98.2,yes,yes,60.8,67.4,59.6,53.8,E
12871,4.8,73.1,yes,no,61.6,66.3,60.3,61.9,D
12872,6.4,90.2,no,no,76.2,91.0,91.7,83.6,C
12873,5.4,50.6,yes,yes,55.6,66.9,42.0,65.8,D
12874,6.5,73.6,yes,yes,69.6,94.1,76.3,90.2,B
12875,4.2,62.3,yes,yes,64.1,62.4,70.5,57.9,D
12876,7.9,97.6,yes,yes,93.6,93.8,94.7,100.0,A
12877,6.4,59.9,yes,yes,94.4,97.9,70.2,75.7,C
12878,0.9,52.5,yes,no,47.1,45.9,45.6,34.7,F
12879,3.2,58.1,yes,no,48.9,60.4,54.2,51.9,E
12880,4.7,53.2,yes,no,57.5,56.5,59.7,58.9,D
12881,2.2,65.8,yes,yes,37.3,40.1,50.0,46.1,E
12882,3.5,99.8,yes,no,59.3,44.7,69.6,61.0,D
12883,5.2,96.5,no,no,66.1,67.9,86.7,70.7,C
12884,4.6,78.6,yes,yes,64.1,67.3,51.1,64.9,D
12885,7.0,91.6,no,yes,100.0,87.7,100.0,100.0,A
12886,2.5,70.0,yes,yes,70.6,47.2,65.0,51.1,E
12887,7.4,94.6,yes,no,81.9,85.0,67.7,88.7,B
12888,2.9,60.5,yes,no,31.8,55.4,54.4,47.8,E
12889,7.4,70.2,yes,yes,76.9,87.0,79.3,80.1,C
12890,2.4,56.0,yes,no,46.3,37.6,32.7,45.7,E
12891,4.3,96.8,yes,yes,79.8,71.0,72.0,74.7,C
12892,7.5,66.9,yes,yes,100.0,85.5,100.0,90.3,B
12893,2.6,62.3,yes,yes,36.3,40.5,32.2,50.9,E
12894,6.9,61.1,yes,no,80.6,72.7,85.8,77.9,C
12895,4.3,73.7,yes,yes,77.7,61.2,48.3,58.9,D
12896,3.6,75.2,yes,no,53.9,35.0,71.6,50.5,E
12897,5.5,83.6,yes,yes,74.8,90.9,100.0,86.1,B
12898,2.0,90.5,yes,no,26.9,32.8,34.0,42.5,E
12899,5.4,85.1,yes,no,80.0,67.9,81.1,82.0,C
12900,1.8,74.6,yes,yes,67.8,45.7,60.3,52.3,E
12901,5.8,76.8,yes,no,75.6,75.1,89.8,76.8,C
12902,5.1,98.8,yes,yes,62.8,74.9,76.2,70.5,C
12903,1.5,72.4,yes,yes,32.6,38.1,29.8,44.5,E
12904,1.3,66.1,yes,no,51.7,36.0,22.3,31.5,F
12905,5.1,82.3,yes,yes,48.7,71.4,71.1,69.6,D
12906,1.4,83.6,yes,yes,41.6,57.4,40.5,45.7,E
12907,5.2,96.9,no,yes,62.0,71.0,74.3,73.6,C
12908,8.0,67.6,yes,yes,86.1,82.0,75.2,87.8,B
12909,1.4,75.5,yes,yes,43.5,71.1,34.5,44.7,E
12910,4.1,81.2,no,yes,77.6,79.0,56.7,69.1,D
12911,7.4,85.4,yes,yes,85.0,92.3,100.0,100.0,A
12912,7.5,52.0,yes,no,83.8,94.0,91.9,84.1,C
12913,0.7,95.0,no,no,18.0,55.3,35.2,35.1,F
12914,6.6,58.9,yes,no,51.1,70.2,51.5,68.6,D
12915,2.3,61.3,yes,no,45.4,50.3,51.5,48.7,E
12916,6.1,84.7,yes,yes,88.1,76.4,82.9,83.7,C
12917,3.2,59.9,yes,yes,49.7,53.8,55.8,42.5,E
12918,2.2,56.7,yes,yes,47.4,47.1,41.7,42.3,E
12919,4.0,97.5,yes,no,65.1,49.9,55.4,65.6,D
12920,1.8,82.2,yes,no,41.5,36.9,39.2,38.5,F
12921,3.7,97.4,yes,no,59.6,63.0,57.8,64.0,D
12922,3.5,53.2,yes,no,36.1,42.6,39.6,45.4,E
12923,7.7,51.8,yes,no,72.5,78.8,76.7,81.4,C
12924,4.6,64.0,yes,yes,69.1,54.5,68.0,71.6,C
12925,5.7,51.9,yes,yes,59.1,88.2,64.1,67.0,D
12926,1.8,71.9,yes,yes,69.3,50.4,47.9,52.7,E
12927,8.0,98.1,yes,no,93.5,100.0,100.0,100.0,A
12928,4.2,67.8,yes,no,43.6,58.4,50.9,63.1,D
12929,1.1,86.6,yes,no,54.8,33.4,48.7,47.9,E
12930,5.1,82.3,yes,yes,75.7,69.1,62.5,68.4,D
12931,2.9,51.6,yes,yes,51.8,60.5,44.8,51.0,E
12932,2.7,61.6,yes,no,36.4,29.4,45.0,36.3,F
12933,2.9,81.5,no,no,57.5,71.6,68.3,60.1,D
12934,3.9,54.6,yes,yes,51.6,49.5,57.5,54.6,E
12935,2.7,72.9,yes,yes,54.6,44.5,66.1,56.5,D
12936,6.3,83.9,yes,yes,93.3,96.2,100.0,93.1,B
12937,1.8,67.0,yes,no,43.2,59.7,53.4,45.8,E
12938,1.6,65.6,yes,no,16.7,56.2,36.9,35.5,F
12939,1.3,86.2,yes,no,42.7,39.7,63.1,53.7,E
12940,3.6,70.9,yes,no,52.0,43.6,39.1,50.4,E
12941,1.3,76.6,yes,yes,29.1,34.6,34.6,40.4,E
12942,0.7,60.0,yes,no,11.3,15.8,19.9,20.4,F
12943,2.7,89.5,yes,no,64.3,59.2,59.7,57.5,D
12944,7.9,80.0,no,no,80.4,100.0,85.4,97.7,A
12945,0.6,98.6,no,no,38.5,72.1,33.8,49.5,E
12946,1.0,87.8,yes,no,42.6,63.9,34.3,37.0,F
12947,4.9,80.0,yes,yes,72.9,91.4,84.8,81.1,C
12948,4.2,80.7,yes,yes,60.9,61.5,77.9,62.3,D
12949,1.3,66.6,yes,no,10.8,25.8,37.3,37.9,F
12950,7.2,72.3,yes,yes,100.0,75.1,99.2,95.1,A
12951,5.6,83.7,yes,no,88.6,89.4,79.5,79.5,C
12952,4.2,75.8,yes,no,59.2,60.8,84.7,59.8,D
12953,4.6,97.7,yes,no,62.5,93.0,78.6,74.2,C
12954,6.5,77.7,yes,no,93.2,75.9,68.0,78.1,C
12955,1.2,50.6,yes,yes,42.5,34.3,25.1,20.1,F
12956,7.5,56.3,yes,yes,93.8,88.8,78.6,77.4,C
12957,1.3,52.3,yes,no,44.2,10.3,33.0,35.9,F
12958,3.9,95.2,yes,no,61.6,63.3,53.7,60.4,D
12959,2.4,65.8,yes,yes,46.7,49.4,51.1,50.7,E
12960,5.5,91.8,yes,yes,96.9,70.5,80.1,83.9,C
12961,6.8,72.3,yes,no,87.0,100.0,84.6,88.6,B
12962,5.1,96.0,yes,no,46.5,82.2,79.6,76.5,C
12963,2.2,74.1,yes,no,48.8,69.3,54.6,48.9,E
12964,6.3,93.0,yes,yes,92.9,97.7,93.5,95.0,B
12965,7.6,83.6,yes,yes,86.3,96.1,88.3,93.1,B
12966,1.7,63.3,yes,yes,52.7,48.2,40.4,44.6,E
12967,2.4,78.8,yes,no,50.6,59.5,64.0,57.6,D
12968,4.5,63.4,yes,yes,67.0,75.7,66.6,65.1,D
12969,6.0,60.0,no,no,49.2,76.1,66.1,73.8,C
12970,1.5,66.0,yes,no,19.7,14.9,9.3,30.2,F
12971,0.9,64.8,yes,no,33.5,56.3,46.0,36.8,F
12972,4.8,74.8,yes,yes,49.0,60.7,59.2,69.6,D
12973,6.5,81.9,no,yes,70.1,76.6,67.4,79.9,C
12974,2.7,98.4,yes,no,68.5,60.6,67.2,61.4,D
12975,4.9,73.5,no,yes,65.8,53.7,54.6,70.3,C
12976,6.5,88.0,yes,yes,98.2,82.2,77.6,84.3,C
12977,0.7,74.6,yes,no,33.3,24.2,38.6,30.4,F
12978,3.0,71.7,yes,yes,47.1,64.3,64.5,60.0,D
12979,2.8,70.6,yes,no,60.1,57.8,42.9,46.9,E
12980,5.9,93.8,yes,no,95.7,74.0,85.5,89.3,B
12981,5.5,57.3,yes,yes,72.2,63.2,61.6,69.7,D
12982,6.7,64.5,yes,yes,80.9,68.0,67.0,71.1,C
12983,4.6,86.0,yes,no,71.4,100.0,76.9,81.2,C
12984,2.2,64.8,no,no,43.0,36.8,39.9,40.7,E
12985,3.7,50.1,yes,yes,42.2,25.7,58.6,50.1,E
12986,3.5,60.8,no,no,55.9,49.3,52.8,48.6,E
12987,5.5,51.5,yes,no,52.3,72.6,63.4,64.4,D
12988,7.7,64.6,yes,no,94.6,84.3,87.8,93.4,B
12989,3.9,66.3,yes,no,76.3,55.2,73.2,65.5,D
12990,5.3,97.7,yes,no,77.8,77.6,91.6,80.9,C
12991,1.8,90.4,yes,no,70.1,59.9,57.5,57.2,D
12992,4.8,56.1,yes,no,54.9,56.1,65.8,61.2,D
12993,6.0,56.1,yes,yes,58.6,82.0,46.8,70.6,C
12994,6.2,99.8,yes,no,89.0,84.0,79.9,86.5,B
12995,7.8,83.6,yes,yes,96.0,100.0,83.1,97.4,A
12996,7.9,81.3,yes,yes,100.0,92.2,100.0,100.0,A
12997,4.4,79.4,no,no,48.8,69.0,45.5,57.4,D
12998,7.0,57.5,no,no,79.9,58.9,99.7,70.4,C
12999,6.0,63.2,yes,yes,65.5,70.3,72.5,64.9,D
13000,4.4,71.6,yes,yes,83.4,71.9,76.9,73.8,C
13001,0.7,72.3,yes,yes,20.8,13.2,23.6,28.8,F
13002,7.8,98.5,yes,yes,96.4,100.0,95.6,100.0,A
13003,7.7,52.2,yes,no,92.0,98.0,94.0,91.5,B
13004,4.4,50.7,no,yes,74.2,60.4,82.9,62.5,D
13005,3.1,95.7,yes,no,67.2,70.7,69.9,62.3,D
13006,1.3,93.9,yes,no,35.9,59.6,55.8,50.4,E
13007,0.9,64.5,no,no,18.3,24.1,24.2,26.8,F
13008,6.5,66.1,no,no,74.5,72.9,56.0,75.8,C
13009,3.6,79.6,yes,no,50.9,70.5,53.8,58.2,D
13010,4.7,60.1,yes,yes,73.4,49.1,51.7,56.5,D
13011,2.8,93.8,no,yes,52.5,83.8,57.4,59.6,D
13012,5.1,63.5,yes,no,52.5,58.7,63.5,64.3,D
13013,6.2,53.0,no,no,69.8,91.5,76.4,75.1,C
13014,7.2,76.6,yes,yes,100.0,91.7,89.2,97.3,A
13015,4.2,86.7,yes,yes,65.5,58.7,77.7,68.8,D
13016,2.8,97.8,yes,yes,70.5,62.7,70.6,54.7,E
13017,1.1,81.2,yes,yes,21.1,31.1,31.8,35.2,F
13018,6.9,55.1,yes,yes,81.3,59.4,85.0,83.8,C
13019,6.9,83.1,no,yes,100.0,88.5,67.8,78.7,C
13020,3.2,54.6,yes,no,45.2,45.4,27.7,39.6,F
13021,2.1,59.7,yes,yes,35.5,25.4,55.4,42.9,E
13022,5.6,64.8,yes,yes,61.0,65.4,86.3,77.7,C
13023,6.2,52.8,yes,no,65.7,73.8,75.2,75.0,C
13024,5.9,68.3,yes,no,67.7,63.5,71.6,67.8,D
13025,1.0,88.4,yes,no,63.2,62.8,56.6,51.9,E
13026,7.9,52.7,yes,no,74.3,90.8,74.2,85.4,B
13027,4.6,74.8,yes,no,57.2,64.6,54.4,68.6,D
13028,5.1,61.3,yes,yes,68.7,59.2,53.6,70.2,C
13029,0.8,78.3,no,no,56.4,25.0,41.5,38.9,F
13030,0.6,74.6,yes,no,52.9,50.3,53.4,41.5,E
13031,1.4,58.3,yes,no,11.9,18.7,35.3,30.0,F
13032,3.4,92.6,yes,yes,54.8,54.0,49.2,56.2,D
13033,7.6,75.0,yes,no,89.8,84.9,65.4,85.5,B
13034,6.0,99.3,yes,no,87.6,74.6,97.2,88.3,B
13035,8.0,99.2,yes,yes,88.5,100.0,100.0,100.0,A
13036,5.6,62.6,yes,no,88.2,88.2,77.9,78.9,C
13037,1.2,94.2,yes,no,47.5,40.5,43.2,40.9,E
13038,5.7,86.0,yes,no,93.7,66.6,72.5,79.7,C
13039,5.3,71.6,no,yes,80.1,86.1,73.8,78.4,C
13040,7.1,90.8,yes,no,94.3,92.0,94.0,98.8,A
13041,4.6,71.0,yes,no,72.8,59.2,73.5,68.4,D
13042,2.3,74.6,no,no,33.1,62.7,33.7,41.1,E
13043,6.0,68.6,yes,yes,85.3,58.7,72.2,76.6,C
13044,6.2,92.2,yes,yes,98.7,69.7,75.2,81.7,C
13045,4.4,95.3,yes,yes,61.4,75.5,64.4,71.9,C
13046,1.2,57.6,yes,no,17.7,24.2,21.9,25.8,F
13047,3.6,79.5,yes,no,77.2,63.5,61.5,61.3,D
13048,6.8,55.8,yes,yes,85.0,78.8,82.3,76.8,C
13049,2.8,94.3,yes,no,53.6,52.0,63.6,53.5,E
13050,6.0,61.0,yes,no,47.9,73.5,90.4,62.8,D
13051,2.4,51.8,yes,yes,35.8,46.8,48.3,38.5,F
13052,3.0,87.3,yes,yes,51.4,52.3,61.8,54.3,E
13053,3.0,83.3,yes,yes,48.4,51.6,51.9,54.0,E
13054,1.5,70.6,yes,yes,47.4,48.9,55.7,45.8,E
13055,3.1,81.0,yes,no,32.2,49.1,67.2,50.8,E
13056,5.9,88.6,yes,no,77.3,89.2,79.6,76.1,C
13057,3.5,58.5,yes,yes,53.9,60.8,51.5,51.1,E
13058,2.7,65.2,yes,no,48.0,58.1,58.3,52.6,E
13059,5.8,74.3,yes,no,89.8,91.5,94.3,77.6,C
13060,4.4,81.7,yes,no,67.9,81.5,69.2,76.0,C
13061,3.8,80.7,yes,no,72.5,69.1,82.1,67.7,D
13062,6.5,74.7,no,yes,93.9,80.5,87.8,80.5,C
13063,3.4,83.1,yes,no,63.8,59.6,51.7,57.5,D
13064,4.6,51.1,yes,yes,51.4,80.5,62.5,64.9,D
13065,0.7,66.2,yes,no,59.7,45.0,45.3,41.8,E
13066,3.0,78.6,yes,no,57.0,45.2,51.4,58.1,D
13067,2.3,65.3,yes,no,57.6,42.0,62.1,48.6,E
13068,7.1,97.1,yes,yes,96.5,100.0,100.0,94.4,B
13069,0.7,98.2,yes,no,58.7,39.5,33.2,46.7,E
13070,5.8,68.6,yes,yes,86.1,79.4,84.1,77.0,C
13071,6.2,61.6,no,yes,81.1,90.2,85.9,84.1,C
13072,3.0,61.2,yes,yes,42.5,47.8,49.7,45.7,E
13073,2.4,72.2,yes,yes,55.3,48.8,57.2,49.8,E
13074,1.7,97.9,yes,no,39.4,34.0,45.5,43.1,E
13075,2.6,61.8,yes,yes,63.2,60.6,58.1,53.6,E
13076,7.4,66.6,yes,yes,100.0,85.3,89.4,95.4,A
13077,0.8,78.0,yes,no,43.6,44.0,54.6,39.4,F
13078,3.9,78.5,yes,yes,57.0,40.5,67.1,60.6,D
13079,2.5,83.1,no,no,68.3,51.8,48.5,59.5,D
13080,5.7,86.4,yes,no,83.9,72.1,78.2,71.4,C
13081,3.0,89.6,yes,no,58.6,60.8,44.6,61.9,D
13082,3.1,74.6,yes,yes,43.3,59.2,36.5,51.8,E
13083,0.9,53.6,yes,yes,11.9,3.9,37.9,22.5,F
13084,7.3,83.8,no,no,75.5,76.8,99.4,84.6,C
13085,4.4,79.6,no,yes,74.0,61.6,70.4,72.0,C
13086,1.0,60.7,yes,yes,42.5,43.5,38.1,33.0,F
13087,6.1,92.7,yes,no,80.7,85.5,98.1,94.3,B
13088,6.4,87.1,yes,yes,95.0,85.3,85.8,87.3,B
13089,4.0,71.1,yes,no,61.7,54.7,44.5,52.8,E
13090,7.8,98.4,yes,yes,100.0,93.1,85.9,99.0,A
13091,2.2,83.8,yes,no,44.0,53.1,57.3,47.9,E
13092,6.8,96.5,yes,no,100.0,86.1,89.2,92.2,B
13093,6.8,86.4,yes,yes,89.5,69.5,70.4,87.5,B
13094,4.4,85.5,yes,yes,58.0,51.5,58.7,61.3,D
13095,4.6,60.9,no,yes,53.0,42.3,58.2,60.8,D
13096,1.3,71.0,yes,yes,40.7,43.5,67.6,42.1,E
13097,1.5,81.8,yes,no,24.7,33.8,30.2,35.1,F
13098,3.7,91.4,yes,no,53.8,53.9,59.2,56.7,D
13099,7.4,95.6,yes,yes,93.2,100.0,100.0,99.8,A
13100,2.1,54.1,yes,no,21.9,45.7,40.7,39.9,F
13101,4.1,85.7,yes,no,75.0,60.3,65.6,70.4,C
13102,1.0,63.3,yes,yes,40.8,40.3,39.0,37.1,F
13103,2.7,85.5,yes,yes,59.0,51.9,55.7,62.7,D
13104,3.3,65.9,yes,no,56.4,35.4,58.9,51.5,E
13105,7.7,78.5,yes,yes,100.0,100.0,98.1,97.9,A
13106,1.9,76.3,no,no,25.8,37.7,31.6,39.0,F
13107,1.3,93.6,no,no,41.3,42.9,47.0,37.9,F
13108,0.9,82.7,yes,yes,36.8,21.6,37.5,33.8,F
13109,4.4,62.1,yes,yes,61.7,68.1,60.9,64.6,D
13110,4.4,81.4,yes,no,57.9,73.3,86.9,75.7,C
13111,2.0,82.0,yes,no,72.4,40.1,42.7,40.8,E
13112,2.4,68.2,yes,yes,40.8,61.6,53.8,45.4,E
13113,2.9,63.1,no,no,44.6,31.1,42.9,49.9,E
13114,0.6,95.5,yes,no,53.4,56.3,49.1,50.8,E
13115,6.6,57.7,yes,yes,66.2,81.9,77.6,70.2,C
13116,6.3,57.1,yes,yes,68.4,81.3,74.5,76.4,C
13117,2.9,79.5,yes,yes,73.0,72.2,57.6,61.7,D
13118,4.8,65.4,yes,yes,40.9,47.9,66.9,55.9,D
13119,3.0,75.2,yes,yes,39.5,48.1,61.0,48.4,E
13120,0.7,63.4,yes,no,16.9,32.1,24.9,23.7,F
13121,4.9,68.4,yes,yes,74.3,64.8,56.2,70.8,C
13122,5.9,70.4,yes,no,84.9,56.5,82.5,71.2,C
13123,3.0,78.1,yes,yes,35.1,70.1,26.3,46.6,E
13124,2.3,53.9,yes,no,31.7,38.5,33.7,31.8,F
13125,2.5,71.6,yes,yes,34.9,59.8,67.2,52.3,E
13126,3.1,84.4,yes,yes,51.3,60.5,53.6,60.2,D
13127,4.0,85.5,yes,no,61.1,68.9,69.8,62.9,D
13128,6.2,63.5,no,yes,85.6,78.5,70.3,83.3,C
13129,2.0,77.2,yes,no,14.4,38.5,33.8,37.4,F
13130,5.8,69.2,yes,no,55.4,70.6,78.3,68.7,D
13131,7.7,51.8,yes,yes,88.7,87.3,83.5,83.3,C
13132,1.9,71.6,yes,no,59.8,48.9,28.2,52.8,E
13133,4.3,83.7,no,no,69.0,72.7,71.5,75.6,C
13134,3.2,97.3,no,yes,63.5,75.9,52.2,69.1,D
13135,5.0,55.6,yes,yes,54.7,65.1,60.0,61.8,D
13136,7.1,71.4,no,no,96.9,92.9,77.5,84.1,C
13137,7.1,97.1,yes,yes,100.0,88.0,74.3,99.8,A
13138,3.8,73.5,yes,yes,78.9,69.9,55.9,63.4,D
13139,6.2,94.7,yes,no,98.2,75.7,74.6,85.4,B
13140,4.3,84.1,yes,yes,74.6,89.9,77.4,75.6,C
13141,6.3,93.3,yes,no,91.5,94.6,86.3,93.9,B
13142,7.1,87.9,yes,no,100.0,99.6,100.0,100.0,A
13143,5.8,53.6,no,no,65.1,67.7,71.9,65.7,D
13144,1.0,88.1,yes,no,43.8,41.3,52.3,37.5,F
13145,2.3,56.4,yes,yes,39.6,44.2,37.1,35.0,F
13146,6.4,87.4,no,yes,100.0,100.0,94.0,89.0,B
13147,0.6,71.0,yes,yes,19.4,10.1,25.0,27.2,F
13148,4.4,84.2,no,no,77.7,71.4,64.8,73.7,C
13149,5.1,53.0,yes,no,66.4,66.3,76.6,71.0,C
13150,6.6,55.7,yes,yes,75.4,58.7,67.0,65.6,D
13151,6.5,55.3,yes,yes,61.5,68.9,82.0,81.6,C
13152,1.0,68.8,yes,no,36.7,30.6,29.5,30.1,F
13153,5.6,58.5,yes,no,59.0,56.9,66.5,69.2,D
13154,6.4,50.4,no,no,66.1,76.3,60.6,66.7,D
13155,1.3,94.0,yes,yes,45.7,36.8,43.7,44.1,E
13156,4.1,87.6,yes,yes,66.7,78.3,65.7,74.3,C
13157,5.4,78.4,yes,no,65.6,62.6,83.0,70.4,C
13158,3.1,86.2,no,no,68.6,57.7,68.4,66.0,D
13159,3.3,65.1,yes,no,46.4,44.9,20.8,48.8,E
13160,1.3,85.3,yes,no,42.3,29.5,51.6,39.1,F
13161,6.3,76.0,yes,yes,95.7,96.9,99.6,86.0,B
13162,2.3,54.4,yes,no,34.1,39.3,34.3,36.1,F
13163,3.8,83.2,no,no,63.8,61.7,50.5,54.2,E
13164,4.4,99.7,yes,no,59.9,66.4,82.0,69.8,D
13165,1.2,62.8,yes,yes,62.0,51.6,53.8,41.0,E
13166,3.7,50.2,yes,yes,39.2,57.7,35.5,52.1,E
13167,1.6,87.5,yes,no,38.3,37.1,53.8,45.8,E
13168,2.2,63.9,yes,yes,54.7,45.1,55.4,43.7,E
13169,3.2,70.3,yes,yes,54.3,55.0,41.3,47.5,E
13170,4.2,50.4,no,yes,53.3,44.4,40.2,49.0,E
13171,3.8,53.2,yes,no,43.0,50.5,49.9,43.4,E
13172,1.0,85.4,no,yes,29.8,23.4,58.1,37.7,F
13173,3.1,98.2,yes,no,45.4,58.0,73.4,59.3,D
13174,0.8,79.5,yes,no,42.5,32.9,44.5,36.9,F
13175,2.4,92.1,no,no,66.0,73.5,57.9,58.9,D
13176,1.1,60.3,yes,no,39.2,25.2,34.8,34.2,F
13177,1.8,53.4,yes,yes,38.9,41.8,40.6,40.9,E
13178,4.3,67.4,yes,no,73.8,70.7,54.0,56.7,D
13179,7.5,60.4,yes,no,82.9,80.3,71.3,77.7,C
13180,2.0,80.8,yes,yes,53.7,43.8,59.2,52.2,E
13181,6.0,97.8,yes,yes,82.1,86.1,65.1,78.6,C
13182,0.8,61.6,yes,no,43.0,41.7,31.5,23.0,F
13183,3.0,95.1,yes,yes,59.0,67.7,61.9,66.9,D
13184,3.5,76.9,yes,no,58.3,82.2,70.7,65.7,D
13185,1.3,55.1,no,no,24.9,29.1,15.9,23.3,F
13186,5.3,76.8,yes,yes,68.5,88.8,52.8,69.0,D
13187,1.6,73.4,no,yes,47.7,45.7,54.6,40.0,E
13188,6.5,87.5,yes,yes,85.7,100.0,94.6,84.7,C
13189,4.9,87.4,yes,no,89.8,78.4,79.0,82.2,C
13190,6.1,82.1,no,yes,88.6,78.7,97.5,76.8,C
13191,1.7,83.4,no,no,55.4,47.1,73.2,56.7,D
13192,2.9,80.4,no,no,68.6,59.6,57.4,51.5,E
13193,5.8,61.8,yes,yes,61.7,64.6,47.7,62.1,D
13194,3.9,96.3,yes,yes,73.1,73.6,53.1,66.5,D
13195,5.2,60.6,yes,no,65.0,71.3,67.4,65.5,D
13196,3.6,79.8,yes,no,52.9,68.7,74.0,63.6,D
13197,5.5,88.7,yes,no,79.3,91.2,99.5,82.3,C
13198,5.3,54.2,yes,yes,76.6,69.9,62.4,59.8,D
13199,2.7,72.5,yes,yes,45.3,64.3,68.1,59.8,D
13200,7.1,51.5,yes,yes,80.8,71.6,80.6,68.5,D
13201,6.0,61.3,yes,no,56.7,66.6,57.7,74.4,C
13202,1.0,81.8,yes,no,45.4,54.0,37.2,43.0,E
13203,0.8,95.7,no,no,53.6,33.1,45.7,41.3,E
13204,5.9,65.2,yes,yes,63.2,76.9,84.4,78.5,C
13205,5.2,91.7,yes,yes,66.0,74.6,62.9,73.7,C
13206,7.4,76.2,yes,yes,97.6,71.5,91.4,84.4,C
13207,5.6,88.0,yes,yes,77.7,71.1,91.3,83.2,C
13208,2.1,90.5,yes,no,52.5,47.4,56.8,54.5,E
13209,0.8,81.8,yes,yes,41.0,49.1,50.6,43.9,E
13210,4.5,71.1,yes,yes,51.8,68.2,68.1,64.5,D
13211,4.2,79.2,no,no,58.6,50.7,61.0,56.1,D
13212,7.5,84.6,yes,yes,100.0,100.0,89.2,91.4,B
13213,5.8,93.1,yes,yes,86.1,80.4,76.5,84.0,C
13214,7.3,77.4,no,yes,100.0,100.0,95.7,97.7,A
13215,6.2,93.7,yes,yes,82.6,82.6,88.6,85.2,B
13216,5.5,69.4,yes,yes,65.1,55.8,41.2,62.3,D
13217,4.7,88.0,yes,yes,91.0,100.0,69.7,81.2,C
13218,4.9,80.5,yes,no,80.7,58.6,71.3,78.8,C
13219,4.3,53.9,yes,no,47.4,61.1,42.7,57.8,D
13220,6.8,75.1,no,no,78.8,78.8,85.8,86.2,B
13221,2.3,88.2,yes,yes,63.8,50.9,39.3,63.0,D
13222,7.4,83.6,no,no,94.1,85.4,89.6,85.6,B
13223,4.7,78.2,yes,no,71.5,89.3,69.7,73.2,C
13224,3.8,89.6,yes,yes,69.8,65.7,61.8,59.9,D
13225,2.1,95.2,no,no,64.2,29.8,56.9,45.5,E
13226,2.6,57.2,yes,no,47.8,24.7,44.1,36.3,F
13227,4.9,62.8,no,yes,52.5,51.5,44.7,56.8,D
13228,1.6,99.4,yes,no,39.8,33.4,33.5,42.8,E
13229,0.5,62.1,yes,no,44.2,44.7,22.3,30.6,F
13230,2.4,91.4,yes,yes,62.6,65.5,87.2,59.8,D
13231,2.8,76.6,no,yes,59.4,54.4,41.5,59.0,D
13232,7.6,69.2,yes,no,81.1,82.4,79.8,82.9,C
13233,4.9,86.4,yes,no,63.4,62.6,82.8,71.8,C
13234,3.5,87.7,yes,yes,50.1,54.5,58.8,59.6,D
13235,7.9,63.6,yes,no,82.3,74.8,83.9,86.7,B
13236,3.3,50.6,yes,no,51.5,57.1,70.0,56.0,D
13237,7.7,88.9,yes,no,100.0,91.5,77.7,95.4,A
13238,7.6,84.5,yes,no,90.2,93.6,98.6,93.5,B
13239,5.7,56.0,yes,no,75.2,85.8,67.5,75.1,C
13240,4.4,51.8,yes,no,52.1,54.9,58.5,56.3,D
13241,6.7,83.0,yes,yes,82.1,61.3,96.5,85.4,B
13242,2.9,80.1,no,no,51.3,66.1,42.5,48.4,E
13243,3.3,88.2,yes,no,38.7,68.4,64.8,66.0,D
13244,2.1,93.7,yes,no,71.4,45.8,68.6,58.0,D
13245,2.4,83.2,yes,no,58.9,58.9,44.4,60.4,D
13246,1.5,81.8,yes,yes,36.2,55.3,53.4,46.0,E
13247,6.9,76.0,yes,yes,66.9,75.0,72.5,78.3,C
13248,0.5,78.3,no,yes,42.7,41.4,51.4,42.0,E
13249,3.7,98.7,yes,yes,31.8,59.1,59.0,60.8,D
13250,3.2,52.3,yes,no,55.5,59.3,37.5,42.8,E
13251,3.4,77.2,yes,yes,51.9,84.5,61.6,60.0,D
13252,6.8,62.4,yes,no,92.8,89.4,91.7,79.8,C
13253,6.7,86.3,yes,no,97.6,100.0,87.4,91.8,B
13254,5.5,87.4,yes,no,79.6,65.8,75.5,80.5,C
13255,5.7,63.3,yes,no,80.0,68.7,84.1,72.3,C
13256,6.5,87.9,yes,yes,82.4,80.4,87.7,88.8,B
13257,3.4,82.2,yes,yes,53.7,63.6,53.1,56.6,D
13258,3.9,97.3,yes,yes,96.5,90.5,75.3,78.3,C
13259,2.3,90.8,yes,no,56.9,48.7,60.1,50.7,E
13260,2.3,88.6,yes,no,61.4,50.2,60.8,53.0,E
13261,7.5,57.0,yes,no,90.6,92.0,81.4,90.9,B
13262,6.2,99.3,yes,no,72.3,73.9,75.6,81.3,C
13263,3.9,89.8,yes,yes,65.9,50.8,76.4,67.5,D
13264,0.8,92.1,yes,no,25.5,47.3,42.3,37.4,F
13265,6.1,87.6,no,yes,74.3,84.2,64.1,89.2,B
13266,7.6,92.7,yes,no,97.0,94.1,98.8,96.6,A
13267,7.5,80.4,yes,yes,92.4,100.0,98.4,100.0,A
13268,5.9,50.7,yes,yes,69.4,54.4,75.6,65.0,D
13269,5.4,73.2,yes,no,75.0,99.9,97.1,81.2,C
13270,1.4,62.4,no,yes,16.7,39.5,30.9,34.6,F
13271,1.1,65.6,no,yes,51.9,38.1,71.2,45.0,E
13272,2.5,63.8,yes,yes,47.2,52.4,22.9,40.9,E
13273,4.7,81.6,yes,no,75.6,86.8,68.9,70.5,C
13274,7.3,89.4,no,no,91.9,78.3,96.0,96.0,A
13275,7.0,93.5,yes,yes,100.0,66.5,100.0,99.1,A
13276,2.8,93.7,no,no,50.6,49.9,61.3,51.9,E
13277,3.2,51.0,yes,yes,51.2,50.5,61.7,50.2,E
13278,2.8,87.7,no,no,59.9,57.6,62.5,54.9,E
13279,4.5,96.5,no,no,59.8,87.6,75.5,72.3,C
13280,6.6,88.7,yes,no,80.8,83.9,78.9,80.9,C
13281,6.4,55.8,yes,no,66.4,65.2,55.6,67.3,D
13282,7.1,97.9,yes,no,100.0,100.0,95.9,98.6,A
13283,4.4,75.1,yes,no,59.7,70.7,54.2,55.9,D
13284,5.4,78.7,yes,yes,76.7,47.6,51.6,64.8,D
13285,7.7,64.1,no,yes,100.0,100.0,100.0,95.5,A
13286,5.6,92.3,yes,no,68.6,68.6,64.2,71.7,C
13287,1.8,93.9,yes,no,25.5,55.8,50.4,44.7,E
13288,3.0,90.8,yes,no,39.2,52.1,63.8,60.3,D
13289,1.1,60.4,yes,no,38.4,18.7,15.2,27.4,F
13290,1.3,56.4,yes,yes,20.7,39.0,21.3,31.1,F
13291,4.2,98.8,yes,yes,72.5,87.4,69.2,75.8,C
13292,6.0,93.6,yes,no,91.2,95.7,76.0,80.9,C
13293,1.9,92.8,yes,no,46.7,29.5,59.0,44.5,E
13294,2.9,89.0,yes,yes,74.2,56.1,54.4,52.1,E
13295,3.0,55.3,yes,no,47.6,47.2,31.3,38.5,F
13296,6.8,75.7,yes,no,79.2,69.4,91.8,84.8,C
13297,1.9,55.8,yes,no,23.2,13.5,44.8,29.5,F
13298,0.8,71.1,yes,no,42.0,35.7,27.6,32.7,F
13299,5.2,58.1,yes,no,54.7,60.0,57.3,58.0,D
13300,4.5,74.0,yes,yes,82.4,78.3,69.3,75.4,C
13301,0.5,83.6,yes,no,62.5,40.2,50.4,44.5,E
13302,6.2,92.1,yes,yes,80.0,86.9,97.2,92.2,B
13303,3.7,54.0,yes,no,45.2,74.3,58.1,55.5,D
13304,4.6,94.6,no,no,68.9,79.8,84.5,83.5,C
13305,5.5,59.5,yes,no,49.0,64.9,50.5,62.8,D
13306,0.9,97.2,yes,yes,46.9,43.7,39.2,54.5,E
13307,1.8,74.1,yes,no,40.2,53.6,43.0,43.2,E
13308,4.0,52.8,no,yes,40.5,45.6,34.0,45.5,E
13309,1.8,89.5,yes,no,53.4,57.3,53.9,51.5,E
13310,1.4,52.4,yes,no,34.6,52.4,23.0,37.4,F
13311,2.9,81.4,yes,yes,69.8,60.2,55.2,60.5,D
13312,3.7,89.8,yes,yes,94.6,89.3,59.2,63.8,D
13313,6.9,73.1,yes,yes,81.7,98.3,58.4,83.3,C
13314,5.0,84.1,yes,yes,72.1,76.7,68.2,77.0,C
13315,7.5,78.6,no,yes,80.4,82.2,91.2,88.6,B
13316,3.9,53.5,yes,yes,42.6,49.0,74.5,59.0,D
13317,4.0,84.7,yes,yes,57.9,57.9,79.1,64.0,D
13318,2.8,97.6,yes,no,56.8,41.1,57.9,55.6,D
13319,1.1,67.1,no,yes,26.2,37.1,30.2,27.2,F
13320,1.8,56.3,yes,yes,47.4,37.2,39.1,30.1,F
13321,1.0,62.8,yes,yes,39.1,35.4,24.2,34.5,F
13322,5.8,81.8,yes,yes,83.6,80.2,57.5,71.6,C
13323,3.1,99.2,yes,yes,58.0,61.7,53.3,62.2,D
13324,0.7,90.6,no,yes,25.2,36.9,36.9,40.8,E
13325,6.1,89.1,yes,yes,84.8,84.5,82.0,76.8,C
13326,2.4,68.0,yes,no,55.2,41.7,34.5,46.4,E
13327,7.2,80.5,yes,yes,84.5,100.0,99.0,94.8,B
13328,6.7,70.2,yes,yes,66.0,87.4,82.4,85.5,B
13329,2.8,52.9,yes,yes,18.9,58.2,25.6,35.9,F
13330,2.3,74.6,no,no,56.0,49.7,56.9,46.1,E
13331,7.9,77.4,yes,no,89.6,79.3,97.6,88.4,B
13332,6.6,92.4,yes,yes,79.0,82.5,83.9,80.2,C
13333,7.4,88.2,yes,yes,100.0,100.0,100.0,99.5,A
13334,0.6,72.7,yes,yes,37.9,39.5,40.5,40.4,E
13335,5.0,74.9,yes,no,48.3,73.7,63.2,65.4,D
13336,2.5,89.6,yes,no,44.6,63.5,47.6,50.7,E
13337,3.3,64.5,yes,no,76.9,50.6,36.7,48.4,E
13338,1.2,68.0,yes,yes,52.4,49.5,38.7,40.0,E
13339,6.1,95.2,yes,yes,99.8,97.7,93.4,96.2,A
13340,4.4,88.0,yes,yes,65.4,66.2,66.0,72.6,C
13341,6.4,97.2,yes,no,100.0,81.5,90.2,100.0,A
13342,1.4,93.9,yes,no,57.2,63.3,53.5,46.4,E
13343,8.0,88.1,yes,no,95.2,100.0,96.3,91.0,B
13344,3.1,63.1,yes,yes,52.4,43.3,58.5,52.3,E
13345,7.6,76.0,yes,no,83.9,70.8,78.8,87.4,B
13346,5.6,70.8,yes,no,89.8,75.8,87.3,78.4,C
13347,1.3,69.5,yes,no,34.9,33.7,39.0,34.6,F
13348,6.4,89.0,yes,no,84.7,75.2,80.2,86.7,B
13349,4.7,69.4,yes,yes,62.1,60.1,65.4,63.8,D
13350,1.9,57.4,yes,no,37.3,57.1,22.5,43.1,E
13351,1.9,67.4,no,yes,51.8,51.0,65.5,49.8,E
13352,7.6,90.4,yes,yes,72.7,82.9,90.7,90.2,B
13353,8.0,75.4,yes,yes,94.1,100.0,89.9,100.0,A
13354,4.8,50.6,yes,yes,54.1,58.4,70.5,61.6,D
13355,1.9,81.2,yes,yes,60.7,44.0,40.6,53.4,E
13356,3.1,58.7,yes,no,45.2,25.3,42.9,41.2,E
13357,2.1,55.4,yes,yes,59.1,41.2,38.9,34.8,F
13358,5.1,65.2,yes,yes,74.3,63.2,82.8,76.7,C
13359,3.5,88.5,yes,no,69.5,65.3,58.2,62.0,D
13360,3.3,52.5,yes,yes,20.2,61.0,37.6,40.1,E
13361,6.5,60.4,yes,no,71.9,80.7,85.1,72.2,C
13362,7.7,60.1,yes,no,88.4,96.5,97.3,94.7,B
13363,2.0,91.1,yes,yes,33.5,60.4,52.1,46.0,E
13364,3.6,62.5,no,yes,58.6,68.9,47.0,56.5,D
13365,4.5,79.0,yes,yes,87.8,88.7,72.7,70.5,C
13366,2.3,56.3,yes,yes,42.4,32.9,36.8,38.8,F
13367,3.5,89.6,yes,no,51.7,56.8,49.1,66.1,D
13368,0.9,63.0,no,no,12.3,17.9,26.7,32.5,F
13369,0.8,73.1,yes,no,46.8,54.2,43.0,45.0,E
13370,6.4,66.6,yes,no,77.1,94.6,89.8,83.1,C
13371,3.0,82.9,yes,yes,50.9,39.6,44.1,64.1,D
13372,5.8,62.9,yes,yes,69.3,74.5,73.9,62.9,D
13373,1.1,50.0,yes,yes,40.0,31.4,49.1,27.1,F
13374,5.5,76.3,yes,yes,59.4,68.2,77.5,75.4,C
13375,5.4,98.7,yes,no,92.1,92.8,75.8,82.2,C
13376,6.7,91.5,yes,yes,81.7,92.2,83.7,88.7,B
13377,2.0,99.6,yes,no,63.7,71.1,49.5,64.8,D
13378,4.6,72.2,yes,no,79.8,59.7,64.7,69.3,D
13379,7.3,78.4,yes,yes,86.6,85.5,76.6,95.0,B
13380,2.1,89.9,no,yes,52.5,53.5,51.4,53.6,E
13381,1.4,66.9,yes,yes,30.4,37.8,73.9,40.2,E
13382,3.1,55.6,yes,no,58.4,52.9,62.2,55.2,D
13383,7.7,58.4,yes,yes,96.5,100.0,85.5,92.1,B
13384,1.7,98.1,no,yes,31.6,50.4,27.0,46.2,E
13385,1.4,89.5,yes,yes,41.6,43.3,45.3,49.8,E
13386,8.0,64.4,yes,yes,100.0,94.6,100.0,93.5,B
13387,3.4,89.0,yes,no,59.4,73.1,53.6,53.5,E
13388,1.6,85.2,yes,yes,50.9,42.3,55.2,49.0,E
13389,4.7,73.5,yes,no,83.3,60.4,89.4,73.5,C
13390,0.6,51.1,yes,yes,12.0,18.4,28.2,20.0,F
13391,3.7,86.4,yes,no,56.5,53.8,63.8,60.2,D
13392,0.8,64.5,yes,yes,30.4,42.6,36.2,39.5,F
13393,4.7,63.6,yes,no,50.2,65.1,54.7,65.5,D
13394,5.2,76.3,yes,yes,73.9,86.2,86.3,81.4,C
13395,0.5,63.3,yes,yes,37.1,34.2,48.6,37.7,F
13396,4.3,85.8,no,no,65.1,54.0,41.6,59.4,D
13397,7.6,64.6,yes,no,94.3,81.7,92.9,82.2,C
13398,3.5,90.3,yes,yes,58.8,45.1,67.2,57.9,D
13399,7.7,71.9,yes,yes,90.5,93.1,70.0,84.4,C
13400,7.7,75.8,yes,yes,100.0,100.0,95.2,96.4,A
13401,2.3,51.8,yes,no,51.2,39.1,44.9,41.7,E
13402,4.8,51.0,yes,no,55.9,77.0,58.9,62.1,D
13403,6.7,60.6,yes,no,77.2,96.6,99.5,84.0,C
13404,5.8,67.4,yes,no,66.2,70.0,79.0,66.0,D
13405,6.2,58.8,yes,yes,90.7,55.3,65.1,70.0,D
13406,2.5,75.1,yes,yes,56.5,33.6,41.2,47.3,E
13407,7.4,80.1,yes,no,79.5,71.5,87.5,83.7,C
13408,2.3,90.2,yes,yes,61.4,46.3,65.4,61.2,D
13409,5.3,75.7,yes,no,82.3,68.8,71.0,79.5,C
13410,7.1,68.4,yes,no,77.7,76.1,83.0,89.9,B
13411,3.2,96.2,yes,no,49.3,53.7,43.7,56.9,D
13412,4.6,71.8,yes,yes,66.3,78.0,61.4,61.7,D
13413,5.7,64.0,yes,no,73.0,53.6,59.8,65.8,D
13414,7.5,53.8,yes,yes,88.1,84.8,78.7,89.5,B
13415,3.9,59.2,yes,yes,50.9,52.4,55.7,55.5,D
13416,5.0,84.6,yes,yes,71.0,61.2,81.7,67.3,D
13417,1.6,59.9,yes,yes,20.8,26.9,14.2,30.7,F
13418,1.0,68.2,yes,no,21.5,37.5,28.1,30.6,F
13419,0.7,51.4,yes,yes,59.4,23.5,24.6,30.3,F
13420,4.1,68.9,yes,yes,53.2,53.2,56.6,61.0,D
13421,4.6,82.4,yes,yes,84.6,79.2,80.3,75.9,C
13422,1.1,61.0,yes,no,31.1,40.6,28.3,35.0,F
13423,1.9,50.2,yes,yes,40.9,37.3,31.3,34.7,F
13424,2.5,91.7,yes,no,67.5,51.7,56.0,58.2,D
13425,7.2,86.1,yes,yes,83.1,83.8,100.0,98.7,A
13426,1.2,99.6,yes,yes,52.7,38.5,45.2,53.6,E
13427,4.2,56.8,yes,no,44.2,46.5,60.7,56.1,D
13428,6.4,83.9,yes,no,81.2,95.4,96.1,90.5,B
13429,7.0,62.9,no,yes,87.4,79.8,78.4,73.7,C
13430,5.7,75.1,yes,no,57.7,67.6,53.2,65.7,D
13431,2.5,87.3,no,yes,50.8,54.7,60.2,58.0,D
13432,1.4,58.4,yes,no,49.2,35.1,46.7,42.8,E
13433,1.7,73.3,yes,no,66.4,27.3,30.7,37.4,F
13434,6.3,63.5,yes,yes,66.4,69.0,79.2,70.7,C
13435,2.7,57.7,yes,no,44.8,53.3,55.3,52.5,E
13436,3.0,86.1,yes,no,58.9,61.8,61.6,60.7,D
13437,1.8,62.9,yes,yes,51.1,39.0,44.5,44.0,E
13438,3.8,76.5,yes,no,71.1,57.9,65.2,60.7,D
13439,3.0,84.6,yes,no,54.1,68.6,59.1,67.0,D
13440,3.2,72.2,yes,yes,74.5,57.6,51.2,56.9,D
13441,0.8,56.7,no,no,26.3,16.5,24.3,20.5,F
13442,4.0,50.6,no,yes,35.5,43.4,53.5,43.5,E
13443,1.3,69.1,yes,yes,38.3,58.4,39.5,40.6,E
13444,4.5,99.5,yes,no,77.8,58.8,65.3,73.1,C
13445,5.5,98.6,yes,yes,77.0,85.5,77.5,76.9,C
13446,4.6,72.4,yes,no,60.8,63.7,69.3,62.2,D
13447,1.6,70.8,yes,no,71.3,47.8,54.7,50.5,E
13448,5.1,82.3,yes,no,74.4,68.5,83.2,69.1,D
13449,3.6,91.6,yes,no,67.4,57.9,80.8,71.9,C
13450,3.2,78.9,yes,yes,50.5,41.2,63.6,54.0,E
13451,1.6,86.2,yes,no,56.7,38.6,43.4,39.5,F
13452,8.0,51.2,yes,no,83.4,98.7,82.4,79.8,C
13453,3.4,93.9,yes,no,49.3,51.3,43.3,60.0,D
13454,3.9,76.9,no,yes,68.4,69.4,71.5,70.7,C
13455,1.2,74.6,yes,no,31.9,41.2,36.6,32.2,F
13456,5.6,60.8,yes,yes,54.4,53.5,57.2,64.7,D
13457,2.6,56.8,yes,no,60.4,38.3,38.5,44.0,E
13458,6.1,68.4,yes,yes,57.7,69.3,70.7,70.2,C
13459,1.0,96.0,yes,yes,60.7,41.2,29.1,44.2,E
13460,2.7,78.0,yes,yes,34.1,53.8,57.3,45.9,E
13461,6.1,70.6,yes,no,81.9,94.1,60.5,78.8,C
13462,3.5,57.0,yes,yes,59.9,37.3,34.5,47.5,E
13463,0.8,53.1,yes,no,27.8,26.3,33.3,29.2,F
13464,6.4,80.3,yes,no,68.4,86.4,91.9,76.6,C
13465,7.7,97.9,no,yes,100.0,100.0,100.0,100.0,A
13466,3.3,72.4,yes,no,61.3,67.3,68.1,57.3,D
13467,5.2,61.8,yes,yes,72.1,58.9,59.8,58.5,D
13468,3.3,68.8,yes,no,41.0,61.8,50.2,53.0,E
13469,4.7,75.5,yes,yes,67.4,74.8,66.9,76.6,C
13470,6.0,87.7,yes,no,100.0,91.8,83.5,81.0,C
13471,5.2,72.7,yes,no,79.2,76.1,92.2,77.0,C
13472,2.9,96.3,yes,yes,62.1,54.3,44.2,58.0,D
13473,2.0,82.0,yes,no,48.5,45.6,44.4,41.1,E
13474,4.6,56.0,no,no,67.2,61.0,67.7,66.0,D
13475,5.4,55.7,yes,no,68.7,68.1,76.9,56.2,D
13476,4.8,77.6,yes,yes,84.9,91.2,85.1,78.2,C
13477,1.5,90.1,yes,no,56.5,59.1,57.0,55.9,D
13478,3.2,76.7,yes,yes,47.4,68.5,73.8,62.4,D
13479,6.1,90.2,yes,yes,87.9,80.8,73.5,77.6,C
13480,1.6,54.0,yes,no,59.5,27.7,54.9,40.7,E
13481,7.1,66.4,no,yes,100.0,100.0,75.3,91.8,B
13482,4.0,52.4,no,yes,21.9,26.9,38.5,44.0,E
13483,6.4,67.8,yes,yes,98.1,97.7,85.4,85.6,B
13484,3.1,78.4,yes,yes,70.6,61.8,82.0,63.8,D
13485,3.2,96.3,yes,no,56.6,46.1,43.8,56.0,D
13486,7.8,73.0,yes,no,80.8,94.4,100.0,94.0,B
13487,4.8,68.8,yes,yes,64.6,81.6,75.0,72.3,C
13488,1.3,84.0,no,no,38.9,45.9,22.2,34.3,F
13489,7.7,85.9,no,yes,87.7,100.0,88.8,92.1,B
13490,3.3,58.6,yes,yes,80.2,52.1,65.1,59.6,D
13491,5.8,85.0,yes,yes,58.8,65.0,69.3,74.7,C
13492,1.5,77.0,yes,yes,35.1,33.1,39.1,36.1,F
13493,6.9,75.5,no,no,78.9,94.0,97.3,95.1,A
13494,7.7,99.1,yes,yes,79.7,95.9,97.0,96.1,A
13495,3.4,88.6,yes,no,54.5,51.9,75.0,65.8,D
13496,1.6,90.7,yes,no,36.7,54.6,35.1,54.5,E
13497,4.7,91.1,yes,yes,69.7,70.6,45.6,64.2,D
13498,1.7,82.4,yes,no,39.2,42.7,33.2,47.2,E
13499,3.8,51.3,yes,no,31.1,42.4,40.5,42.1,E
13500,5.2,68.4,yes,no,76.4,87.9,70.9,76.8,C
13501,1.5,88.3,yes,no,39.2,28.1,44.8,41.3,E
13502,7.6,59.0,yes,no,88.1,94.5,88.9,90.6,B
13503,5.8,97.9,no,no,71.7,57.6,67.6,75.8,C
13504,3.2,50.4,yes,yes,47.3,31.2,50.8,43.6,E
13505,3.6,77.9,yes,yes,73.7,84.5,69.7,67.5,D
13506,6.9,54.2,yes,yes,75.3,78.3,76.9,85.6,B
13507,4.1,88.0,yes,no,91.3,76.9,71.5,74.8,C
13508,7.9,80.8,yes,no,99.8,85.2,100.0,100.0,A
13509,1.0,70.2,yes,no,45.0,30.5,58.8,33.5,F
13510,2.5,55.1,yes,yes,47.2,50.2,50.3,46.2,E
13511,4.4,72.6,yes,no,67.6,66.4,46.9,59.4,D
13512,1.5,67.5,yes,yes,32.0,52.6,58.0,47.1,E
13513,3.2,59.4,no,yes,28.9,38.5,48.7,40.5,E
13514,4.4,59.2,yes,no,55.6,69.9,72.5,61.7,D
13515,2.5,92.4,yes,yes,40.8,56.0,37.8,53.6,E
13516,1.7,66.4,no,no,39.7,20.6,31.8,37.0,F
13517,2.5,55.0,yes,no,45.9,43.7,32.2,46.1,E
13518,1.1,57.9,yes,no,15.4,15.3,36.4,25.5,F
13519,2.0,83.1,no,no,52.2,36.2,39.5,46.9,E
13520,1.0,68.5,yes,yes,34.3,26.3,1.8,26.4,F
13521,7.6,52.8,yes,no,70.4,81.7,100.0,91.4,B
13522,1.7,52.7,yes,yes,46.9,41.9,44.5,36.6,F
13523,0.5,53.0,yes,no,24.5,24.7,8.8,18.2,F
13524,7.7,86.9,yes,yes,84.1,74.8,100.0,100.0,A
13525,6.2,92.5,yes,yes,78.0,95.1,89.3,85.0,B
13526,2.5,92.3,yes,no,55.2,61.6,54.8,61.9,D
13527,7.1,77.3,yes,yes,72.7,86.9,99.6,82.4,C
13528,7.0,69.6,yes,yes,100.0,96.4,94.8,86.7,B
13529,6.1,65.9,yes,no,78.8,71.9,75.2,83.9,C
13530,4.9,87.3,yes,no,45.6,68.9,60.2,68.7,D
13531,4.9,90.4,no,no,62.7,72.1,64.4,65.8,D
13532,7.8,96.9,yes,yes,93.9,100.0,93.9,100.0,A
13533,4.0,99.2,no,no,66.1,89.5,74.7,73.3,C
13534,6.6,85.2,no,no,93.5,82.0,82.2,90.4,B
13535,1.3,59.6,yes,yes,20.5,34.9,40.9,34.7,F
13536,5.8,98.1,yes,no,100.0,85.4,85.1,85.7,B
13537,7.9,56.1,yes,yes,90.0,100.0,84.3,91.3,B
13538,0.6,64.0,yes,no,29.3,33.5,38.0,29.0,F
13539,2.4,91.6,yes,yes,52.3,57.0,54.6,56.7,D
13540,6.4,75.8,no,yes,93.6,99.6,89.5,78.1,C
13541,6.0,62.2,yes,no,71.0,86.5,68.7,77.9,C
13542,6.0,76.2,yes,no,81.6,74.2,92.6,79.5,C
13543,7.9,88.5,yes,no,100.0,99.3,99.5,100.0,A
13544,1.2,63.7,yes,yes,23.9,34.9,27.7,26.2,F
13545,5.6,75.0,yes,no,76.4,62.7,81.3,70.8,C
13546,5.3,64.4,yes,yes,82.2,82.3,54.2,73.5,C
13547,2.0,69.9,yes,no,45.8,51.4,51.3,38.5,F
13548,2.1,60.6,yes,no,33.5,40.6,55.5,34.5,F
13549,5.4,85.4,yes,no,83.2,80.3,67.8,85.8,B
13550,5.4,65.7,no,no,75.3,70.9,81.0,73.9,C
13551,5.0,75.3,no,no,65.3,76.2,55.7,69.4,D
13552,4.0,90.2,yes,no,59.9,74.8,70.3,70.4,C
13553,5.7,57.1,yes,yes,77.2,100.0,79.5,75.6,C
13554,2.9,83.1,no,no,66.6,44.3,58.6,51.9,E
13555,2.3,66.5,yes,no,44.3,45.9,34.9,39.2,F
13556,5.0,74.4,yes,no,58.2,69.2,60.9,71.4,C
13557,5.1,85.8,yes,no,70.9,46.8,85.9,70.1,C
13558,6.6,96.2,yes,yes,95.8,99.8,64.1,86.7,B
13559,3.6,93.0,yes,no,71.8,71.4,72.3,73.5,C
13560,6.2,95.0,yes,no,81.1,92.9,81.8,79.4,C
13561,7.4,52.5,yes,no,100.0,89.4,84.6,80.7,C
13562,3.7,71.0,no,no,74.2,64.0,73.0,55.5,D
13563,4.6,90.1,yes,yes,75.2,71.9,60.8,75.1,C
13564,7.3,90.6,yes,no,95.3,82.9,85.7,87.9,B
13565,2.8,71.0,yes,no,50.4,74.3,48.2,52.5,E
13566,5.9,64.3,yes,yes,74.9,82.0,77.4,77.7,C
13567,4.8,77.4,yes,no,77.2,88.7,73.6,67.3,D
13568,3.6,87.3,yes,yes,67.9,59.0,86.6,58.2,D
13569,7.0,84.6,yes,no,99.1,97.3,100.0,92.2,B
13570,1.7,62.5,yes,yes,45.9,54.6,59.8,47.7,E
13571,0.8,50.0,no,no,55.2,48.7,46.3,36.4,F
13572,2.1,94.3,yes,no,36.4,25.0,62.4,47.0,E
13573,7.1,72.3,yes,yes,77.4,72.6,61.0,76.0,C
13574,3.1,91.6,yes,no,52.0,69.7,68.9,63.1,D
13575,5.6,93.6,yes,no,79.7,94.3,62.3,78.2,C
13576,2.2,96.9,yes,no,59.6,72.1,82.5,62.1,D
13577,4.2,67.6,yes,no,81.7,64.4,71.1,67.6,D
13578,4.4,83.0,no,yes,65.6,70.6,67.6,65.2,D
13579,2.3,79.8,yes,no,74.1,87.7,64.2,59.7,D
13580,3.4,58.2,yes,yes,45.4,50.1,29.4,46.8,E
13581,2.5,71.8,yes,yes,37.1,40.3,18.5,41.5,E
13582,1.3,71.5,yes,no,41.0,45.0,32.7,36.2,F
13583,3.7,59.5,yes,yes,38.6,58.5,52.1,59.2,D
13584,4.7,68.7,yes,yes,70.3,77.1,70.4,73.3,C
13585,1.2,71.8,yes,no,47.0,50.6,39.5,44.4,E
13586,3.2,90.0,yes,no,92.4,64.5,72.4,69.2,D
13587,4.0,92.9,yes,no,72.6,61.2,70.1,65.8,D
13588,7.5,85.9,yes,no,82.4,100.0,100.0,100.0,A
13589,5.1,90.3,yes,yes,77.3,73.7,80.8,83.6,C
13590,7.6,54.9,yes,no,76.0,77.8,94.2,86.8,B
13591,4.4,77.9,yes,yes,79.3,76.5,64.8,74.2,C
13592,6.5,62.9,yes,yes,83.4,65.5,90.7,73.6,C
13593,1.2,70.9,yes,no,22.4,43.8,38.7,36.9,F
13594,4.7,85.2,yes,yes,78.6,70.4,59.9,66.6,D
13595,3.1,97.3,yes,yes,56.4,73.4,67.2,64.9,D
13596,6.0,67.8,yes,no,57.9,78.9,56.6,66.2,D
13597,7.1,78.9,yes,no,67.3,84.1,69.0,78.9,C
13598,5.8,55.4,yes,no,55.0,73.0,62.8,60.3,D
13599,1.2,84.1,yes,no,38.5,20.8,29.2,37.8,F
13600,5.2,61.9,yes,no,72.0,60.3,74.7,59.6,D
13601,6.1,73.5,yes,yes,73.0,68.3,76.6,85.4,B
13602,0.7,66.3,yes,yes,27.8,44.0,46.7,39.8,F
13603,1.8,52.5,yes,no,46.0,51.0,28.5,36.6,F
13604,5.6,87.0,yes,yes,73.2,64.0,84.4,76.0,C
13605,2.9,81.0,no,no,44.4,32.2,58.1,50.7,E
13606,1.0,90.9,yes,no,46.3,37.4,21.8,43.6,E
13607,7.2,97.3,yes,yes,94.9,100.0,100.0,100.0,A
13608,7.6,70.5,no,yes,83.2,95.0,96.5,92.2,B
13609,3.3,87.8,yes,yes,66.7,64.5,73.2,69.4,D
13610,7.9,65.5,no,no,94.8,95.1,92.0,92.1,B
13611,6.9,71.6,yes,no,67.5,64.1,75.4,78.3,C
13612,4.7,91.8,yes,yes,78.6,70.7,47.1,68.2,D
13613,6.1,94.9,no,no,89.0,84.0,89.2,90.3,B
13614,7.5,68.8,yes,yes,87.3,97.7,87.9,88.8,B
13615,6.0,90.1,yes,yes,75.3,67.3,78.2,80.9,C
13616,3.0,88.3,no,yes,50.8,56.2,44.4,54.7,E
13617,1.9,59.3,yes,yes,39.4,44.3,58.8,46.7,E
13618,3.7,81.3,yes,no,75.7,75.4,66.8,64.2,D
13619,1.9,74.8,yes,yes,56.4,47.6,49.5,54.7,E
13620,0.7,53.1,yes,yes,22.1,7.4,9.8,26.8,F
13621,3.9,77.4,yes,no,54.3,69.5,53.9,62.7,D
13622,3.0,99.0,yes,no,62.3,54.8,63.2,66.9,D
13623,1.2,89.0,yes,yes,55.2,49.5,61.9,50.3,E
13624,7.0,60.0,yes,yes,85.4,93.3,88.8,88.9,B
13625,1.4,61.1,no,no,23.6,3.7,21.8,25.8,F
13626,5.2,66.0,yes,yes,63.4,51.3,68.3,62.2,D
13627,4.8,50.9,yes,yes,50.8,67.6,63.1,56.4,D
13628,7.8,53.7,yes,no,85.0,95.9,86.4,86.0,B
13629,2.4,86.0,no,no,64.5,43.2,51.7,43.9,E
13630,2.3,77.3,no,no,58.5,46.2,63.1,56.6,D
13631,5.2,84.8,yes,no,81.2,100.0,87.1,78.9,C
13632,4.7,85.8,yes,yes,67.7,78.7,74.8,75.0,C
13633,6.6,53.7,yes,yes,87.9,88.2,70.9,79.3,C
13634,1.8,97.3,yes,no,43.7,44.1,47.0,50.2,E
13635,2.8,98.5,yes,no,69.5,55.9,73.6,66.2,D
13636,0.5,51.7,yes,yes,0.0,30.4,33.6,19.5,F
13637,5.9,53.4,yes,no,55.3,61.7,72.3,63.2,D
13638,2.9,91.0,yes,yes,61.3,69.5,66.4,66.9,D
13639,2.3,80.4,yes,yes,41.5,43.1,53.8,44.6,E
13640,5.0,99.6,no,yes,82.7,100.0,80.3,86.8,B
13641,2.4,62.3,yes,yes,56.1,42.3,55.8,43.9,E
13642,0.9,89.8,no,no,34.0,40.3,51.5,34.6,F
13643,2.3,76.2,yes,yes,54.0,43.7,51.8,41.8,E
13644,6.9,77.8,yes,yes,72.9,68.0,72.0,82.3,C
13645,5.0,60.4,no,yes,54.6,58.7,57.1,66.8,D
13646,4.0,80.3,yes,no,79.7,67.9,74.8,64.7,D
13647,4.2,70.5,yes,no,62.6,67.7,76.9,71.6,C
13648,8.0,61.0,yes,yes,100.0,95.9,90.5,98.2,A
13649,0.7,91.9,yes,no,35.8,53.5,32.0,38.4,F
13650,1.7,60.7,yes,no,24.1,32.5,40.6,35.5,F
13651,7.0,65.0,yes,yes,58.6,94.3,62.9,72.3,C
13652,4.5,54.3,yes,yes,50.4,56.5,62.7,58.6,D
13653,8.0,83.8,yes,yes,86.2,84.8,100.0,90.6,B
13654,5.6,64.2,yes,no,72.6,84.0,70.4,68.5,D
13655,5.9,97.9,yes,no,82.8,85.2,100.0,82.1,C
13656,4.8,87.1,yes,yes,71.8,89.3,81.4,75.2,C
13657,0.6,95.1,yes,yes,48.0,26.1,38.6,37.7,F
13658,7.3,59.8,yes,yes,94.3,60.7,90.1,81.0,C
13659,4.4,82.0,yes,yes,69.3,41.6,78.6,67.7,D
13660,0.6,94.0,yes,yes,36.8,27.2,34.0,41.6,E
13661,2.1,98.1,yes,yes,54.9,41.6,53.6,55.1,D
13662,3.1,82.5,yes,yes,57.4,60.4,45.3,54.9,E
13663,2.6,97.4,yes,no,41.8,54.4,40.4,56.4,D
13664,0.7,57.4,no,yes,23.9,21.4,23.4,24.6,F
13665,2.6,52.0,yes,yes,44.0,30.6,48.0,43.6,E
13666,7.2,73.3,yes,no,75.9,94.8,83.1,85.9,B
13667,4.9,65.9,no,yes,61.4,74.0,69.8,66.9,D
13668,3.0,96.3,yes,no,61.6,53.0,65.9,69.1,D
13669,1.2,50.8,yes,no,39.2,23.4,18.5,27.1,F
13670,6.1,65.9,yes,no,54.1,58.3,69.8,66.4,D
13671,5.9,67.5,yes,yes,82.6,96.3,68.6,78.8,C
13672,0.5,85.6,yes,no,51.6,37.6,34.3,35.4,F
13673,8.0,50.1,yes,no,81.6,82.4,73.3,82.5,C
13674,2.5,92.5,yes,no,61.8,50.0,41.8,47.9,E
13675,2.5,96.7,yes,no,50.4,51.3,41.7,49.4,E
13676,2.8,74.2,yes,yes,51.2,49.1,62.1,46.4,E
13677,7.7,55.4,yes,no,66.4,59.0,81.4,80.2,C
13678,6.8,52.5,yes,no,92.4,79.6,72.4,79.6,C
13679,5.3,62.9,yes,yes,56.3,88.7,54.1,59.3,D
13680,4.2,56.7,yes,no,53.0,44.1,61.5,53.7,E
13681,3.0,75.1,yes,no,52.7,65.5,57.8,56.2,D
13682,3.0,70.5,yes,yes,51.6,65.3,65.9,59.2,D
13683,2.9,59.6,yes,no,52.3,43.2,49.1,44.2,E
13684,7.0,91.7,no,yes,83.3,77.6,96.8,87.0,B
13685,5.6,80.0,yes,yes,78.8,92.2,71.2,86.8,B
13686,3.6,81.3,yes,yes,58.7,62.3,65.7,66.1,D
13687,8.0,84.2,yes,yes,85.4,93.9,79.5,94.9,B
13688,1.8,93.2,yes,no,67.7,57.1,71.1,52.7,E
13689,1.1,83.7,yes,no,49.9,39.1,46.4,48.6,E
13690,3.3,56.6,yes,no,37.8,42.1,58.3,45.8,E
13691,7.9,69.2,yes,no,78.2,93.5,93.1,86.4,B
13692,0.7,76.1,yes,yes,36.8,26.1,20.1,26.5,F
13693,1.1,59.3,yes,no,30.8,9.9,41.8,28.2,F
13694,3.1,97.0,yes,yes,55.7,74.5,68.7,70.6,C
13695,7.9,62.6,no,no,66.3,100.0,100.0,96.2,A
13696,3.1,88.6,yes,yes,57.6,63.0,49.2,56.2,D
13697,5.6,97.6,yes,no,100.0,91.3,98.0,93.4,B
13698,7.0,63.7,yes,yes,83.6,81.8,90.2,91.4,B
13699,5.5,72.8,yes,no,75.4,57.1,71.6,69.3,D
13700,1.2,62.4,yes,yes,42.8,21.1,17.3,25.0,F
13701,1.6,91.1,yes,yes,40.8,61.2,38.5,53.9,E
13702,2.4,89.8,yes,no,36.9,39.5,33.2,46.5,E
13703,6.5,94.7,yes,no,77.4,99.0,94.3,80.9,C
13704,6.5,53.1,yes,no,79.7,70.0,65.1,75.9,C
13705,1.8,87.0,yes,no,60.5,71.1,52.7,57.1,D
13706,3.3,79.0,no,no,47.6,52.9,45.1,48.9,E
13707,1.5,71.2,yes,no,70.7,39.6,54.4,44.9,E
13708,4.0,94.5,yes,no,82.9,63.0,89.9,74.7,C
13709,3.2,93.4,yes,no,54.2,62.6,72.1,57.5,D
13710,7.9,85.0,yes,yes,88.9,89.5,76.8,90.8,B
13711,3.4,58.6,yes,yes,56.5,52.8,46.0,60.2,D
13712,0.9,63.0,no,yes,38.6,26.7,16.3,26.1,F
13713,4.4,57.8,no,yes,39.3,56.8,61.9,54.5,E
13714,7.3,62.8,no,no,75.7,69.2,82.9,78.1,C
13715,3.3,88.7,yes,yes,38.6,58.5,69.7,57.5,D
13716,6.6,66.7,yes,no,82.1,57.1,67.1,79.0,C
13717,3.6,64.1,yes,no,55.2,36.6,42.1,50.1,E
13718,4.8,62.4,yes,yes,43.4,66.8,61.2,57.7,D
13719,4.3,52.5,yes,yes,46.9,59.0,55.6,62.9,D
13720,7.1,67.0,yes,no,81.8,88.0,91.9,81.5,C
13721,4.8,54.7,yes,yes,61.9,63.7,43.2,58.4,D
13722,3.3,78.1,yes,no,39.5,63.5,74.7,54.0,E
13723,6.3,59.2,yes,no,61.9,71.3,63.0,64.6,D
13724,0.9,63.6,no,no,37.5,39.5,13.6,30.9,F
13725,2.5,73.9,yes,yes,56.4,36.7,72.1,51.6,E
13726,2.6,69.1,yes,no,37.7,58.0,30.2,41.8,E
13727,4.8,66.1,yes,no,67.7,80.4,82.6,74.6,C
13728,6.8,97.8,yes,yes,75.2,100.0,95.3,100.0,A
13729,4.7,52.9,yes,yes,56.6,62.5,50.1,64.2,D
13730,3.9,94.0,yes,yes,74.6,62.8,66.8,71.4,C
13731,1.0,96.4,yes,yes,39.6,51.3,51.6,40.0,E
13732,7.8,98.4,yes,yes,100.0,100.0,100.0,100.0,A
13733,2.7,93.1,yes,no,77.4,41.4,43.5,58.6,D
13734,1.5,90.5,no,no,42.2,41.4,47.6,42.2,E
13735,6.7,61.8,yes,yes,63.1,77.3,80.3,83.6,C
13736,7.2,59.0,no,no,70.6,70.5,85.0,75.7,C
13737,2.7,80.1,no,no,57.4,46.5,28.5,45.8,E
13738,4.6,76.8,yes,yes,87.6,66.1,55.5,75.4,C
13739,6.4,86.0,yes,yes,76.3,100.0,76.3,92.8,B
13740,0.7,55.9,no,yes,22.9,23.5,42.0,31.6,F
13741,7.9,64.3,yes,no,79.7,73.7,84.2,81.8,C
13742,2.9,83.6,no,yes,56.3,34.5,71.8,47.2,E
13743,4.1,80.6,yes,no,48.8,60.8,51.2,57.8,D
13744,0.9,67.4,yes,yes,43.7,26.0,28.6,37.8,F
13745,0.9,57.4,yes,yes,0.0,28.2,5.1,22.6,F
13746,1.3,92.9,yes,yes,45.4,58.0,58.0,46.9,E
13747,2.9,91.6,yes,no,43.6,50.4,59.8,55.5,D
13748,7.4,57.3,no,yes,70.4,87.7,77.7,73.3,C
13749,4.4,87.5,yes,no,59.5,72.0,78.0,74.9,C
13750,2.9,57.1,yes,yes,54.6,65.9,70.6,54.3,E
13751,3.9,72.6,yes,yes,62.9,65.6,48.4,57.4,D
13752,2.5,73.3,yes,no,54.4,45.9,65.5,52.3,E
13753,5.2,70.1,yes,no,72.0,61.9,65.5,60.9,D
13754,4.3,67.1,yes,yes,55.9,57.0,49.3,54.7,E
13755,3.3,73.4,yes,yes,47.7,37.2,44.0,46.1,E
13756,5.6,85.6,yes,yes,80.8,75.7,79.8,86.8,B
13757,3.4,66.6,yes,yes,49.9,40.0,52.9,45.8,E
13758,6.5,79.0,no,yes,82.4,80.5,100.0,87.7,B
13759,5.0,67.9,yes,yes,55.5,34.0,68.1,58.7,D
13760,2.0,98.6,yes,yes,71.9,82.8,74.6,61.2,D
13761,1.7,84.2,yes,yes,74.2,52.3,56.4,57.1,D
13762,2.4,92.6,yes,yes,57.1,73.4,52.0,60.4,D
13763,7.4,71.6,no,no,83.9,85.8,81.2,79.9,C
13764,6.7,62.8,yes,yes,70.1,70.2,66.2,77.7,C
13765,7.8,53.9,yes,yes,74.3,89.1,82.7,80.8,C
13766,6.1,90.9,no,no,60.5,76.6,89.8,85.2,B
13767,7.4,84.9,yes,yes,90.2,100.0,89.2,84.6,C
13768,3.2,91.1,yes,no,65.9,63.9,55.0,70.4,C
13769,5.1,84.0,yes,yes,85.9,61.6,69.7,69.2,D
13770,3.4,51.9,yes,yes,44.6,64.0,38.7,52.0,E
13771,7.0,71.2,yes,no,83.9,83.4,75.9,84.0,C
13772,8.0,66.6,yes,yes,100.0,100.0,100.0,98.0,A
13773,6.1,71.7,no,no,100.0,73.0,82.4,81.8,C
13774,6.4,83.4,yes,yes,85.8,100.0,72.7,94.4,B
13775,7.1,78.3,yes,yes,90.3,83.4,91.9,95.1,A
13776,1.2,81.8,yes,yes,39.3,43.0,34.8,37.7,F
13777,4.1,60.5,yes,yes,43.9,40.1,44.3,47.1,E
13778,6.0,74.8,yes,yes,83.6,76.2,73.4,76.7,C
13779,5.0,61.8,no,no,63.1,74.2,77.2,61.4,D
13780,4.6,75.6,yes,yes,70.9,50.5,28.2,58.4,D
13781,3.4,64.8,yes,no,52.9,73.1,51.3,55.5,D
13782,2.2,60.9,yes,no,60.3,59.3,29.8,51.8,E
13783,7.4,97.0,yes,no,95.0,76.6,90.8,95.3,A
13784,6.0,63.4,yes,no,72.1,63.0,76.4,66.4,D
13785,5.1,81.3,yes,no,75.2,74.1,100.0,72.9,C
13786,1.1,81.3,yes,yes,42.9,45.4,50.3,43.6,E
13787,1.3,78.8,yes,yes,43.4,40.8,51.3,50.7,E
13788,3.7,85.9,yes,no,64.3,49.7,64.1,55.8,D
13789,1.4,80.4,yes,no,24.5,22.5,28.8,35.0,F
13790,1.6,92.5,yes,yes,62.6,71.5,62.5,56.2,D
13791,1.1,51.3,yes,no,42.8,19.1,40.1,36.7,F
13792,2.7,53.7,yes,no,68.4,29.0,58.5,46.3,E
13793,0.6,77.7,yes,yes,50.5,33.5,41.8,42.0,E
13794,6.0,70.0,yes,yes,47.9,60.8,70.6,66.6,D
13795,5.0,60.6,yes,no,63.1,66.2,68.7,72.7,C
13796,4.3,67.6,no,no,64.4,62.3,65.1,64.7,D
13797,7.9,82.5,yes,no,95.9,100.0,100.0,100.0,A
13798,4.1,92.7,yes,no,73.0,60.8,74.8,69.4,D
13799,7.0,59.1,yes,yes,73.8,80.3,87.7,86.3,B
13800,1.9,64.6,yes,no,31.3,56.1,47.2,49.2,E
13801,2.5,57.0,yes,yes,26.2,51.6,29.0,35.7,F
13802,3.0,99.8,no,no,75.4,61.9,52.2,54.0,E
13803,7.9,51.0,yes,no,91.3,58.5,76.1,80.4,C
13804,7.3,57.9,no,no,71.4,77.7,76.8,77.0,C
13805,3.9,69.2,yes,no,51.3,62.5,37.6,49.5,E
13806,6.8,59.9,yes,yes,77.8,67.3,100.0,87.8,B
13807,2.2,84.0,yes,yes,64.1,55.7,49.0,55.6,D
13808,4.9,51.1,yes,no,42.9,50.2,69.2,53.4,E
13809,1.7,75.7,yes,no,49.6,74.5,42.4,53.5,E
13810,4.8,59.8,yes,yes,49.1,60.2,74.9,56.7,D
13811,2.2,81.6,yes,no,54.3,62.6,64.4,56.7,D
13812,4.9,55.9,yes,no,60.4,69.1,46.5,57.5,D
13813,3.7,59.9,yes,yes,52.4,24.8,55.7,52.6,E
13814,4.7,91.5,yes,yes,82.6,78.3,77.4,72.7,C
13815,1.7,95.0,no,yes,40.9,43.2,66.3,50.9,E
13816,4.3,68.1,yes,no,37.4,51.1,61.3,62.3,D
13817,2.9,79.4,no,yes,47.2,41.3,55.5,45.5,E
13818,1.6,83.8,yes,no,71.7,53.2,55.2,55.5,D
13819,4.3,88.0,no,yes,60.6,74.1,56.8,70.8,C
13820,1.5,76.8,yes,no,48.3,51.1,47.5,42.5,E
13821,3.7,78.9,yes,yes,50.6,70.4,52.2,55.2,D
13822,2.9,89.2,no,no,46.4,46.4,55.5,54.3,E
13823,4.6,77.3,no,no,69.1,76.8,85.5,77.0,C
13824,4.1,76.9,yes,yes,59.9,28.0,70.3,54.9,E
13825,1.5,64.2,yes,no,56.6,34.2,34.9,43.2,E
13826,2.6,91.9,yes,no,79.0,71.3,62.6,67.1,D
13827,4.7,72.1,yes,yes,76.6,75.7,64.0,68.0,D
13828,6.8,77.6,yes,yes,89.2,100.0,91.3,87.8,B
13829,0.9,81.6,yes,no,34.6,38.8,41.1,41.0,E
13830,1.2,77.0,yes,yes,48.8,31.4,38.1,39.5,F
13831,6.5,72.1,yes,yes,92.1,77.4,73.3,78.7,C
13832,3.0,74.3,yes,yes,46.3,48.4,40.4,50.5,E
13833,2.4,55.0,yes,yes,26.9,20.8,23.4,31.3,F
13834,2.2,91.1,yes,yes,50.5,51.1,40.8,46.3,E
13835,7.8,54.0,yes,no,79.6,76.1,96.2,89.7,B
13836,4.3,99.4,yes,yes,82.1,84.5,71.6,79.8,C
13837,1.7,98.5,no,yes,27.5,48.9,65.8,47.4,E
13838,3.5,94.1,yes,yes,79.3,72.2,49.3,69.0,D
13839,2.5,53.8,yes,yes,48.8,54.5,43.1,47.6,E
13840,1.8,51.3,yes,yes,32.1,45.8,31.2,30.8,F
13841,7.8,80.9,yes,no,100.0,100.0,100.0,100.0,A
13842,3.8,58.3,yes,no,43.0,48.3,50.4,47.8,E
13843,5.7,97.0,yes,no,94.3,88.1,83.5,84.7,C
13844,7.2,82.9,yes,yes,96.2,81.0,91.2,84.4,C
13845,2.0,93.0,yes,yes,52.2,56.4,32.2,44.8,E
13846,1.5,99.7,yes,no,49.9,28.9,53.9,42.3,E
13847,2.5,96.9,yes,no,85.4,57.9,41.6,53.5,E
13848,5.8,55.3,yes,no,84.5,65.6,61.5,68.5,D
13849,3.4,99.1,yes,no,66.3,78.4,71.1,72.5,C
13850,4.2,53.5,yes,yes,49.5,39.7,55.9,47.7,E
13851,0.7,88.9,no,yes,29.1,67.9,50.7,46.0,E
13852,0.5,87.5,no,yes,38.5,37.8,44.2,31.2,F
13853,3.6,60.6,yes,yes,43.7,46.3,45.7,49.2,E
13854,1.6,69.1,yes,yes,59.9,44.4,48.2,42.1,E
13855,6.4,81.5,no,yes,87.4,81.8,70.7,80.5,C
13856,7.6,74.9,yes,yes,83.1,93.0,94.8,87.9,B
13857,7.4,85.2,yes,no,100.0,100.0,100.0,100.0,A
13858,4.0,56.6,no,yes,64.3,65.1,49.3,53.4,E
13859,2.7,70.4,yes,no,58.1,22.6,44.4,50.1,E
13860,4.1,85.9,yes,no,64.6,65.2,83.4,71.6,C
13861,1.3,50.4,yes,no,39.8,26.4,28.7,25.7,F
13862,7.6,82.5,yes,no,77.8,86.0,100.0,100.0,A
13863,5.5,77.0,yes,yes,51.7,70.0,64.7,65.5,D
13864,2.6,96.2,yes,no,48.9,58.7,57.9,49.5,E
13865,6.2,98.1,yes,no,79.6,100.0,100.0,83.6,C
13866,2.3,84.5,yes,no,59.8,66.6,64.2,57.0,D
13867,6.1,76.9,no,yes,71.7,88.2,96.7,83.1,C
13868,3.5,76.5,yes,no,45.2,59.0,65.7,52.6,E
13869,7.0,72.2,yes,no,74.0,80.8,94.9,84.8,C
13870,7.9,88.9,yes,yes,83.6,89.7,97.4,95.1,A
13871,2.9,66.7,yes,no,46.7,48.4,61.8,47.7,E
13872,4.6,62.1,yes,yes,51.8,68.7,66.3,62.4,D
13873,2.3,72.1,yes,no,45.5,41.7,49.9,50.3,E
13874,6.5,66.6,yes,no,72.0,86.0,75.8,76.4,C
13875,4.2,90.7,yes,yes,75.6,79.6,81.0,75.8,C
13876,7.9,63.8,yes,no,63.1,84.0,83.2,80.1,C
13877,7.2,70.1,yes,no,94.0,82.6,77.5,90.0,B
13878,2.5,63.5,yes,no,40.6,49.6,67.9,47.0,E
13879,1.4,76.9,no,yes,49.0,60.1,46.1,46.1,E
13880,5.1,65.3,yes,yes,72.8,84.6,79.7,74.4,C
13881,2.9,81.3,yes,yes,61.9,62.6,74.1,58.7,D
13882,2.4,90.3,yes,yes,53.4,44.7,40.2,51.3,E
13883,4.6,87.5,yes,yes,84.4,63.5,75.5,66.9,D
13884,4.5,65.1,yes,no,43.7,58.6,50.6,58.5,D
13885,4.5,78.3,yes,no,76.9,56.7,60.8,59.7,D
13886,2.7,69.1,yes,no,68.2,65.2,69.0,56.0,D
13887,1.7,82.5,yes,no,36.1,22.3,50.1,39.6,F
13888,1.9,93.6,yes,yes,53.1,37.7,40.4,45.4,E
13889,5.9,92.0,yes,yes,98.1,78.0,61.7,76.2,C
13890,4.0,94.4,yes,yes,54.8,58.8,46.9,68.8,D
13891,4.0,70.1,yes,yes,70.4,57.9,84.5,68.2,D
13892,7.8,90.6,yes,yes,78.7,97.4,68.6,90.0,B
13893,7.4,68.8,no,yes,100.0,91.9,96.0,96.6,A
13894,1.0,55.1,yes,no,47.5,26.5,29.4,37.7,F
13895,6.5,79.4,no,no,73.8,78.0,66.1,83.7,C
13896,2.4,79.8,no,no,49.4,48.4,47.1,55.0,E
13897,5.9,88.0,yes,yes,74.6,91.5,71.3,75.0,C
13898,1.8,92.0,yes,yes,65.0,43.6,63.6,55.6,D
13899,1.6,94.8,yes,no,68.4,63.6,60.4,57.6,D
13900,7.5,85.1,yes,yes,89.7,96.0,76.6,84.5,C
13901,4.7,81.3,yes,yes,76.3,71.4,59.1,73.1,C
13902,3.1,50.8,yes,yes,37.5,24.0,48.5,37.0,F
13903,7.2,55.7,no,yes,81.9,85.3,68.1,72.3,C
13904,2.7,57.0,yes,no,43.9,38.6,31.2,38.2,F
13905,1.0,63.0,yes,no,33.8,27.6,37.0,25.9,F
13906,3.5,94.7,yes,no,74.7,62.1,66.7,72.2,C
13907,5.8,86.3,yes,no,59.0,71.4,70.5,71.4,C
13908,5.5,81.7,yes,no,56.4,58.5,74.5,67.6,D
13909,4.1,56.2,yes,no,65.1,37.7,64.6,59.8,D
13910,4.3,82.8,yes,yes,57.1,47.5,53.2,61.5,D
13911,4.5,86.5,yes,yes,84.4,61.3,70.5,79.4,C
13912,3.3,65.4,no,yes,45.0,50.9,53.8,49.1,E
13913,1.1,62.2,no,yes,34.2,35.1,34.0,41.7,E
13914,1.7,84.3,yes,no,52.5,59.4,47.6,45.1,E
13915,5.9,56.0,yes,yes,47.3,66.0,50.1,60.2,D
13916,6.6,79.1,yes,yes,100.0,97.0,100.0,94.2,B
13917,3.5,98.8,yes,no,72.5,93.2,90.3,76.0,C
13918,3.0,51.2,no,no,34.6,27.4,46.7,41.9,E
13919,5.1,59.1,no,no,54.1,79.5,63.2,58.0,D
13920,0.7,76.5,yes,no,38.7,27.8,23.8,37.1,F
13921,4.8,53.5,yes,no,83.6,78.5,47.1,65.9,D
13922,4.0,85.4,yes,no,68.1,48.7,57.6,63.1,D
13923,3.8,54.0,yes,no,63.0,54.2,41.3,51.9,E
13924,0.5,59.6,yes,no,32.4,38.9,26.2,25.1,F
13925,7.6,77.4,yes,no,93.3,96.9,100.0,91.1,B
13926,1.8,90.8,yes,yes,54.1,58.9,33.1,58.0,D
13927,1.3,68.3,yes,yes,24.8,48.3,33.0,28.7,F
13928,3.4,52.8,yes,yes,37.2,26.9,39.5,38.9,F
13929,6.3,67.4,yes,yes,91.4,81.5,85.1,80.8,C
13930,6.2,53.7,yes,yes,98.5,63.1,90.0,75.2,C
13931,4.3,59.4,yes,yes,51.3,53.3,49.5,54.5,E
13932,4.6,73.4,yes,no,68.8,57.1,69.7,66.5,D
13933,3.9,94.0,yes,no,66.4,64.0,62.2,65.4,D
13934,0.7,94.7,yes,no,30.3,26.4,49.8,34.2,F
13935,2.6,85.2,no,no,43.8,56.4,61.3,63.4,D
13936,3.4,92.1,no,no,72.8,56.1,62.7,58.6,D
13937,4.7,76.7,yes,no,76.1,76.2,66.1,70.5,C
13938,5.4,97.8,yes,no,82.5,71.5,76.9,76.4,C
13939,7.9,91.7,yes,yes,85.4,85.8,95.4,90.4,B
13940,4.3,82.9,yes,no,81.3,67.6,72.9,74.6,C
13941,5.5,61.7,no,no,52.4,61.2,55.2,63.7,D
13942,7.7,88.1,yes,no,100.0,76.5,91.3,100.0,A
13943,2.6,93.8,yes,no,44.8,49.2,73.1,54.9,E
13944,3.9,73.9,yes,yes,42.0,56.3,49.2,51.6,E
13945,5.9,68.2,yes,yes,81.8,66.0,99.1,82.2,C
13946,4.7,68.2,yes,no,62.1,67.8,69.6,65.2,D
13947,7.2,87.6,yes,no,100.0,100.0,100.0,95.5,A
13948,4.7,97.5,yes,no,65.8,84.2,77.7,82.7,C
13949,7.4,70.0,no,yes,92.3,85.5,97.9,87.0,B
13950,1.6,55.3,yes,no,41.1,40.9,38.2,30.3,F
13951,6.5,52.1,yes,yes,72.6,80.8,96.8,79.3,C
13952,2.1,91.6,yes,no,52.5,67.1,48.1,55.3,D
13953,0.9,65.5,yes,yes,44.5,32.2,41.1,37.2,F
13954,1.3,91.2,yes,yes,33.3,58.6,59.4,42.4,E
13955,4.9,55.8,yes,no,69.2,68.6,61.8,69.0,D
13956,2.7,52.0,yes,yes,41.1,49.4,34.9,42.3,E
13957,1.6,65.5,yes,yes,46.5,44.1,48.9,42.6,E
13958,5.2,65.8,no,no,70.3,79.7,67.5,68.6,D
13959,4.2,99.9,yes,yes,64.0,82.6,67.7,65.0,D
13960,3.4,61.9,yes,yes,50.5,48.4,42.9,50.9,E
13961,4.5,87.1,no,yes,72.2,68.3,77.6,76.6,C
13962,7.0,96.0,yes,yes,100.0,81.0,100.0,100.0,A
13963,5.9,89.1,yes,yes,93.0,91.5,91.0,90.9,B
13964,4.2,98.7,yes,no,71.7,70.6,82.3,70.3,C
13965,6.7,58.4,yes,yes,87.0,86.3,54.1,71.6,C
13966,7.0,84.2,yes,no,90.0,86.0,86.9,81.7,C
13967,3.3,76.1,yes,yes,61.3,46.9,70.6,66.5,D
13968,1.6,93.5,no,yes,74.8,47.4,52.7,52.8,E
13969,1.4,87.1,yes,yes,41.5,42.0,63.5,45.3,E
13970,5.3,88.9,yes,yes,100.0,81.7,84.0,82.3,C
13971,7.5,69.3,no,yes,46.8,86.8,76.3,81.1,C
13972,0.8,83.8,yes,no,37.0,36.8,45.8,41.9,E
13973,4.2,94.1,yes,no,73.6,83.0,59.2,74.6,C
13974,2.0,59.9,yes,no,32.9,49.0,30.3,34.6,F
13975,4.5,51.6,yes,yes,50.8,44.6,45.4,53.6,E
13976,6.9,65.6,yes,yes,76.9,96.8,51.1,71.7,C
13977,6.4,93.2,yes,yes,90.8,100.0,89.2,96.0,A
13978,7.8,73.2,yes,no,90.2,85.2,94.8,89.3,B
13979,4.1,62.8,yes,no,58.5,47.9,55.4,55.3,D
13980,5.5,95.5,yes,yes,100.0,88.4,92.1,79.9,C
13981,7.2,52.1,yes,yes,100.0,100.0,83.7,88.4,B
13982,5.7,90.3,yes,yes,88.6,84.2,73.5,82.3,C
13983,7.7,90.0,yes,no,100.0,100.0,100.0,98.1,A
13984,2.3,76.0,no,yes,27.3,66.6,57.6,49.1,E
13985,1.5,63.2,yes,yes,15.1,44.2,32.5,29.8,F
13986,1.6,71.7,no,no,39.8,56.1,40.5,41.8,E
13987,6.9,67.7,no,yes,65.2,74.6,82.9,75.8,C
13988,0.9,57.1,yes,yes,35.7,26.3,27.5,30.0,F
13989,6.6,79.8,yes,no,96.9,84.0,95.7,87.8,B
13990,4.0,59.8,yes,yes,58.0,55.9,52.1,60.0,D
13991,5.7,99.8,yes,yes,73.3,75.3,78.8,80.9,C
13992,6.1,78.7,yes,yes,85.0,57.3,68.6,71.1,C
13993,3.7,55.8,yes,no,32.3,71.6,66.6,50.8,E
13994,1.6,80.7,no,yes,34.8,30.9,42.8,37.6,F
13995,5.1,69.0,yes,no,51.7,59.3,38.3,61.7,D
13996,7.7,59.3,yes,yes,93.7,93.5,100.0,94.2,B
13997,0.7,64.9,yes,no,32.6,35.0,44.9,36.1,F
13998,2.2,62.8,yes,yes,31.9,31.1,48.6,33.8,F
13999,7.1,79.1,yes,yes,88.6,89.7,96.7,85.7,B
14000,1.0,63.8,yes,yes,44.2,28.5,16.0,24.8,F
14001,0.6,52.4,yes,no,41.4,34.6,23.6,30.5,F
14002,7.1,90.9,yes,no,97.0,94.9,89.6,100.0,A
14003,6.3,64.3,yes,no,80.4,80.2,87.1,85.7,B
14004,2.4,65.2,yes,no,42.5,52.2,20.3,38.2,F
14005,7.7,71.7,yes,no,79.6,100.0,98.4,94.9,B
14006,5.8,89.7,no,no,53.0,80.9,75.5,74.2,C
14007,1.4,80.8,yes,yes,53.1,52.7,44.2,51.6,E
14008,4.0,54.4,yes,no,45.3,42.8,64.9,46.3,E
14009,7.0,73.0,yes,yes,89.7,89.9,83.8,75.5,C
14010,5.5,87.8,no,no,71.6,80.8,42.2,73.0,C
14011,4.9,52.0,yes,no,60.7,68.2,59.8,52.6,E
14012,3.6,52.0,yes,yes,47.1,36.2,38.8,42.2,E
14013,2.4,85.1,yes,yes,58.3,61.5,56.9,58.5,D
14014,5.1,75.1,no,yes,62.6,76.5,83.4,73.8,C
14015,1.7,58.2,yes,no,26.8,29.6,27.5,27.4,F
14016,6.6,83.5,yes,no,72.3,95.4,80.7,84.0,C
14017,2.1,54.1,yes,yes,31.3,23.7,26.9,38.3,F
14018,1.4,72.2,yes,no,25.1,12.6,39.0,38.0,F
14019,1.0,91.0,yes,yes,49.9,48.9,33.0,37.7,F
14020,6.6,58.9,no,no,80.3,81.9,87.0,81.5,C
14021,4.0,79.5,yes,yes,51.3,72.0,65.2,61.3,D
14022,3.5,68.5,no,no,34.0,45.6,68.8,46.4,E
14023,4.4,94.7,yes,no,91.0,70.6,73.2,81.1,C
14024,4.9,82.3,yes,yes,78.6,70.7,63.9,71.0,C
14025,7.1,68.0,yes,no,68.9,79.7,87.4,81.8,C
14026,3.1,74.5,yes,no,62.8,53.1,49.1,57.0,D
14027,1.9,76.3,yes,no,34.3,57.6,31.3,40.5,E
14028,7.0,99.2,yes,no,100.0,100.0,82.5,94.3,B
14029,4.1,87.3,yes,no,52.7,61.5,84.6,68.2,D
14030,4.8,85.7,yes,no,69.4,65.7,64.5,69.3,D
14031,1.7,99.2,no,no,61.9,70.0,58.3,58.5,D
14032,7.0,57.7,yes,no,85.3,67.1,60.5,70.0,D
14033,7.5,73.4,yes,yes,81.3,92.8,95.2,88.5,B
14034,3.9,98.1,yes,no,57.6,78.4,71.4,67.5,D
14035,0.7,92.6,yes,yes,40.5,74.0,57.0,52.6,E
14036,0.7,60.2,yes,no,27.4,30.9,30.9,36.5,F
14037,2.8,71.1,yes,yes,70.8,67.7,60.1,58.0,D
14038,4.2,59.4,yes,no,45.4,56.6,56.6,55.5,D
14039,3.7,85.0,yes,no,59.2,59.1,57.1,56.6,D
14040,4.8,80.9,yes,yes,79.8,80.2,87.1,77.4,C
14041,2.4,79.1,yes,no,40.9,58.0,50.8,52.6,E
14042,2.1,95.2,no,yes,61.2,76.4,61.8,56.1,D
14043,7.8,55.0,yes,no,100.0,96.3,86.4,94.0,B
14044,2.6,97.0,yes,yes,48.6,65.6,59.3,54.2,E
14045,7.6,74.2,yes,no,94.2,92.8,87.4,96.3,A
14046,4.8,51.4,yes,no,45.2,52.0,85.6,49.1,E
14047,1.0,95.7,yes,no,25.7,18.2,45.2,37.6,F
14048,5.0,96.6,yes,no,90.6,62.7,76.9,86.6,B
14049,7.9,97.2,no,no,99.4,100.0,100.0,100.0,A
14050,6.8,91.7,yes,yes,92.7,100.0,90.2,90.8,B
14051,2.8,63.9,yes,yes,29.9,44.6,53.3,51.8,E
14052,1.2,64.3,yes,yes,48.6,50.4,37.2,45.2,E
14053,4.0,66.4,yes,no,72.2,68.0,38.7,59.5,D
14054,1.2,61.3,yes,yes,23.2,36.2,45.2,29.4,F
14055,2.7,95.4,yes,yes,50.2,35.4,58.7,59.2,D
14056,7.4,76.7,yes,no,90.3,71.4,91.2,83.2,C
14057,5.4,63.3,yes,no,53.0,62.4,53.6,65.5,D
14058,6.4,88.6,yes,yes,57.6,74.0,90.5,82.4,C
14059,4.6,81.4,no,no,73.2,67.7,71.4,71.7,C
14060,1.8,69.0,yes,no,38.1,32.9,43.4,44.2,E
14061,1.6,95.7,yes,yes,63.0,65.1,44.1,56.8,D
14062,6.2,77.8,yes,no,85.1,86.5,84.5,84.6,C
14063,3.7,81.4,no,no,75.9,62.1,78.0,69.4,D
14064,4.2,51.6,yes,yes,45.9,41.8,44.2,44.7,E
14065,1.8,81.5,yes,yes,54.4,47.3,64.8,46.1,E
14066,3.2,70.6,no,no,77.1,60.9,51.0,45.8,E
14067,1.5,87.4,yes,no,36.5,35.6,58.9,40.8,E
14068,2.0,52.2,no,yes,37.2,42.8,32.0,39.1,F
14069,7.2,69.3,yes,yes,80.8,83.4,80.4,92.0,B
14070,5.9,53.3,yes,yes,61.9,50.4,59.4,64.5,D
14071,6.9,96.6,yes,yes,84.5,100.0,77.0,84.6,C
14072,7.1,71.0,yes,no,76.8,73.1,76.0,80.9,C
14073,4.9,57.0,yes,no,56.8,42.9,58.5,56.0,D
14074,2.8,87.2,no,no,57.4,59.0,59.9,56.3,D
14075,4.2,94.1,yes,yes,64.1,52.7,55.9,61.8,D
14076,0.6,88.8,yes,no,30.2,38.3,36.7,34.5,F
14077,6.6,92.5,yes,no,70.8,75.0,76.6,86.9,B
14078,6.5,92.3,yes,yes,99.2,100.0,90.4,92.4,B
14079,4.3,99.5,yes,no,62.0,61.0,59.7,65.3,D
14080,3.3,68.2,yes,yes,52.7,43.0,37.9,45.2,E
14081,1.8,67.4,no,no,29.0,43.4,40.8,32.9,F
14082,1.1,55.6,yes,no,12.7,35.5,23.0,26.8,F
14083,2.9,92.9,yes,yes,47.4,54.5,54.3,50.7,E
14084,7.5,96.5,yes,yes,80.9,100.0,92.4,100.0,A
14085,1.0,64.1,yes,yes,19.9,33.8,30.6,29.7,F
14086,7.6,80.8,yes,yes,85.8,72.5,93.6,89.0,B
14087,4.5,62.2,yes,no,49.7,62.3,72.6,62.1,D
14088,3.8,93.1,yes,no,65.1,66.8,62.9,67.5,D
14089,1.4,50.3,no,yes,25.8,22.6,24.2,35.5,F
14090,1.0,84.8,yes,yes,46.5,47.7,40.5,41.0,E
14091,4.6,77.1,yes,yes,40.1,46.5,45.0,60.3,D
14092,5.0,64.3,yes,yes,69.1,64.1,73.7,66.7,D
14093,3.8,96.2,yes,yes,75.4,67.6,75.2,76.9,C
14094,2.7,74.0,yes,no,33.9,50.0,28.2,41.3,E
14095,0.6,76.2,yes,yes,24.7,10.2,21.6,26.7,F
14096,2.5,54.2,yes,no,54.5,54.1,59.4,51.0,E
14097,5.9,70.6,yes,no,54.7,91.8,68.4,79.0,C
14098,5.0,58.0,yes,yes,72.4,55.8,72.8,66.6,D
14099,1.7,77.7,yes,yes,50.7,36.8,50.9,34.8,F
14100,6.5,78.9,yes,no,66.5,63.9,90.9,80.3,C
14101,1.6,62.2,yes,no,56.2,29.4,42.5,38.6,F
14102,6.5,97.2,yes,yes,93.3,74.5,83.9,84.3,C
14103,4.3,65.1,no,yes,44.9,73.4,44.5,52.5,E
14104,5.9,82.7,yes,no,85.8,75.9,94.1,84.9,C
14105,1.1,99.0,yes,no,36.0,34.8,48.4,42.1,E
14106,6.1,90.2,yes,no,94.0,94.5,100.0,92.7,B
14107,5.9,87.3,yes,yes,99.1,75.7,85.6,82.4,C
14108,1.8,53.0,yes,no,33.3,38.4,29.3,27.9,F
14109,1.5,76.2,no,no,40.6,44.4,55.3,43.7,E
14110,6.1,87.7,no,no,85.1,79.3,92.4,81.2,C
14111,3.6,83.0,yes,yes,54.5,65.1,48.9,68.5,D
14112,5.4,78.4,yes,yes,97.8,71.1,94.6,81.9,C
14113,0.6,96.1,no,no,34.4,48.7,44.7,36.7,F
14114,1.9,78.0,yes,yes,41.5,50.2,39.9,43.9,E
14115,6.1,91.9,yes,no,80.0,96.2,80.1,77.9,C
14116,2.0,94.3,yes,no,49.7,64.6,64.4,54.6,E
14117,1.1,89.3,yes,yes,41.0,44.5,62.1,49.5,E
14118,1.8,57.5,yes,yes,49.6,40.7,53.2,46.3,E
14119,6.7,88.8,yes,no,92.6,100.0,99.7,96.1,A
14120,3.1,89.4,no,yes,47.1,56.9,65.2,58.6,D
14121,4.5,83.7,yes,no,84.5,74.8,81.4,74.6,C
14122,4.8,68.6,yes,yes,47.6,70.0,96.4,72.3,C
14123,3.3,64.5,yes,yes,41.6,53.5,67.7,53.7,E
14124,1.2,82.5,yes,no,49.5,44.2,48.1,41.5,E
14125,2.4,86.5,no,yes,54.4,70.5,49.0,57.4,D
14126,1.7,96.0,no,no,57.9,73.2,53.3,45.7,E
14127,7.3,67.1,yes,yes,92.5,79.8,78.8,81.2,C
14128,6.1,64.5,no,no,74.7,63.5,63.4,65.3,D
14129,6.7,87.1,no,yes,100.0,98.1,88.9,97.8,A
14130,6.6,98.9,yes,yes,86.7,95.7,90.9,89.2,B
14131,0.5,64.5,yes,no,23.8,22.6,26.7,25.1,F
14132,6.1,63.7,yes,yes,80.0,64.2,95.3,79.6,C
14133,4.1,94.7,yes,yes,71.0,45.7,58.3,60.9,D
14134,6.3,63.2,yes,yes,63.0,84.7,72.5,68.6,D
14135,7.7,70.8,yes,no,91.2,76.5,91.7,82.2,C
14136,3.2,99.6,no,yes,68.9,58.1,73.9,68.1,D
14137,5.0,90.0,yes,no,86.8,100.0,77.7,76.8,C
14138,2.8,62.5,yes,no,66.2,63.2,71.6,57.1,D
14139,7.2,97.6,no,no,86.3,83.0,59.0,87.7,B
14140,2.4,92.2,yes,yes,80.6,52.1,80.5,64.2,D
14141,3.1,98.7,yes,yes,70.6,74.7,40.5,61.2,D
14142,7.2,70.2,yes,no,66.5,70.7,96.6,84.5,C
14143,1.3,83.4,yes,no,19.2,25.7,47.8,39.9,F
14144,4.2,69.1,yes,no,58.7,72.9,71.7,68.8,D
14145,4.9,72.1,yes,yes,69.3,57.7,83.5,69.6,D
14146,4.8,83.6,yes,no,77.4,54.5,66.6,66.0,D
14147,1.4,70.7,yes,no,29.3,37.1,36.9,32.7,F
14148,0.8,71.0,yes,yes,38.8,45.6,34.8,42.1,E
14149,3.6,77.1,yes,no,65.7,46.8,63.6,62.8,D
14150,3.9,55.4,no,yes,67.9,59.1,67.4,53.1,E
14151,7.6,99.3,no,no,100.0,82.5,100.0,100.0,A
14152,6.2,91.3,yes,yes,90.8,95.1,100.0,93.3,B
14153,5.0,74.1,yes,no,53.6,52.1,65.7,64.9,D
14154,2.1,87.8,yes,no,35.2,52.4,48.0,47.9,E
14155,7.3,99.9,yes,no,78.8,94.2,86.6,93.7,B
14156,2.0,75.8,yes,no,50.0,39.3,47.2,45.1,E
14157,7.6,86.2,yes,no,100.0,92.4,87.4,100.0,A
14158,7.6,54.2,yes,yes,98.4,92.9,86.5,92.4,B
14159,7.8,97.8,yes,yes,100.0,93.7,91.7,100.0,A
14160,2.6,58.3,yes,no,52.4,42.5,61.8,50.7,E
14161,1.5,90.0,no,no,38.8,45.5,57.4,48.3,E
14162,5.2,74.4,yes,yes,57.1,71.0,74.5,63.7,D
14163,3.7,82.2,yes,no,56.3,41.0,57.4,55.1,D
14164,3.4,79.8,yes,no,53.5,50.9,67.8,57.4,D
14165,4.7,70.8,yes,yes,45.4,75.6,70.9,63.7,D
14166,5.7,97.6,yes,yes,69.3,71.6,67.1,76.4,C
14167,3.0,65.5,yes,yes,59.0,69.0,24.0,44.9,E
14168,3.0,61.6,yes,yes,50.9,60.6,43.6,48.7,E
14169,5.1,94.7,no,no,75.3,68.2,79.7,74.2,C
14170,1.0,64.7,yes,no,16.9,15.7,43.1,25.0,F
14171,5.7,55.4,yes,yes,49.3,70.6,71.5,63.7,D
14172,6.5,57.8,yes,no,66.7,87.7,56.7,66.1,D
14173,7.1,67.9,yes,no,87.8,74.3,86.8,84.1,C
14174,6.2,93.9,yes,yes,75.6,100.0,97.5,90.0,B
14175,4.3,83.2,no,yes,68.2,69.8,68.3,59.7,D
14176,7.1,56.3,no,yes,78.9,74.4,83.0,83.8,C
14177,4.2,76.8,no,no,73.9,85.4,61.2,70.4,C
14178,6.4,81.1,yes,no,79.6,79.3,89.8,79.2,C
14179,1.0,90.4,yes,no,39.8,46.3,28.2,40.7,E
14180,5.8,78.2,yes,no,100.0,86.0,92.5,86.3,B
14181,1.1,67.2,yes,no,48.0,25.2,34.6,42.5,E
14182,0.7,99.8,yes,no,48.1,39.5,22.3,47.8,E
14183,4.3,63.0,yes,no,58.9,57.9,52.1,52.6,E
14184,1.4,98.2,yes,no,43.8,59.3,46.8,47.8,E
14185,2.9,60.5,yes,yes,46.6,33.9,30.9,38.5,F
14186,6.3,75.9,yes,yes,81.2,72.8,90.8,78.4,C
14187,4.6,55.5,yes,yes,48.5,63.1,33.2,50.0,E
14188,6.0,94.6,yes,no,89.9,100.0,98.1,92.7,B
14189,6.4,74.5,yes,yes,78.2,88.2,86.4,79.8,C
14190,4.1,94.2,no,no,76.4,74.6,78.8,76.3,C
14191,7.9,91.2,no,yes,100.0,99.5,91.1,92.9,B
14192,2.0,59.5,yes,yes,43.8,44.5,29.5,39.5,F
14193,1.1,52.9,yes,yes,11.4,39.1,30.8,32.4,F
14194,2.9,95.8,yes,no,85.2,79.0,76.0,68.7,D
14195,6.2,78.1,yes,yes,78.1,78.4,61.6,72.6,C
14196,1.2,92.6,yes,no,65.6,60.2,18.8,40.5,E
14197,4.0,84.5,yes,no,68.4,72.1,63.7,69.0,D
14198,4.8,88.5,yes,yes,86.2,67.7,69.7,74.7,C
14199,6.6,74.2,yes,yes,93.9,96.3,67.3,86.3,B
14200,6.8,86.7,yes,no,87.2,86.2,78.5,85.2,B
14201,2.3,95.9,yes,no,72.1,63.9,75.8,58.7,D
14202,2.6,85.5,yes,yes,45.0,55.3,57.4,46.8,E
14203,5.6,96.6,yes,no,82.4,91.9,87.2,81.1,C
14204,6.9,62.1,no,no,71.9,66.0,85.7,82.8,C
14205,1.8,90.1,yes,yes,40.7,48.4,19.4,42.8,E
14206,5.9,76.5,no,yes,65.7,68.6,86.5,74.6,C
14207,2.3,53.0,no,yes,30.6,29.8,15.9,30.1,F
14208,1.9,82.3,yes,yes,55.1,26.6,41.4,48.8,E
14209,3.0,81.4,yes,no,65.7,69.8,57.8,61.7,D
14210,6.5,99.5,yes,no,94.3,100.0,93.3,92.0,B
14211,6.1,82.5,yes,no,91.5,94.7,73.4,84.1,C
14212,4.1,56.5,yes,no,78.3,56.1,44.0,53.7,E
14213,5.9,99.6,yes,yes,76.6,71.2,90.5,81.0,C
14214,3.5,65.7,yes,no,84.1,43.0,79.3,59.8,D
14215,2.1,84.9,yes,no,34.0,58.0,45.4,48.0,E
14216,6.8,79.9,yes,yes,58.5,90.1,89.5,81.8,C
14217,0.9,67.8,yes,yes,46.2,34.6,32.0,34.0,F
14218,7.3,70.3,yes,no,85.6,84.0,94.0,84.8,C
14219,6.4,82.7,yes,no,62.0,87.5,82.8,77.5,C
14220,5.9,93.6,yes,yes,87.4,74.9,92.6,86.9,B
14221,4.8,97.3,yes,yes,69.0,69.1,64.0,73.1,C
14222,6.6,99.6,no,yes,88.0,97.7,78.9,83.9,C
14223,0.7,55.8,no,no,35.2,22.6,37.9,37.7,F
14224,4.9,59.4,yes,no,83.8,78.9,67.6,70.8,C
14225,2.5,60.3,yes,no,53.7,42.4,57.8,52.0,E
14226,5.3,98.7,yes,no,83.3,75.0,63.3,80.4,C
14227,5.6,54.9,yes,yes,64.8,64.9,82.5,66.6,D
14228,2.1,84.9,yes,yes,53.4,49.6,61.6,46.5,E
14229,1.7,97.9,yes,no,56.3,58.2,62.5,57.4,D
14230,4.9,78.8,no,no,76.6,71.5,63.8,66.5,D
14231,7.6,50.4,yes,yes,64.3,85.2,75.1,78.2,C
14232,5.5,53.3,no,no,73.7,63.6,68.1,72.4,C
14233,4.1,85.5,yes,yes,53.9,57.0,63.8,59.7,D
14234,7.5,69.9,yes,no,70.0,77.3,74.8,79.9,C
14235,6.6,75.3,yes,no,67.4,90.7,76.0,80.6,C
14236,6.0,52.3,yes,yes,61.0,66.3,53.1,69.6,D
14237,3.8,94.9,yes,yes,71.5,55.1,68.7,67.9,D
14238,4.2,95.3,yes,yes,71.4,62.3,63.7,66.8,D
14239,2.5,80.1,yes,yes,53.9,56.2,63.0,45.8,E
14240,6.6,73.8,yes,no,75.2,83.5,80.2,79.7,C
14241,2.6,69.7,yes,yes,51.5,46.0,17.2,41.2,E
14242,5.8,59.9,yes,yes,70.5,60.1,75.3,71.1,C
14243,7.1,97.0,yes,yes,100.0,100.0,100.0,100.0,A
14244,4.6,74.5,yes,no,58.9,63.2,50.9,57.8,D
14245,1.7,55.4,yes,yes,35.3,46.7,62.9,42.6,E
14246,0.7,89.6,yes,yes,22.7,33.3,39.7,36.8,F
14247,5.5,98.6,no,no,77.1,100.0,80.7,89.0,B
14248,2.2,64.1,no,no,27.1,22.2,50.4,36.7,F
14249,0.8,84.4,no,no,26.5,15.7,33.1,31.4,F
14250,3.1,99.8,yes,yes,65.8,53.3,58.1,59.4,D
14251,4.9,55.7,yes,no,78.8,65.6,62.6,68.9,D
14252,4.6,90.6,yes,yes,84.4,73.7,71.1,73.7,C
14253,1.8,74.9,yes,yes,19.2,54.1,35.6,50.5,E
14254,5.0,83.5,yes,no,70.1,85.1,71.6,74.7,C
14255,3.6,59.0,yes,no,58.5,61.7,51.3,61.2,D
14256,4.1,60.9,yes,yes,48.0,47.6,63.6,52.2,E
14257,7.1,77.8,yes,no,62.2,77.0,79.7,79.3,C
14258,1.1,62.5,yes,yes,40.2,37.8,45.0,30.0,F
14259,4.5,79.8,yes,yes,85.0,61.6,80.8,66.8,D
14260,1.8,54.4,no,no,29.4,31.9,23.4,32.8,F
14261,1.9,89.1,no,no,74.0,46.7,53.0,51.8,E
14262,5.1,63.7,yes,yes,44.4,73.4,67.9,67.6,D
14263,5.5,86.9,yes,yes,64.1,81.3,76.6,75.1,C
14264,5.0,58.2,yes,no,68.8,81.4,82.8,71.5,C
14265,7.4,90.0,no,yes,99.1,91.6,91.8,92.6,B
14266,6.5,50.7,yes,no,73.4,72.3,73.8,72.6,C
14267,2.0,58.5,yes,yes,28.7,28.7,40.1,39.6,F
14268,5.3,66.9,yes,no,84.0,60.7,77.0,76.6,C
14269,5.2,89.0,yes,no,87.5,78.0,72.1,81.7,C
14270,5.3,51.6,yes,yes,53.0,56.2,52.8,58.4,D
14271,3.7,87.0,no,no,64.5,66.6,45.5,68.3,D
14272,7.6,61.8,yes,no,68.3,89.8,83.5,79.6,C
14273,4.0,99.8,yes,no,87.0,68.9,83.3,81.6,C
14274,6.4,64.3,yes,no,70.8,66.9,85.1,82.7,C
14275,4.1,57.3,yes,yes,34.5,30.4,62.3,47.5,E
14276,6.4,84.2,yes,no,100.0,87.9,98.4,91.9,B
14277,3.5,63.8,yes,yes,56.0,70.9,67.0,55.1,D
14278,0.5,77.0,yes,yes,21.5,40.9,39.5,28.7,F
14279,4.2,88.6,no,no,40.9,70.7,77.3,60.2,D
14280,4.6,90.0,yes,yes,71.4,64.7,83.2,70.3,C
14281,1.4,61.0,yes,yes,37.6,25.7,29.1,37.5,F
14282,5.5,60.5,yes,no,87.1,80.6,82.4,76.0,C
14283,6.9,63.6,yes,no,66.3,100.0,96.8,89.8,B
14284,7.0,69.7,yes,yes,73.0,78.8,85.0,80.6,C
14285,3.3,87.3,yes,yes,57.8,44.0,72.6,52.3,E
14286,3.6,77.1,yes,no,66.9,63.7,71.3,68.5,D
14287,6.9,94.0,yes,no,100.0,92.8,100.0,96.6,A
14288,8.0,84.9,yes,yes,96.8,100.0,93.7,94.2,B
14289,0.9,80.7,yes,no,49.9,46.8,46.1,47.7,E
14290,1.0,76.0,yes,yes,53.0,58.4,43.7,46.9,E
14291,0.9,70.6,yes,yes,21.0,39.9,24.4,33.2,F
14292,4.0,67.3,yes,yes,52.6,55.1,53.7,49.2,E
14293,6.4,58.7,yes,yes,71.9,80.2,85.3,68.1,D
14294,1.2,63.5,yes,no,64.2,56.1,41.6,43.2,E
14295,5.7,95.0,yes,no,53.3,71.7,77.5,74.1,C
14296,1.8,91.5,yes,no,54.0,46.8,49.7,57.9,D
14297,0.7,50.2,yes,no,27.3,19.6,4.2,21.9,F
14298,5.0,61.2,yes,no,67.1,54.2,58.4,58.3,D
14299,5.0,90.4,yes,no,82.3,98.2,78.0,84.4,C
14300,2.6,79.3,yes,yes,53.3,61.2,47.0,56.7,D
14301,2.9,53.6,no,no,33.2,19.0,18.7,35.4,F
14302,3.2,90.4,yes,no,82.7,60.8,53.3,68.6,D
14303,7.5,87.7,yes,no,99.5,94.9,100.0,100.0,A
14304,7.0,64.1,yes,no,65.9,81.3,92.0,73.1,C
14305,4.5,87.2,yes,no,60.3,61.2,61.0,66.4,D
14306,7.7,94.3,no,yes,92.6,100.0,100.0,100.0,A
14307,4.9,82.4,yes,yes,80.0,60.2,62.2,71.7,C
14308,1.3,87.2,yes,no,51.1,20.8,33.2,40.2,E
14309,4.2,52.4,yes,no,29.0,47.9,31.1,46.0,E
14310,7.2,78.3,yes,no,74.1,61.0,75.8,79.2,C
14311,5.5,87.7,no,yes,80.3,72.2,51.9,74.6,C
14312,7.6,73.1,yes,no,94.2,93.6,81.5,91.6,B
14313,4.5,70.2,yes,no,61.9,75.5,60.7,64.9,D
14314,7.3,78.1,yes,no,93.2,92.5,79.3,84.8,C
14315,6.2,83.7,no,no,88.6,62.8,78.8,74.6,C
14316,6.7,90.8,yes,no,77.0,73.7,91.1,84.1,C
14317,7.9,90.8,yes,yes,84.1,87.3,98.4,100.0,A
14318,2.8,85.2,yes,yes,45.9,41.0,57.6,46.9,E
14319,5.2,99.2,yes,no,63.2,87.4,56.0,74.0,C
14320,2.4,76.9,yes,no,62.6,84.9,62.7,55.4,D
14321,6.9,72.2,yes,no,64.3,77.2,73.0,74.6,C
14322,4.9,66.5,no,no,86.6,65.5,51.1,66.9,D
14323,1.8,56.2,yes,yes,32.0,40.3,51.5,43.5,E
14324,3.7,61.1,yes,yes,55.6,49.4,59.7,56.8,D
14325,1.9,65.3,yes,no,47.2,25.7,39.8,45.2,E
14326,3.9,75.3,yes,yes,47.5,66.9,64.4,54.0,E
14327,1.1,99.9,yes,yes,38.0,44.5,40.1,39.8,F
14328,7.7,88.8,no,no,100.0,95.1,100.0,98.1,A
14329,5.0,94.4,yes,no,100.0,88.1,87.2,83.6,C
14330,7.9,59.1,yes,no,96.1,96.3,81.5,92.5,B
14331,1.8,51.2,yes,no,26.8,36.6,9.6,26.1,F
14332,3.4,50.1,no,yes,50.0,40.8,26.5,37.4,F
14333,7.5,75.1,yes,no,89.1,80.9,85.2,82.2,C
14334,5.7,55.9,yes,yes,89.9,78.3,72.0,77.5,C
14335,1.0,59.5,yes,yes,16.6,17.2,28.5,25.0,F
14336,7.1,58.9,no,yes,57.7,62.1,66.3,72.0,C
14337,1.9,85.7,yes,no,67.4,58.3,32.6,50.1,E
14338,2.5,97.7,yes,no,73.1,87.2,72.4,68.1,D
14339,6.0,56.1,yes,no,61.7,58.1,76.2,67.2,D
14340,5.8,55.3,yes,yes,54.3,49.2,63.5,65.2,D
14341,5.5,66.5,yes,yes,75.4,64.6,76.9,79.5,C
14342,0.5,81.9,yes,yes,59.1,34.7,49.7,40.2,E
14343,2.4,68.5,yes,yes,25.5,30.5,43.5,37.7,F
14344,3.1,63.9,yes,no,69.8,60.2,63.9,51.3,E
14345,3.5,55.8,yes,yes,36.5,54.0,52.1,42.4,E
14346,1.1,72.9,yes,yes,44.4,61.6,38.0,44.4,E
14347,5.6,51.8,yes,no,69.5,83.0,65.5,69.3,D
14348,7.2,81.4,yes,no,92.4,96.8,91.2,90.9,B
14349,7.9,91.2,yes,no,84.9,89.3,97.7,100.0,A
14350,6.5,98.4,yes,yes,100.0,88.3,80.7,85.5,B
14351,2.0,66.1,yes,no,51.6,37.5,49.3,44.3,E
14352,4.3,91.3,yes,no,74.4,43.9,68.0,66.1,D
14353,7.4,75.3,yes,yes,83.8,82.4,77.5,82.7,C
14354,1.0,63.4,yes,no,27.3,19.4,13.7,24.6,F
14355,2.2,54.8,yes,no,54.0,37.3,51.2,49.3,E
14356,2.5,72.3,no,yes,44.9,36.2,35.1,41.3,E
14357,5.1,93.4,yes,yes,74.9,100.0,78.2,83.7,C
14358,7.6,97.4,yes,yes,93.5,100.0,91.7,100.0,A
14359,4.1,73.1,yes,no,76.2,85.0,62.5,66.3,D
14360,4.7,88.7,yes,yes,85.3,72.5,65.3,71.1,C
14361,5.3,60.6,yes,no,57.0,48.4,75.7,64.9,D
14362,6.9,87.2,yes,yes,85.0,69.3,84.7,87.3,B
14363,2.6,51.1,yes,yes,30.5,20.0,18.7,33.1,F
14364,5.2,70.9,yes,yes,69.6,83.4,61.5,60.7,D
14365,7.4,88.5,yes,no,91.7,94.9,100.0,93.0,B
14366,7.5,68.3,yes,no,83.8,90.0,86.2,87.0,B
14367,3.4,55.2,yes,no,34.3,42.1,40.3,42.1,E
14368,1.3,98.6,yes,yes,60.2,55.0,34.3,50.7,E
14369,7.4,64.9,yes,yes,77.2,66.2,75.9,77.7,C
14370,7.4,52.1,yes,no,73.2,72.5,69.4,76.3,C
14371,1.2,70.4,no,yes,32.3,14.0,15.0,33.0,F
14372,1.1,84.8,yes,no,59.8,47.3,33.3,43.7,E
14373,1.9,69.2,yes,no,49.9,52.2,59.2,47.0,E
14374,5.4,95.0,yes,yes,91.4,68.5,85.5,76.2,C
14375,2.8,60.7,yes,no,30.8,19.7,52.8,40.2,E
14376,2.3,78.9,yes,yes,41.9,36.9,40.7,40.3,E
14377,6.5,55.3,yes,no,66.6,76.8,46.7,67.6,D
14378,2.3,55.9,yes,no,73.6,33.5,49.6,46.8,E
14379,7.7,59.8,yes,yes,92.9,82.8,100.0,92.6,B
14380,3.8,60.9,no,no,53.2,60.8,49.5,61.7,D
14381,3.7,83.0,yes,yes,66.8,63.8,46.2,63.1,D
14382,7.6,92.4,yes,yes,100.0,100.0,89.6,100.0,A
14383,1.4,93.3,yes,yes,61.9,60.8,52.2,46.2,E
14384,1.4,81.4,no,yes,44.1,39.2,26.3,47.8,E
14385,3.8,70.3,yes,no,81.7,56.6,73.3,68.1,D
14386,4.9,63.2,yes,no,62.4,55.5,56.1,60.4,D
14387,4.3,64.7,no,no,58.4,42.0,52.1,53.0,E
14388,7.7,72.6,yes,no,98.5,82.4,96.0,91.4,B
14389,7.9,81.4,yes,no,88.5,87.4,85.0,88.8,B
14390,0.8,77.8,no,yes,33.0,40.3,45.6,47.0,E
14391,1.7,88.1,yes,yes,56.4,64.8,54.3,53.9,E
14392,4.7,56.4,yes,yes,55.8,47.8,70.6,60.4,D
14393,7.6,55.6,yes,yes,75.5,85.4,85.5,86.6,B
14394,2.6,99.5,yes,no,59.5,42.0,41.0,57.3,D
14395,3.3,65.8,yes,no,48.0,59.9,59.8,57.1,D
14396,2.2,98.6,yes,no,55.9,56.5,59.6,53.9,E
14397,7.8,64.5,yes,no,95.2,100.0,100.0,94.4,B
14398,1.7,53.2,no,no,25.2,36.7,28.3,26.6,F
14399,4.7,75.4,no,yes,60.9,53.7,79.1,70.1,C
14400,0.7,59.9,yes,yes,17.8,36.7,32.2,31.4,F
14401,5.0,95.0,yes,no,71.0,66.8,70.6,68.7,D
14402,3.4,71.6,yes,yes,63.7,56.4,63.7,50.9,E
14403,4.7,72.0,yes,no,75.1,59.2,87.3,67.0,D
14404,1.1,69.5,yes,no,17.2,38.0,35.0,29.6,F
14405,1.2,55.6,yes,no,24.5,27.7,41.2,28.2,F
14406,1.2,81.2,yes,yes,35.6,32.2,12.1,38.0,F
14407,6.8,57.7,yes,no,57.5,59.1,58.6,69.8,D
14408,5.9,82.0,yes,yes,70.6,63.1,69.9,76.2,C
14409,1.5,70.0,yes,no,24.3,25.0,37.5,33.7,F
14410,2.9,92.7,yes,yes,82.3,62.1,55.5,66.3,D
14411,3.8,76.0,yes,yes,59.3,66.0,52.6,57.1,D
14412,1.2,94.4,no,no,69.6,67.2,55.8,54.7,E
14413,6.8,51.3,yes,yes,81.9,67.5,89.1,78.9,C
14414,3.2,86.3,yes,yes,84.3,64.9,71.2,69.8,D
14415,5.5,77.9,yes,no,70.1,74.4,90.4,83.8,C
14416,5.3,58.4,yes,no,84.6,57.3,69.5,71.6,C
14417,7.4,55.3,yes,no,85.6,87.8,80.5,86.5,B
14418,6.1,86.9,yes,yes,85.6,97.4,100.0,86.6,B
14419,0.8,68.8,yes,yes,36.7,34.5,28.1,26.3,F
14420,1.7,53.8,yes,no,44.1,45.7,32.7,44.5,E
14421,3.8,84.8,yes,no,62.1,59.3,55.0,57.0,D
14422,1.2,64.5,yes,yes,29.9,33.5,48.8,38.8,F
14423,3.4,65.0,yes,yes,65.4,46.6,32.8,46.1,E
14424,7.8,54.1,yes,no,68.6,66.3,66.9,76.5,C
14425,2.0,71.1,yes,yes,37.8,65.1,38.1,48.4,E
14426,5.8,95.7,yes,yes,76.3,100.0,88.2,85.0,C
14427,2.4,93.0,yes,yes,47.5,53.1,54.2,59.8,D
14428,0.8,66.6,yes,yes,21.2,45.4,26.2,39.2,F
14429,1.2,65.3,yes,no,28.4,30.5,15.1,27.5,F
14430,1.3,93.3,no,yes,42.8,60.0,65.7,54.9,E
14431,2.7,87.0,no,yes,41.1,42.0,47.7,48.0,E
14432,7.7,60.2,yes,yes,72.6,78.5,97.4,93.7,B
14433,5.2,94.9,yes,yes,98.6,94.5,80.5,82.8,C
14434,1.4,95.6,yes,yes,54.3,60.3,35.0,49.1,E
14435,1.0,67.0,yes,yes,13.2,31.5,41.4,34.1,F
14436,7.8,94.6,yes,yes,88.9,72.1,84.8,90.6,B
14437,1.8,83.2,yes,no,43.4,33.4,49.8,45.3,E
14438,2.5,93.8,yes,no,48.2,55.4,45.3,49.7,E
14439,6.8,69.3,yes,yes,88.2,84.0,76.8,84.6,C
14440,4.7,69.9,no,no,54.6,62.7,73.7,69.7,D
14441,2.2,75.1,yes,yes,46.8,54.2,51.8,56.6,D
14442,5.5,63.2,no,yes,69.4,69.1,93.4,74.6,C
14443,3.3,76.9,yes,yes,71.8,82.4,78.2,66.6,D
14444,4.9,75.5,yes,no,60.4,44.5,50.5,64.0,D
14445,1.2,59.4,yes,yes,39.2,44.3,38.0,37.1,F
14446,7.1,94.8,yes,yes,77.3,87.0,87.4,89.9,B
14447,5.0,55.2,yes,yes,48.1,59.9,48.3,55.4,D
14448,0.5,94.1,yes,no,48.9,41.1,32.7,41.8,E
14449,4.7,76.9,yes,yes,73.9,75.0,63.9,68.5,D
14450,3.2,74.1,no,yes,67.0,71.3,78.6,64.0,D
14451,7.3,92.9,yes,yes,100.0,84.4,100.0,97.9,A
14452,1.5,72.7,yes,yes,44.8,41.0,39.9,39.0,F
14453,3.0,65.1,yes,no,47.7,44.9,39.4,52.8,E
14454,6.2,57.9,no,no,70.3,46.5,28.6,64.7,D
14455,2.2,84.4,yes,yes,60.8,69.5,49.0,59.6,D
14456,2.8,91.7,yes,yes,52.4,73.0,69.1,55.0,D
14457,6.3,75.5,yes,no,71.0,73.0,70.5,74.8,C
14458,5.8,64.1,yes,yes,81.7,59.9,65.3,71.1,C
14459,3.2,97.0,yes,yes,72.6,75.2,72.4,65.1,D
14460,4.0,82.3,yes,no,63.2,57.8,68.2,67.9,D
14461,4.6,77.2,yes,no,64.6,54.2,63.8,71.3,C
14462,7.2,89.6,yes,yes,84.8,78.1,94.6,90.1,B
14463,5.5,66.7,yes,yes,80.8,94.6,78.7,73.3,C
14464,4.9,86.8,yes,no,58.7,80.8,91.3,68.5,D
14465,6.6,67.5,yes,no,84.1,93.8,98.2,85.2,B
14466,2.8,62.9,yes,no,53.8,43.0,43.9,47.4,E
14467,3.8,61.6,yes,no,52.8,34.8,48.5,48.6,E
14468,5.6,94.2,no,yes,81.5,71.1,63.7,76.8,C
14469,3.5,90.3,no,no,56.3,73.1,69.2,71.3,C
14470,4.1,60.4,yes,yes,70.4,82.5,71.3,66.4,D
14471,1.7,53.5,yes,yes,34.5,40.4,41.7,42.0,E
14472,5.1,57.7,yes,no,61.1,66.6,53.9,65.6,D
14473,5.3,65.4,yes,no,43.3,47.9,52.6,59.0,D
14474,6.9,80.5,yes,no,88.1,65.9,71.1,78.2,C
14475,1.1,83.3,no,yes,47.6,25.1,48.1,42.1,E
14476,7.2,55.7,yes,no,73.0,53.0,85.3,79.6,C
14477,1.1,72.7,no,yes,50.1,49.2,47.0,46.1,E
14478,6.1,76.0,yes,yes,83.7,100.0,80.5,75.7,C
14479,4.9,63.0,no,no,73.9,74.8,58.2,61.3,D
14480,3.5,86.5,yes,no,65.9,65.6,51.6,60.4,D
14481,7.4,79.8,yes,yes,87.2,100.0,89.4,91.8,B
14482,3.9,86.5,yes,yes,54.1,66.0,65.7,64.8,D
14483,0.7,84.9,no,yes,67.2,51.4,48.0,45.5,E
14484,4.4,94.8,no,yes,67.7,79.5,65.1,71.0,C
14485,4.5,83.7,no,no,78.3,79.0,61.2,78.5,C
14486,6.1,90.0,yes,yes,84.1,60.6,81.8,79.9,C
14487,3.2,75.5,yes,yes,65.4,66.5,37.8,56.5,D
14488,1.1,61.9,yes,no,30.6,24.5,28.3,32.2,F
14489,3.1,54.5,yes,yes,49.3,31.5,23.2,39.4,F
14490,5.0,74.5,yes,no,100.0,76.6,90.2,79.4,C
14491,4.6,89.9,yes,yes,74.5,77.4,84.5,76.9,C
14492,6.9,79.2,yes,no,92.2,95.1,94.5,86.1,B
14493,2.5,51.3,yes,yes,25.1,47.1,21.3,33.9,F
14494,4.8,62.0,yes,no,67.4,74.6,55.9,70.7,C
14495,7.8,72.1,yes,yes,81.1,97.0,100.0,88.4,B
14496,2.9,70.1,no,yes,37.6,47.9,48.4,47.5,E
14497,3.8,84.9,no,yes,44.9,44.7,35.5,54.7,E
14498,8.0,58.8,yes,no,100.0,100.0,90.9,95.4,A
14499,1.6,68.5,yes,no,56.8,27.2,30.1,39.2,F
14500,4.8,76.8,no,yes,85.8,60.0,79.5,72.5,C
14501,3.3,99.2,yes,yes,63.3,63.2,52.5,64.0,D
14502,0.8,96.3,yes,yes,63.3,52.9,49.2,54.5,E
14503,6.2,69.1,yes,no,57.6,72.1,77.3,70.8,C
14504,2.0,66.7,yes,no,23.3,67.3,52.2,50.1,E
14505,7.2,97.5,yes,yes,96.2,96.5,94.3,99.1,A
14506,3.6,93.1,yes,yes,74.7,62.3,61.3,72.3,C
14507,1.6,85.5,yes,no,43.5,50.1,48.1,45.8,E
14508,2.3,81.1,yes,no,46.0,61.1,24.4,43.5,E
14509,6.7,86.4,yes,yes,89.6,98.0,91.6,88.5,B
14510,3.3,85.5,yes,yes,61.3,66.9,65.6,65.6,D
14511,2.4,91.8,yes,yes,50.3,53.2,50.7,54.3,E
14512,2.4,86.2,yes,no,63.9,69.1,49.5,59.8,D
14513,4.9,82.5,yes,no,97.6,66.4,82.5,79.3,C
14514,2.4,96.8,yes,yes,60.6,59.6,66.3,64.1,D
14515,7.5,97.0,no,yes,100.0,88.2,88.8,97.8,A
14516,0.9,70.8,yes,yes,26.7,49.9,8.7,33.0,F
14517,1.7,99.9,yes,yes,46.3,74.9,53.3,53.1,E
14518,3.7,69.7,yes,no,63.6,68.8,65.6,54.5,E
14519,2.1,62.4,yes,no,52.1,33.4,32.4,35.8,F
14520,6.3,60.4,no,no,61.4,54.8,67.2,70.9,C
14521,7.4,55.9,yes,yes,62.6,83.1,83.5,81.4,C
14522,5.0,68.2,yes,yes,65.6,62.7,60.5,69.1,D
14523,6.9,98.4,yes,yes,100.0,99.8,97.1,100.0,A
14524,6.5,66.2,yes,yes,86.2,83.4,92.0,82.1,C
14525,1.7,96.0,no,yes,32.7,63.4,51.1,49.3,E
14526,1.1,55.4,yes,no,18.0,25.1,40.6,23.8,F
14527,5.2,57.3,yes,yes,74.5,75.3,73.2,71.6,C
14528,7.9,58.2,yes,yes,94.4,96.9,88.8,82.9,C
14529,6.7,77.5,yes,no,90.8,96.8,88.1,93.4,B
14530,5.1,99.6,yes,no,81.3,69.1,71.8,74.5,C
14531,1.3,60.2,yes,no,42.7,23.7,36.7,35.0,F
14532,6.3,66.7,no,yes,82.7,85.6,93.3,81.2,C
14533,5.6,92.7,yes,no,73.4,83.4,73.8,75.4,C
14534,7.5,76.6,yes,yes,90.3,87.3,91.9,83.1,C
14535,5.8,67.2,yes,yes,65.8,74.6,82.1,69.8,D
14536,1.3,71.1,yes,no,42.8,67.0,68.0,48.5,E
14537,5.1,86.8,yes,yes,59.4,76.1,75.6,73.9,C
14538,3.5,68.1,yes,yes,27.7,50.7,55.8,51.9,E
14539,3.7,83.1,yes,no,46.7,73.4,54.9,60.2,D
14540,5.2,90.0,yes,no,87.2,87.9,90.9,87.5,B
14541,7.2,52.8,yes,yes,83.5,68.8,75.6,70.5,C
14542,6.2,87.5,yes,yes,79.1,83.2,73.5,74.9,C
14543,0.7,97.2,yes,no,58.4,37.2,32.3,45.5,E
14544,1.6,54.0,yes,no,36.2,21.8,34.6,38.2,F
14545,3.2,54.1,yes,yes,42.8,48.4,14.4,39.6,F
14546,5.6,80.8,yes,no,64.1,88.1,68.0,69.1,D
14547,5.3,83.8,yes,yes,56.8,98.2,67.2,78.1,C
14548,4.3,73.1,yes,no,58.9,64.8,75.2,71.2,C
14549,3.7,96.8,yes,yes,58.9,63.6,87.5,64.9,D
14550,6.4,56.3,yes,no,74.8,53.5,81.4,72.1,C
14551,1.2,55.9,yes,yes,8.8,21.5,16.2,23.4,F
14552,5.0,50.5,yes,yes,71.2,98.1,78.8,67.7,D
14553,6.6,91.1,yes,no,85.4,76.0,84.4,81.4,C
14554,2.5,54.5,yes,yes,24.2,59.0,45.3,39.0,F
14555,2.0,80.2,yes,no,48.3,27.7,39.6,41.5,E
14556,5.6,96.5,yes,yes,78.9,83.3,91.0,80.9,C
14557,1.8,52.6,yes,yes,29.8,45.7,35.9,44.1,E
14558,4.2,55.9,yes,no,59.2,69.8,41.2,59.5,D
14559,7.4,93.6,yes,no,79.7,87.4,85.4,91.5,B
14560,1.0,63.9,yes,yes,53.1,22.9,45.1,41.7,E
14561,7.3,71.1,yes,yes,69.8,100.0,82.5,88.2,B
14562,1.9,79.0,no,no,57.8,39.0,56.6,48.4,E
14563,4.1,85.8,yes,yes,80.5,54.2,66.2,64.2,D
14564,1.5,59.2,yes,yes,43.7,23.7,24.5,29.6,F
14565,5.8,93.7,no,yes,100.0,78.0,90.5,89.9,B
14566,8.0,88.7,yes,yes,95.5,90.2,68.6,100.0,A
14567,2.8,54.5,yes,yes,37.7,37.3,44.3,38.2,F
14568,7.4,55.4,yes,no,73.6,81.6,74.5,72.1,C
14569,6.0,85.4,no,no,70.5,80.7,75.1,83.2,C
14570,7.7,73.6,yes,no,100.0,87.1,100.0,99.7,A
14571,5.5,72.6,yes,no,76.1,54.8,64.9,69.7,D
14572,5.6,60.9,yes,yes,75.1,82.3,73.3,71.7,C
14573,7.6,85.6,yes,no,72.0,78.5,84.4,88.0,B
14574,6.0,55.7,yes,yes,84.0,81.5,58.9,76.4,C
14575,6.9,68.7,yes,yes,88.2,80.5,80.8,84.2,C
14576,2.6,86.1,yes,no,48.2,61.3,38.6,56.5,D
14577,1.8,99.0,yes,yes,54.1,60.7,54.2,53.8,E
14578,5.3,60.6,yes,no,86.1,74.1,71.2,70.5,C
14579,2.4,81.8,yes,no,53.4,41.8,51.2,47.1,E
14580,3.7,53.2,yes,yes,71.4,58.6,50.8,58.3,D
14581,6.9,63.3,yes,yes,100.0,79.8,73.5,83.9,C
14582,5.2,54.8,yes,no,61.2,75.6,67.8,64.2,D
14583,7.6,91.5,yes,no,96.7,100.0,77.4,100.0,A
14584,3.2,70.9,yes,no,56.3,39.9,57.8,56.1,D
14585,2.6,94.6,yes,no,46.1,76.3,78.8,67.4,D
14586,2.1,52.0,no,yes,40.6,34.8,26.6,31.0,F
14587,7.8,84.9,yes,no,93.0,66.8,100.0,89.0,B
14588,3.7,75.7,yes,yes,45.9,46.2,56.9,53.6,E
14589,7.4,84.7,yes,no,97.4,100.0,100.0,99.9,A
14590,3.1,98.3,yes,no,52.5,68.6,71.6,66.2,D
14591,2.7,98.6,no,no,81.7,84.0,67.7,70.9,C
14592,6.3,91.5,yes,yes,80.4,86.1,79.6,80.4,C
14593,5.1,60.5,no,yes,71.8,69.6,60.1,66.2,D
14594,4.4,88.0,yes,no,63.2,68.5,54.5,62.8,D
14595,3.8,97.9,yes,yes,93.9,73.2,81.6,77.1,C
14596,4.0,67.3,yes,no,55.4,76.3,64.9,65.9,D
14597,6.8,67.5,yes,yes,77.6,88.6,79.8,87.3,B
14598,1.6,73.9,no,no,24.2,39.5,48.7,37.1,F
14599,0.9,84.8,no,yes,48.5,53.7,44.7,40.1,E
14600,0.5,62.4,yes,yes,16.3,45.3,9.7,36.2,F
14601,4.2,57.9,no,yes,41.3,64.2,65.2,59.5,D
14602,6.6,64.3,no,yes,63.9,63.9,62.9,70.4,C
14603,5.5,82.3,yes,no,92.5,78.9,93.2,83.1,C
14604,7.9,52.1,no,yes,89.6,81.8,90.1,81.7,C
14605,5.1,96.4,yes,yes,60.3,54.4,83.1,71.6,C
14606,4.3,77.9,yes,no,45.4,71.3,71.2,64.6,D
14607,4.9,55.3,yes,no,69.6,48.7,64.5,52.4,E
14608,7.1,86.2,no,yes,77.4,86.1,60.6,82.7,C
14609,0.6,64.3,yes,yes,36.8,22.0,11.9,28.3,F
14610,4.0,88.3,yes,no,82.3,89.2,82.8,73.7,C
14611,3.6,94.0,yes,no,47.1,44.3,44.0,57.7,D
14612,7.6,75.2,yes,yes,85.0,64.1,85.7,89.3,B
14613,1.9,59.2,yes,yes,48.6,50.6,49.1,40.4,E
14614,0.7,73.6,yes,no,40.6,27.0,68.0,42.6,E
14615,5.2,78.6,yes,no,60.1,64.8,77.7,74.6,C
14616,5.2,68.0,no,yes,68.3,49.2,70.4,69.3,D
14617,2.9,88.5,yes,yes,52.9,68.6,37.2,57.6,D
14618,4.5,63.6,yes,yes,72.0,70.3,66.3,62.4,D
14619,5.0,92.1,yes,yes,85.9,87.7,78.3,78.6,C
14620,3.1,71.9,yes,yes,52.7,75.2,72.0,62.9,D
14621,3.7,79.3,yes,yes,62.1,68.7,66.3,60.7,D
14622,1.6,52.8,no,no,9.4,23.7,37.0,27.4,F
14623,6.3,60.5,no,no,63.3,74.7,62.0,72.8,C
14624,3.4,71.9,yes,no,75.1,67.0,66.9,59.0,D
14625,5.3,86.9,no,yes,74.0,77.2,67.2,73.2,C
14626,3.7,98.6,yes,yes,88.7,67.5,63.6,74.7,C
14627,1.7,53.6,yes,no,46.1,43.4,39.5,42.9,E
14628,5.8,96.8,yes,no,93.5,88.5,87.3,87.1,B
14629,3.6,65.4,yes,yes,64.6,73.1,65.7,63.8,D
14630,1.9,99.1,yes,no,26.8,49.5,34.2,46.9,E
14631,7.5,52.2,yes,yes,82.8,81.2,90.6,78.6,C
14632,7.2,75.4,yes,yes,92.2,71.9,87.6,79.5,C
14633,6.0,88.9,no,no,93.4,89.5,96.4,85.3,B
14634,4.8,67.5,no,no,49.8,65.9,86.2,69.8,D
14635,5.2,98.7,yes,yes,82.4,79.5,68.6,73.9,C
14636,3.2,96.2,yes,yes,53.5,53.4,68.8,54.8,E
14637,2.5,66.6,yes,no,51.6,47.9,50.9,56.0,D
14638,4.9,50.2,no,no,63.0,64.1,69.4,66.4,D
14639,6.1,58.8,yes,no,66.5,60.7,74.5,66.1,D
14640,4.2,51.6,yes,yes,44.5,48.5,52.3,52.6,E
14641,7.2,84.0,no,yes,82.3,81.4,90.3,82.3,C
14642,3.4,57.1,yes,no,52.6,45.8,38.1,46.2,E
14643,3.3,74.0,yes,no,54.1,35.1,51.0,50.4,E
14644,3.7,59.4,yes,yes,58.0,64.9,58.8,52.4,E
14645,5.8,93.3,yes,no,91.5,71.8,80.0,76.8,C
14646,0.7,64.7,yes,no,41.5,57.3,27.8,41.3,E
14647,3.2,84.9,no,yes,57.7,56.7,46.2,51.8,E
14648,6.1,79.3,yes,no,80.3,73.7,80.7,85.1,B
14649,4.7,68.8,yes,no,65.0,52.5,64.9,61.3,D
14650,2.8,88.0,yes,yes,69.0,68.6,82.8,65.3,D
14651,5.4,55.7,yes,no,47.3,46.8,42.9,56.6,D
14652,7.3,85.5,yes,no,94.1,100.0,89.5,99.0,A
14653,4.3,59.0,yes,no,42.7,58.7,68.7,52.9,E
14654,6.0,54.1,yes,yes,78.5,99.6,86.3,77.0,C
14655,2.0,98.4,yes,yes,55.5,61.0,58.0,56.1,D
14656,4.0,58.6,yes,yes,57.4,37.4,51.0,46.7,E
14657,2.7,63.2,yes,no,46.9,46.9,45.9,39.5,F
14658,7.9,50.5,yes,no,90.7,89.1,90.1,88.1,B
14659,2.1,83.8,yes,yes,57.9,50.6,51.3,50.3,E
14660,7.6,88.0,yes,no,100.0,100.0,100.0,100.0,A
14661,3.6,51.0,no,yes,57.2,39.0,31.2,47.4,E
14662,4.2,75.9,yes,yes,83.3,78.0,85.4,72.9,C
14663,4.4,92.4,yes,yes,87.3,73.5,54.8,67.5,D
14664,2.3,89.4,yes,no,59.5,53.8,65.2,50.5,E
14665,2.3,90.2,yes,no,44.1,35.3,53.3,54.6,E
14666,3.3,53.4,yes,no,56.4,43.5,40.1,42.5,E
14667,6.1,64.1,yes,yes,65.3,56.7,58.6,70.8,C
14668,5.8,76.1,yes,no,91.9,59.6,81.6,72.6,C
14669,8.0,75.5,yes,no,97.4,88.8,100.0,100.0,A
14670,1.2,87.9,yes,no,66.8,47.8,49.2,50.0,E
14671,6.2,96.0,yes,no,70.4,77.4,71.4,80.2,C
14672,2.0,85.8,no,yes,58.9,58.1,53.0,42.8,E
14673,4.3,74.1,yes,no,88.6,78.9,68.0,70.2,C
14674,2.0,79.5,no,yes,69.4,61.3,44.8,49.0,E
14675,7.5,50.2,yes,no,89.8,83.0,86.4,74.2,C
14676,4.3,72.5,yes,no,66.9,50.8,68.4,62.6,D
14677,4.0,55.7,yes,yes,65.5,56.3,87.8,63.5,D
14678,2.8,86.6,yes,no,65.9,35.5,63.2,62.0,D
14679,3.9,89.1,yes,no,60.6,69.7,91.4,69.8,D
14680,1.3,100.0,yes,no,55.2,70.4,61.1,55.6,D
14681,5.6,73.1,no,no,94.4,83.6,90.8,83.0,C
14682,4.8,54.4,yes,yes,80.8,50.7,63.2,62.0,D
14683,1.2,56.9,yes,no,35.2,28.8,43.1,37.0,F
14684,1.3,95.4,yes,no,46.5,52.9,58.4,48.1,E
14685,2.7,59.8,yes,no,69.0,46.5,51.8,51.3,E
14686,4.0,68.2,yes,yes,62.2,71.9,56.3,62.4,D
14687,2.2,56.7,yes,no,32.4,47.3,34.0,39.1,F
14688,1.5,90.9,yes,yes,70.6,54.9,60.7,57.4,D
14689,1.2,65.1,yes,no,33.3,20.5,29.1,31.7,F
14690,2.8,68.6,yes,yes,63.5,63.9,60.1,58.3,D
14691,5.2,87.1,yes,yes,69.7,63.8,77.5,70.4,C
14692,5.6,79.9,yes,no,89.3,88.0,87.5,82.9,C
14693,2.6,79.8,yes,yes,43.1,59.7,63.7,53.5,E
14694,3.8,52.5,yes,no,51.2,47.7,54.9,53.0,E
14695,5.2,60.9,yes,no,62.4,76.8,52.5,60.8,D
14696,3.2,63.8,no,yes,46.0,47.8,46.6,50.4,E
14697,7.8,99.7,yes,yes,100.0,100.0,100.0,100.0,A
14698,5.7,61.2,yes,no,95.3,85.0,89.2,77.0,C
14699,4.8,68.7,yes,no,78.1,67.6,72.2,70.5,C
14700,4.2,59.6,yes,yes,57.5,46.2,51.3,57.9,D
14701,4.2,73.7,yes,no,66.0,70.2,75.1,69.8,D
14702,2.7,50.0,yes,yes,27.6,53.8,61.1,45.8,E
14703,1.1,90.2,yes,no,46.7,52.6,57.5,54.5,E
14704,6.8,94.1,no,yes,83.1,82.8,77.0,86.3,B
14705,7.3,74.5,yes,yes,93.3,90.0,70.6,85.3,B
14706,7.8,92.3,yes,yes,93.2,100.0,100.0,100.0,A
14707,3.5,50.2,yes,no,62.4,48.7,57.6,56.2,D
14708,7.6,71.9,yes,yes,100.0,79.2,83.2,93.5,B
14709,5.8,58.5,no,yes,65.6,77.2,68.1,71.2,C
14710,3.7,69.5,yes,no,56.6,45.7,73.7,53.2,E
14711,7.4,71.1,yes,no,100.0,86.9,100.0,91.7,B
14712,7.8,83.9,yes,yes,100.0,100.0,98.4,99.6,A
14713,4.5,90.1,yes,yes,79.4,100.0,69.6,79.2,C
14714,6.3,97.1,yes,yes,84.3,100.0,100.0,88.1,B
14715,6.3,65.0,yes,yes,63.1,69.1,78.5,68.8,D
14716,5.1,84.5,yes,yes,55.1,82.2,68.5,67.3,D
14717,3.7,91.9,yes,yes,66.5,58.5,46.8,72.5,C
14718,1.5,70.0,yes,no,30.9,29.7,33.9,32.2,F
14719,8.0,78.0,yes,no,100.0,92.2,100.0,96.4,A
14720,1.0,84.3,yes,yes,52.3,34.5,38.3,40.3,E
14721,1.5,53.9,yes,no,17.1,31.7,22.8,29.7,F
14722,3.3,81.1,yes,no,53.8,69.2,53.9,65.3,D
14723,3.5,77.1,yes,no,64.4,47.2,52.4,50.7,E
14724,2.5,65.4,yes,yes,44.0,49.3,34.2,47.6,E
14725,1.1,99.7,yes,no,52.5,37.0,50.9,46.2,E
14726,7.2,54.1,no,no,81.2,43.1,57.5,70.9,C
14727,4.3,97.5,yes,no,83.8,79.9,72.8,78.6,C
14728,7.8,81.9,yes,yes,93.2,97.3,83.9,93.0,B
14729,7.1,53.0,yes,yes,81.2,82.7,62.6,73.4,C
14730,4.2,59.0,yes,yes,64.4,49.8,50.3,62.6,D
14731,3.4,89.1,yes,no,52.1,42.0,69.4,56.2,D
14732,2.4,59.8,no,no,52.1,30.9,50.6,51.8,E
14733,7.9,52.3,yes,yes,76.7,82.6,66.2,79.0,C
14734,5.0,77.4,yes,yes,72.9,62.9,77.2,70.4,C
14735,6.8,99.9,yes,no,81.3,84.0,83.0,90.5,B
14736,7.9,69.0,yes,yes,100.0,99.2,100.0,93.3,B
14737,2.2,72.1,no,no,54.3,69.0,49.6,54.7,E
14738,7.4,88.7,yes,yes,81.3,85.5,86.6,90.7,B
14739,6.5,79.9,yes,yes,73.0,87.8,65.3,79.2,C
14740,3.9,63.5,no,no,49.3,62.5,71.5,57.5,D
14741,7.6,77.4,yes,no,76.3,100.0,77.0,86.3,B
14742,4.9,73.0,yes,yes,74.9,62.6,53.7,58.9,D
14743,3.5,50.8,yes,no,66.6,47.3,43.4,54.1,E
14744,1.7,55.4,yes,no,30.0,34.1,29.2,40.5,E
14745,6.0,80.2,no,yes,75.6,99.7,89.2,84.7,C
14746,6.3,57.4,yes,no,67.0,95.6,96.1,76.1,C
14747,2.1,88.5,yes,yes,64.9,50.9,67.0,59.9,D
14748,3.3,74.6,yes,no,59.9,39.7,40.2,57.9,D
14749,0.9,54.3,no,no,35.1,35.2,40.4,31.1,F
14750,4.7,97.6,no,yes,73.2,70.5,81.8,82.7,C
14751,5.0,91.9,yes,yes,72.5,71.4,75.0,84.1,C
14752,6.9,81.9,yes,yes,89.4,86.4,97.9,94.7,B
14753,0.7,87.3,yes,yes,51.6,38.2,36.7,44.0,E
14754,1.4,83.3,yes,no,60.3,20.7,53.2,37.1,F
14755,0.7,50.6,yes,no,11.7,31.7,29.6,24.0,F
14756,7.6,81.0,yes,no,100.0,89.8,81.1,92.2,B
14757,4.3,62.2,yes,no,68.8,66.9,63.3,62.4,D
14758,2.3,97.4,no,yes,52.7,54.8,36.0,61.5,D
14759,0.6,70.5,yes,yes,39.1,35.6,28.7,34.3,F
14760,1.2,85.2,yes,yes,37.0,33.8,46.6,35.0,F
14761,5.9,57.4,no,no,65.6,68.2,77.9,63.1,D
14762,4.1,73.7,yes,no,60.7,41.8,47.9,53.2,E
14763,6.0,55.2,yes,yes,96.5,87.1,79.0,78.3,C
14764,2.5,70.3,yes,yes,47.7,40.1,42.5,40.6,E
14765,3.8,78.0,no,no,61.5,52.7,70.2,60.0,D
14766,5.2,81.6,yes,no,61.3,68.7,57.5,66.8,D
14767,2.1,69.8,yes,no,42.5,54.4,55.1,43.2,E
14768,2.7,57.9,yes,no,38.1,42.6,38.3,35.2,F
14769,1.6,83.0,yes,yes,44.0,55.8,49.6,46.8,E
14770,5.8,50.6,yes,no,77.2,69.6,72.3,69.0,D
14771,4.9,90.4,yes,no,97.8,71.4,80.4,80.1,C
14772,3.8,83.8,yes,no,39.2,52.2,65.3,54.0,E
14773,4.8,88.7,no,yes,77.1,83.1,73.9,82.7,C
14774,1.8,98.7,yes,no,67.7,60.9,40.1,50.4,E
14775,6.6,66.4,yes,yes,70.7,61.4,65.1,69.5,D
14776,6.2,76.6,yes,yes,95.7,94.8,100.0,83.8,C
14777,1.9,81.6,yes,yes,44.0,63.8,68.5,54.0,E
14778,7.1,79.3,yes,yes,92.3,100.0,81.4,87.8,B
14779,3.5,81.7,yes,yes,64.1,74.4,64.4,66.6,D
14780,4.0,97.1,yes,yes,61.1,61.1,55.7,61.4,D
14781,4.5,74.2,yes,yes,56.4,53.9,62.7,59.5,D
14782,6.4,93.1,yes,yes,100.0,100.0,84.0,87.6,B
14783,1.7,81.6,yes,yes,40.7,50.7,40.1,45.5,E
14784,2.5,89.1,yes,yes,70.9,44.3,57.0,59.5,D
14785,7.5,66.4,yes,no,86.6,98.2,88.0,85.9,B
14786,7.5,66.5,yes,yes,100.0,96.5,100.0,96.1,A
14787,6.6,96.8,yes,yes,94.7,91.8,84.1,88.3,B
14788,1.8,91.6,yes,yes,29.0,61.0,44.1,42.1,E
14789,5.0,75.3,yes,yes,77.0,73.9,85.3,75.6,C
14790,3.8,73.0,yes,yes,58.2,40.4,51.6,59.8,D
14791,1.1,62.6,yes,no,37.3,33.3,32.8,31.0,F
14792,1.1,60.4,yes,no,39.8,32.7,45.0,37.9,F
14793,6.9,61.3,yes,no,55.4,67.7,76.8,70.5,C
14794,1.2,97.1,yes,no,51.2,47.2,69.5,54.5,E
14795,2.5,63.3,no,yes,32.5,20.6,42.2,36.9,F
14796,1.6,72.3,yes,yes,36.9,43.6,37.5,36.9,F
14797,4.8,84.1,yes,no,76.3,88.1,77.2,73.0,C
14798,6.2,82.3,yes,no,81.2,78.7,71.9,73.9,C
14799,2.5,88.5,no,no,62.2,48.3,68.2,56.5,D
14800,6.4,69.0,yes,no,46.0,69.5,69.3,70.1,C
14801,1.8,66.6,yes,yes,38.3,58.7,31.2,32.8,F
14802,3.2,75.1,yes,no,59.7,52.8,38.5,45.9,E
14803,2.3,81.7,yes,yes,47.0,45.9,40.8,45.2,E
14804,3.9,99.7,yes,yes,68.8,62.7,80.4,74.8,C
14805,7.9,79.4,yes,yes,79.7,89.5,75.4,88.3,B
14806,6.0,88.4,yes,no,83.9,70.9,71.0,74.9,C
14807,2.0,96.2,yes,yes,67.6,71.7,60.2,64.1,D
14808,7.7,50.2,yes,yes,85.4,90.3,97.2,91.0,B
14809,5.6,62.7,yes,yes,66.3,77.5,73.3,64.6,D
14810,3.9,50.2,no,no,39.6,57.5,58.3,43.5,E
14811,7.4,95.2,yes,yes,95.7,82.8,93.0,100.0,A
14812,6.2,69.4,yes,yes,80.4,84.5,87.9,80.0,C
14813,6.0,79.0,no,no,71.9,85.0,72.6,70.0,D
14814,2.0,74.2,yes,no,43.8,61.8,50.5,51.2,E
14815,1.5,87.7,yes,yes,49.5,30.4,60.3,53.0,E
14816,7.0,68.4,yes,no,90.6,92.3,60.1,73.4,C
14817,5.6,50.6,yes,no,52.8,47.5,56.7,62.0,D
14818,6.6,67.9,yes,no,79.4,59.3,66.4,77.3,C
14819,6.2,73.5,yes,yes,76.5,53.5,83.5,70.5,C
14820,7.3,70.3,no,yes,80.5,92.0,95.1,86.3,B
14821,3.3,63.7,yes,no,39.6,35.3,34.2,44.9,E
14822,3.1,54.8,yes,yes,29.9,29.2,23.6,37.0,F
14823,2.3,51.4,no,no,19.7,23.9,35.6,29.6,F
14824,1.3,95.6,yes,yes,66.0,63.5,43.0,51.6,E
14825,4.1,53.3,yes,no,56.3,67.7,67.3,60.7,D
14826,4.2,69.9,yes,yes,54.0,40.8,71.9,54.0,E
14827,1.4,53.9,yes,no,17.3,18.6,17.7,26.3,F
14828,5.0,55.6,yes,yes,67.4,47.7,69.6,63.6,D
14829,3.2,82.4,yes,yes,50.5,49.0,53.9,56.2,D
14830,3.9,96.2,yes,yes,74.0,70.8,82.5,66.6,D
14831,4.3,67.4,no,yes,51.4,57.4,45.0,60.5,D
14832,2.8,87.3,yes,yes,74.1,46.3,44.7,57.9,D
14833,5.6,89.0,yes,no,80.5,95.2,88.1,86.4,B
14834,4.3,82.0,no,yes,76.5,73.6,87.5,73.3,C
14835,3.8,93.4,yes,no,73.7,60.7,67.6,70.3,C
14836,3.6,59.3,yes,yes,54.7,61.0,38.2,45.9,E
14837,0.7,53.8,no,yes,5.8,23.6,3.2,20.3,F
14838,6.3,72.8,yes,no,72.2,80.9,85.9,81.5,C
14839,7.7,76.7,no,yes,89.3,97.2,79.3,93.0,B
14840,1.5,68.6,yes,no,46.0,20.1,56.3,34.8,F
14841,2.7,96.1,yes,no,60.9,47.8,64.1,62.8,D
14842,6.9,56.2,yes,yes,94.1,69.6,77.8,77.2,C
14843,5.8,96.6,no,no,100.0,90.0,78.4,81.4,C
14844,2.8,71.1,yes,yes,55.3,49.3,47.1,55.7,D
14845,5.4,91.7,yes,no,100.0,79.6,81.4,83.5,C
14846,7.4,68.9,yes,no,84.0,100.0,92.4,87.6,B
14847,2.1,75.4,yes,no,58.4,39.7,65.5,56.0,D
14848,5.6,84.4,yes,no,85.3,90.6,81.6,81.7,C
14849,6.6,73.7,yes,yes,100.0,80.1,90.2,91.8,B
14850,1.2,93.7,yes,no,58.4,56.9,48.7,47.5,E
14851,7.5,76.9,yes,yes,91.2,84.1,84.1,91.7,B
14852,7.7,50.9,no,yes,73.6,77.9,96.4,79.4,C
14853,6.0,89.9,yes,no,79.1,66.1,69.2,75.2,C
14854,4.4,74.7,no,no,80.8,60.4,67.2,74.4,C
14855,5.0,83.7,yes,no,87.6,63.9,80.8,75.0,C
14856,5.4,66.2,no,yes,82.5,64.4,62.0,66.1,D
14857,1.7,84.9,yes,no,36.3,33.5,54.3,38.9,F
14858,2.7,86.1,yes,yes,43.5,36.8,53.4,48.8,E
14859,1.3,99.9,no,yes,64.6,63.7,50.3,59.8,D
14860,3.3,68.2,yes,yes,38.3,31.7,61.0,51.1,E
14861,6.1,61.0,yes,yes,95.3,81.0,79.3,79.7,C
14862,7.1,74.1,yes,no,72.5,75.3,95.0,80.6,C
14863,3.3,84.6,yes,no,53.3,57.3,44.8,52.1,E
14864,5.1,74.1,yes,yes,63.5,90.8,79.9,76.9,C
14865,5.0,93.1,yes,yes,73.9,74.8,89.2,80.9,C
14866,4.0,98.2,yes,no,86.4,76.4,70.1,80.0,C
14867,5.7,99.0,no,yes,81.4,96.3,100.0,91.0,B
14868,1.6,56.3,yes,no,31.8,36.1,36.2,35.7,F
14869,1.1,62.2,yes,no,54.0,44.5,40.3,37.0,F
14870,3.1,64.7,yes,no,61.9,48.9,33.9,57.1,D
14871,7.8,96.4,yes,no,96.3,100.0,89.1,100.0,A
14872,7.6,89.1,yes,no,79.7,94.8,84.0,93.4,B
14873,5.2,56.1,yes,no,83.0,73.8,83.4,70.6,C
14874,4.8,71.9,no,yes,80.0,58.3,44.3,63.0,D
14875,5.2,96.5,yes,yes,59.7,78.3,73.4,81.9,C
14876,3.7,60.3,yes,no,42.2,46.1,57.1,56.1,D
14877,2.7,77.7,no,yes,51.3,48.0,47.7,42.7,E
14878,0.5,84.5,no,no,34.2,41.3,49.3,41.0,E
14879,0.6,53.2,yes,no,35.7,26.4,30.2,26.1,F
14880,7.8,71.6,no,no,82.7,78.8,83.2,88.2,B
14881,6.1,95.9,no,yes,100.0,96.4,81.3,91.6,B
14882,5.7,50.6,yes,yes,55.5,57.3,85.0,69.2,D
14883,6.8,81.7,yes,yes,87.2,96.0,97.6,89.9,B
14884,5.1,93.7,yes,no,74.3,60.8,76.2,77.0,C
14885,5.5,71.5,yes,no,72.8,84.8,59.3,65.9,D
14886,6.4,62.9,yes,yes,80.4,100.0,79.5,80.3,C
14887,1.4,86.3,yes,yes,52.3,63.8,52.2,55.0,E
14888,1.9,68.3,yes,no,44.3,47.4,44.4,48.0,E
14889,4.7,66.7,yes,yes,40.6,52.0,52.4,60.0,D
14890,1.2,63.0,yes,yes,27.9,23.2,42.0,32.3,F
14891,5.4,98.0,yes,no,75.1,80.6,77.6,83.1,C
14892,6.7,87.3,yes,yes,100.0,100.0,92.9,96.9,A
14893,6.8,56.9,yes,no,77.7,83.7,93.7,84.2,C
14894,2.9,64.9,yes,yes,51.3,75.5,47.4,44.2,E
14895,2.0,94.8,yes,no,44.7,45.4,64.6,49.5,E
14896,7.7,91.5,no,no,98.3,96.5,82.3,100.0,A
14897,7.3,67.6,yes,no,89.3,87.9,88.8,89.4,B
14898,2.9,85.5,yes,no,57.0,66.3,63.8,63.5,D
14899,7.2,55.0,yes,no,71.6,63.4,75.6,70.6,C
14900,7.1,57.4,yes,yes,68.2,92.0,81.8,83.4,C
14901,3.0,95.0,no,no,74.4,53.2,72.4,69.9,D
14902,3.2,77.2,yes,no,58.9,71.1,65.8,57.3,D
14903,7.5,56.8,yes,no,92.8,89.7,80.7,87.9,B
14904,6.1,74.5,yes,no,82.5,66.3,79.3,70.8,C
14905,5.1,73.2,yes,no,95.9,89.2,69.9,76.5,C
14906,7.6,99.8,yes,yes,88.9,96.1,93.2,91.8,B
14907,7.0,50.7,yes,yes,69.2,68.3,60.1,76.7,C
14908,1.1,87.0,yes,yes,33.4,31.6,24.1,37.6,F
14909,4.2,87.8,yes,no,93.6,72.9,71.8,78.7,C
14910,7.2,88.8,yes,no,85.9,100.0,81.9,95.8,A
14911,1.3,88.9,yes,yes,81.5,61.4,53.4,55.9,D
14912,1.0,85.5,yes,yes,48.5,43.3,58.3,47.2,E
14913,6.9,71.2,yes,no,87.0,84.8,81.6,83.4,C
14914,6.3,52.5,yes,no,95.2,100.0,81.6,79.6,C
14915,1.8,98.4,yes,yes,45.5,38.4,68.9,49.0,E
14916,1.9,62.1,yes,yes,53.5,47.0,51.9,49.6,E
14917,6.7,65.3,yes,no,85.1,78.6,73.2,72.7,C
14918,2.1,57.6,yes,yes,30.4,53.4,30.4,40.0,E
14919,1.6,66.6,yes,yes,30.6,46.0,49.8,46.9,E
14920,7.3,66.4,yes,yes,89.5,69.3,95.9,87.3,B
14921,6.5,68.0,no,no,73.7,100.0,78.8,85.4,B
14922,3.5,70.2,yes,no,62.1,69.7,60.3,57.8,D
14923,5.2,83.4,yes,no,72.9,72.4,62.2,74.7,C
14924,3.7,98.5,yes,yes,85.1,79.6,78.6,75.0,C
14925,2.6,76.1,no,no,57.9,65.9,45.4,48.7,E
14926,7.9,99.7,yes,yes,84.1,100.0,100.0,100.0,A
14927,4.6,52.8,yes,no,45.1,53.0,29.8,49.1,E
14928,5.3,68.8,yes,no,53.7,68.3,65.1,65.5,D
14929,3.6,51.5,yes,no,62.3,50.4,66.3,58.3,D
14930,4.3,79.9,yes,no,53.3,61.6,70.0,65.1,D
14931,2.7,99.0,yes,no,74.6,75.4,62.0,64.1,D
14932,3.7,60.6,yes,no,30.4,40.6,21.3,46.5,E
14933,5.2,85.9,yes,yes,65.5,76.4,79.9,66.5,D
14934,6.6,88.2,yes,yes,78.2,84.5,75.6,86.0,B
14935,6.5,55.2,yes,yes,63.4,64.4,77.8,67.8,D
14936,0.6,71.6,yes,no,26.7,50.0,23.8,31.9,F
14937,4.5,57.0,yes,yes,56.5,56.8,46.0,56.4,D
14938,3.3,67.6,yes,yes,44.3,41.5,53.5,55.3,D
14939,5.1,90.3,yes,no,77.1,83.1,66.2,81.8,C
14940,7.1,64.5,yes,yes,97.6,60.9,67.8,80.3,C
14941,6.3,96.7,no,no,92.0,100.0,100.0,91.4,B
14942,3.0,88.8,yes,no,67.3,34.9,59.9,51.2,E
14943,6.0,63.2,yes,yes,67.2,60.7,58.6,68.0,D
14944,1.3,71.3,yes,yes,40.1,63.4,39.4,45.3,E
14945,1.5,80.9,yes,no,38.8,48.1,30.2,50.4,E
14946,2.2,80.3,yes,yes,50.0,52.8,40.8,45.1,E
14947,3.5,78.2,yes,yes,83.8,65.1,62.5,68.4,D
14948,4.3,68.8,yes,yes,81.3,75.3,85.2,70.4,C
14949,3.5,97.2,yes,yes,79.6,64.3,74.0,73.0,C
14950,5.2,54.4,yes,yes,72.3,56.9,60.1,59.1,D
14951,1.4,81.7,yes,no,47.4,26.1,44.0,39.8,F
14952,4.4,51.8,yes,no,66.5,59.1,51.6,56.9,D
14953,2.5,77.8,yes,no,54.4,54.2,52.4,46.1,E
14954,3.2,59.2,yes,no,60.5,52.3,56.3,51.4,E
14955,4.3,54.2,no,yes,44.3,57.4,57.0,54.7,E
14956,1.5,52.6,no,yes,25.2,19.9,35.1,30.7,F
14957,3.4,97.8,yes,no,89.2,81.2,91.3,70.8,C
14958,6.2,56.4,yes,yes,67.2,82.1,49.5,73.2,C
14959,2.6,68.0,yes,yes,31.4,48.5,30.0,41.9,E
14960,6.2,73.5,yes,yes,80.1,62.2,69.9,74.6,C
14961,2.2,51.2,yes,yes,39.5,51.3,49.8,41.2,E
14962,6.2,96.2,yes,no,94.0,83.4,78.9,78.5,C
14963,2.0,50.8,yes,yes,32.0,42.5,52.8,45.8,E
14964,7.6,95.6,no,no,86.3,98.7,96.7,98.1,A
14965,1.7,51.6,yes,yes,61.2,35.3,34.4,41.6,E
14966,8.0,70.5,yes,yes,90.1,99.4,100.0,99.0,A
14967,2.2,89.1,yes,no,51.3,61.8,53.6,57.1,D
14968,5.8,51.2,no,yes,71.0,75.5,84.6,73.9,C
14969,2.8,90.5,yes,yes,29.8,73.0,40.1,52.3,E
14970,1.1,73.5,yes,no,48.1,41.0,56.8,43.0,E
14971,0.7,73.6,no,yes,20.0,32.8,41.8,33.5,F
14972,1.6,59.3,yes,yes,47.8,28.8,39.5,41.8,E
14973,3.6,61.7,yes,no,45.7,62.1,48.2,61.0,D
14974,4.9,89.9,yes,no,78.9,67.9,65.9,71.7,C
14975,4.1,50.5,yes,yes,48.2,42.1,48.1,50.3,E
14976,5.2,65.9,yes,no,68.6,79.1,81.0,70.3,C
14977,1.2,66.0,yes,no,38.1,41.2,30.0,32.0,F
14978,5.6,63.5,yes,no,82.7,75.9,81.8,73.7,C
14979,6.4,65.5,yes,yes,74.0,70.5,66.7,73.1,C
14980,2.2,56.1,yes,no,39.5,45.5,37.6,39.6,F
14981,6.4,58.3,yes,yes,79.2,97.5,83.0,84.2,C
14982,2.4,77.9,yes,yes,55.8,63.1,77.7,51.8,E
14983,3.8,78.1,yes,yes,76.5,62.0,74.2,62.5,D
14984,6.5,96.5,yes,yes,96.9,99.5,97.5,91.6,B
14985,5.7,76.6,yes,no,67.0,84.8,83.0,78.3,C
14986,4.3,71.9,yes,no,64.2,81.3,77.4,64.1,D
14987,3.3,54.8,yes,no,37.8,63.0,28.7,44.3,E
14988,4.7,86.8,yes,no,57.2,65.3,44.3,68.2,D
14989,4.4,72.3,yes,no,69.2,79.9,75.2,72.0,C
14990,7.8,88.0,no,yes,96.6,82.6,88.9,92.6,B
14992,1.4,80.8,yes,yes,40.6,38.6,42.8,35.7,F
14993,3.6,86.2,no,no,61.9,69.0,47.1,68.9,D
14994,4.9,68.1,yes,no,59.1,75.7,78.4,68.2,D
14995,5.8,74.0,yes,no,55.7,69.2,83.5,68.6,D
14996,1.8,53.2,yes,no,37.1,37.1,26.8,38.4,F
14997,6.7,63.5,no,yes,84.4,67.2,96.2,78.8,C
14998,5.2,58.2,yes,no,69.0,57.2,74.1,64.3,D
14999,1.0,68.7,yes,yes,24.2,41.4,30.5,33.6,F
15000,0.9,54.5,yes,yes,54.0,31.1,35.7,37.7,F
15001,6.0,89.0,yes,no,90.0,89.0,90.0,89.7,A
